split,image_id,image_path,bbox_x_center_norm,bbox_y_center_norm,bbox_width_norm,bbox_height_norm,bbox_width_px,bbox_height_px,bbox_area_ratio,bbox_aspect_ratio,defect_size
train,ksdd2_10021,E:\Data (Drive)\IUH\DL\GK\surface-defect-detection\data\images\train\ksdd2_10021.png,0.14693,0.076271,0.29386,0.152542,67.00008,98.99975800000001,0.044825992120000005,1.926420264582869,medium
train,ksdd2_10021_aug1,E:\Data (Drive)\IUH\DL\GK\surface-defect-detection\data\images\train\ksdd2_10021_aug1.png,0.85307,0.076271,0.29386,0.152542,67.00008,98.99975800000001,0.044825992120000005,1.926420264582869,medium
train,ksdd2_10021_aug2,E:\Data (Drive)\IUH\DL\GK\surface-defect-detection\data\images\train\ksdd2_10021_aug2.png,0.14693,0.923729,0.29386,0.152542,67.00008,98.99975800000001,0.044825992120000005,1.926420264582869,medium
train,ksdd2_10028,E:\Data (Drive)\IUH\DL\GK\surface-defect-detection\data\images\train\ksdd2_10028.png,0.323144,0.479005,0.358079,0.055988,82.000091,36.000284,0.020048127052,6.39563835107523,medium
train,ksdd2_10028_aug1,E:\Data (Drive)\IUH\DL\GK\surface-defect-detection\data\images\train\ksdd2_10028_aug1.png,0.676856,0.479005,0.358079,0.055988,82.000091,36.000284,0.020048127052,6.39563835107523,medium
train,ksdd2_10028_aug2,E:\Data (Drive)\IUH\DL\GK\surface-defect-detection\data\images\train\ksdd2_10028_aug2.png,0.323144,0.520995,0.358079,0.055988,82.000091,36.000284,0.020048127052,6.39563835107523,medium
train,ksdd2_10045,E:\Data (Drive)\IUH\DL\GK\surface-defect-detection\data\images\train\ksdd2_10045.png,0.879147,0.842476,0.033175,0.007837,6.999925000000001,5.000006,0.000259992475,4.233124920250096,small
train,ksdd2_10045_aug1,E:\Data (Drive)\IUH\DL\GK\surface-defect-detection\data\images\train\ksdd2_10045_aug1.png,0.120853,0.842476,0.033175,0.007837,6.999925000000001,5.000006,0.000259992475,4.233124920250096,small
train,ksdd2_10045_aug2,E:\Data (Drive)\IUH\DL\GK\surface-defect-detection\data\images\train\ksdd2_10045_aug2.png,0.879147,0.157524,0.033175,0.007837,6.999925000000001,5.000006,0.000259992475,4.233124920250096,small
train,ksdd2_10057,E:\Data (Drive)\IUH\DL\GK\surface-defect-detection\data\images\train\ksdd2_10057.png,0.33913,0.602344,0.182609,0.095312,42.00007,60.99968,0.017404829007999997,1.9159077555816686,medium
train,ksdd2_10057_aug1,E:\Data (Drive)\IUH\DL\GK\surface-defect-detection\data\images\train\ksdd2_10057_aug1.png,0.66087,0.602344,0.182609,0.095312,42.00007,60.99968,0.017404829007999997,1.9159077555816686,medium
train,ksdd2_10057_aug2,E:\Data (Drive)\IUH\DL\GK\surface-defect-detection\data\images\train\ksdd2_10057_aug2.png,0.33913,0.397656,0.182609,0.095312,42.00007,60.99968,0.017404829007999997,1.9159077555816686,medium
train,ksdd2_10060,E:\Data (Drive)\IUH\DL\GK\surface-defect-detection\data\images\train\ksdd2_10060.png,0.348684,0.038462,0.232456,0.076923,52.999967999999996,48.999951,0.017881212888,3.021931021931022,medium
train,ksdd2_10060_aug1,E:\Data (Drive)\IUH\DL\GK\surface-defect-detection\data\images\train\ksdd2_10060_aug1.png,0.651316,0.038462,0.232456,0.076923,52.999967999999996,48.999951,0.017881212888,3.021931021931022,medium
train,ksdd2_10060_aug2,E:\Data (Drive)\IUH\DL\GK\surface-defect-detection\data\images\train\ksdd2_10060_aug2.png,0.348684,0.961538,0.232456,0.076923,52.999967999999996,48.999951,0.017881212888,3.021931021931022,medium
train,ksdd2_10065,E:\Data (Drive)\IUH\DL\GK\surface-defect-detection\data\images\train\ksdd2_10065.png,0.462882,0.368175,0.296943,0.102964,67.999947,65.999924,0.030574439052,2.8839497300027195,medium
train,ksdd2_10065_aug1,E:\Data (Drive)\IUH\DL\GK\surface-defect-detection\data\images\train\ksdd2_10065_aug1.png,0.537118,0.368175,0.296943,0.102964,67.999947,65.999924,0.030574439052,2.8839497300027195,medium
train,ksdd2_10065_aug2,E:\Data (Drive)\IUH\DL\GK\surface-defect-detection\data\images\train\ksdd2_10065_aug2.png,0.462882,0.631825,0.296943,0.102964,67.999947,65.999924,0.030574439052,2.8839497300027195,medium
train,ksdd2_10084,E:\Data (Drive)\IUH\DL\GK\surface-defect-detection\data\images\train\ksdd2_10084.png,0.909091,0.23021,0.103896,0.117932,23.999976,72.99990799999999,0.012252663072,0.8809822609639454,medium
train,ksdd2_10084_aug1,E:\Data (Drive)\IUH\DL\GK\surface-defect-detection\data\images\train\ksdd2_10084_aug1.png,0.090909,0.23021,0.103896,0.117932,23.999976,72.99990799999999,0.012252663072,0.8809822609639454,medium
train,ksdd2_10084_aug2,E:\Data (Drive)\IUH\DL\GK\surface-defect-detection\data\images\train\ksdd2_10084_aug2.png,0.909091,0.76979,0.103896,0.117932,23.999976,72.99990799999999,0.012252663072,0.8809822609639454,medium
train,ksdd2_10090,E:\Data (Drive)\IUH\DL\GK\surface-defect-detection\data\images\train\ksdd2_10090.png,0.095652,0.914443,0.191304,0.036107,43.99992,23.000159,0.006907413528,5.298252416428947,small
train,ksdd2_10090_aug1,E:\Data (Drive)\IUH\DL\GK\surface-defect-detection\data\images\train\ksdd2_10090_aug1.png,0.904348,0.914443,0.191304,0.036107,43.99992,23.000159,0.006907413528,5.298252416428947,small
train,ksdd2_10090_aug2,E:\Data (Drive)\IUH\DL\GK\surface-defect-detection\data\images\train\ksdd2_10090_aug2.png,0.095652,0.085557,0.191304,0.036107,43.99992,23.000159,0.006907413528,5.298252416428947,small
train,ksdd2_10135,E:\Data (Drive)\IUH\DL\GK\surface-defect-detection\data\images\train\ksdd2_10135.png,0.184783,0.166409,0.3,0.159443,69.0,103.000178,0.0478329,1.8815501464473197,medium
train,ksdd2_10135_aug1,E:\Data (Drive)\IUH\DL\GK\surface-defect-detection\data\images\train\ksdd2_10135_aug1.png,0.815217,0.166409,0.3,0.159443,69.0,103.000178,0.0478329,1.8815501464473197,medium
train,ksdd2_10135_aug2,E:\Data (Drive)\IUH\DL\GK\surface-defect-detection\data\images\train\ksdd2_10135_aug2.png,0.184783,0.833591,0.3,0.159443,69.0,103.000178,0.0478329,1.8815501464473197,medium
train,ksdd2_10145,E:\Data (Drive)\IUH\DL\GK\surface-defect-detection\data\images\train\ksdd2_10145.png,0.271739,0.872642,0.152174,0.072327,35.00002,45.999972,0.011006288898,2.1039722372004923,medium
train,ksdd2_10145_aug1,E:\Data (Drive)\IUH\DL\GK\surface-defect-detection\data\images\train\ksdd2_10145_aug1.png,0.728261,0.872642,0.152174,0.072327,35.00002,45.999972,0.011006288898,2.1039722372004923,medium
train,ksdd2_10145_aug2,E:\Data (Drive)\IUH\DL\GK\surface-defect-detection\data\images\train\ksdd2_10145_aug2.png,0.271739,0.127358,0.152174,0.072327,35.00002,45.999972,0.011006288898,2.1039722372004923,medium
train,ksdd2_10157,E:\Data (Drive)\IUH\DL\GK\surface-defect-detection\data\images\train\ksdd2_10157.png,0.134199,0.115562,0.268398,0.231125,61.99993800000001,150.000125,0.062033487750000005,1.1612677122769066,large
train,ksdd2_10157_aug1,E:\Data (Drive)\IUH\DL\GK\surface-defect-detection\data\images\train\ksdd2_10157_aug1.png,0.865801,0.115562,0.268398,0.231125,61.99993800000001,150.000125,0.062033487750000005,1.1612677122769066,large
train,ksdd2_10157_aug2,E:\Data (Drive)\IUH\DL\GK\surface-defect-detection\data\images\train\ksdd2_10157_aug2.png,0.134199,0.884438,0.268398,0.231125,61.99993800000001,150.000125,0.062033487750000005,1.1612677122769066,large
train,ksdd2_10206,E:\Data (Drive)\IUH\DL\GK\surface-defect-detection\data\images\train\ksdd2_10206.png,0.220779,0.203588,0.320346,0.407176,73.999926,260.999816,0.130437202896,0.786750692575201,large
train,ksdd2_10206_aug1,E:\Data (Drive)\IUH\DL\GK\surface-defect-detection\data\images\train\ksdd2_10206_aug1.png,0.779221,0.203588,0.320346,0.407176,73.999926,260.999816,0.130437202896,0.786750692575201,large
train,ksdd2_10206_aug2,E:\Data (Drive)\IUH\DL\GK\surface-defect-detection\data\images\train\ksdd2_10206_aug2.png,0.220779,0.796412,0.320346,0.407176,73.999926,260.999816,0.130437202896,0.786750692575201,large
train,ksdd2_10235,E:\Data (Drive)\IUH\DL\GK\surface-defect-detection\data\images\train\ksdd2_10235.png,0.672489,0.699052,0.655022,0.374408,150.000038,237.00026400000002,0.24524547697600002,1.7494871904446485,large
train,ksdd2_10235_aug1,E:\Data (Drive)\IUH\DL\GK\surface-defect-detection\data\images\train\ksdd2_10235_aug1.png,0.327511,0.699052,0.655022,0.374408,150.000038,237.00026400000002,0.24524547697600002,1.7494871904446485,large
train,ksdd2_10235_aug2,E:\Data (Drive)\IUH\DL\GK\surface-defect-detection\data\images\train\ksdd2_10235_aug2.png,0.672489,0.300948,0.655022,0.374408,150.000038,237.00026400000002,0.24524547697600002,1.7494871904446485,large
train,ksdd2_10244,E:\Data (Drive)\IUH\DL\GK\surface-defect-detection\data\images\train\ksdd2_10244.png,0.634199,0.952492,0.177489,0.095016,40.999959000000004,61.000272,0.016864294824000002,1.8679906542056075,medium
train,ksdd2_10244_aug1,E:\Data (Drive)\IUH\DL\GK\surface-defect-detection\data\images\train\ksdd2_10244_aug1.png,0.365801,0.952492,0.177489,0.095016,40.999959000000004,61.000272,0.016864294824000002,1.8679906542056075,medium
train,ksdd2_10244_aug2,E:\Data (Drive)\IUH\DL\GK\surface-defect-detection\data\images\train\ksdd2_10244_aug2.png,0.634199,0.047508,0.177489,0.095016,40.999959000000004,61.000272,0.016864294824000002,1.8679906542056075,medium
train,ksdd2_10247,E:\Data (Drive)\IUH\DL\GK\surface-defect-detection\data\images\train\ksdd2_10247.png,0.690789,0.817896,0.004386,0.00314,1.000008,2.00018,1.377204e-05,1.3968152866242038,small
train,ksdd2_10247,E:\Data (Drive)\IUH\DL\GK\surface-defect-detection\data\images\train\ksdd2_10247.png,0.703947,0.896389,0.442982,0.169545,100.99989599999999,108.000165,0.07510538319,2.612769471231826,large
train,ksdd2_10247_aug1,E:\Data (Drive)\IUH\DL\GK\surface-defect-detection\data\images\train\ksdd2_10247_aug1.png,0.309211,0.817896,0.004386,0.00314,1.000008,2.00018,1.377204e-05,1.3968152866242038,small
train,ksdd2_10247_aug1,E:\Data (Drive)\IUH\DL\GK\surface-defect-detection\data\images\train\ksdd2_10247_aug1.png,0.296053,0.896389,0.442982,0.169545,100.99989599999999,108.000165,0.07510538319,2.612769471231826,large
train,ksdd2_10247_aug2,E:\Data (Drive)\IUH\DL\GK\surface-defect-detection\data\images\train\ksdd2_10247_aug2.png,0.690789,0.182104,0.004386,0.00314,1.000008,2.00018,1.377204e-05,1.3968152866242038,small
train,ksdd2_10247_aug2,E:\Data (Drive)\IUH\DL\GK\surface-defect-detection\data\images\train\ksdd2_10247_aug2.png,0.703947,0.103611,0.442982,0.169545,100.99989599999999,108.000165,0.07510538319,2.612769471231826,large
train,ksdd2_10254,E:\Data (Drive)\IUH\DL\GK\surface-defect-detection\data\images\train\ksdd2_10254.png,0.201754,0.567504,0.192982,0.098901,43.999896,62.999937,0.019086112782,1.95126439570884,medium
train,ksdd2_10254_aug1,E:\Data (Drive)\IUH\DL\GK\surface-defect-detection\data\images\train\ksdd2_10254_aug1.png,0.798246,0.567504,0.192982,0.098901,43.999896,62.999937,0.019086112782,1.95126439570884,medium
train,ksdd2_10254_aug2,E:\Data (Drive)\IUH\DL\GK\surface-defect-detection\data\images\train\ksdd2_10254_aug2.png,0.201754,0.432496,0.192982,0.098901,43.999896,62.999937,0.019086112782,1.95126439570884,medium
train,ksdd2_10258,E:\Data (Drive)\IUH\DL\GK\surface-defect-detection\data\images\train\ksdd2_10258.png,0.471739,0.524219,0.76087,0.139063,175.0001,89.00031999999999,0.10580886481,5.47140504663354,large
train,ksdd2_10258_aug1,E:\Data (Drive)\IUH\DL\GK\surface-defect-detection\data\images\train\ksdd2_10258_aug1.png,0.528261,0.524219,0.76087,0.139063,175.0001,89.00031999999999,0.10580886481,5.47140504663354,large
train,ksdd2_10258_aug2,E:\Data (Drive)\IUH\DL\GK\surface-defect-detection\data\images\train\ksdd2_10258_aug2.png,0.471739,0.475781,0.76087,0.139063,175.0001,89.00031999999999,0.10580886481,5.47140504663354,large
train,ksdd2_10281,E:\Data (Drive)\IUH\DL\GK\surface-defect-detection\data\images\train\ksdd2_10281.png,0.4329,0.381068,0.34632,0.121359,79.99992,74.999862,0.04202904888,2.8536820507749736,medium
train,ksdd2_10281_aug1,E:\Data (Drive)\IUH\DL\GK\surface-defect-detection\data\images\train\ksdd2_10281_aug1.png,0.5671,0.381068,0.34632,0.121359,79.99992,74.999862,0.04202904888,2.8536820507749736,medium
train,ksdd2_10281_aug2,E:\Data (Drive)\IUH\DL\GK\surface-defect-detection\data\images\train\ksdd2_10281_aug2.png,0.4329,0.618932,0.34632,0.121359,79.99992,74.999862,0.04202904888,2.8536820507749736,medium
train,ksdd2_10301,E:\Data (Drive)\IUH\DL\GK\surface-defect-detection\data\images\train\ksdd2_10301.png,0.693133,0.951938,0.51073,0.096124,119.00009,61.99998,0.049093410520000005,5.313241230077816,medium
train,ksdd2_10301_aug1,E:\Data (Drive)\IUH\DL\GK\surface-defect-detection\data\images\train\ksdd2_10301_aug1.png,0.306867,0.951938,0.51073,0.096124,119.00009,61.99998,0.049093410520000005,5.313241230077816,medium
train,ksdd2_10301_aug2,E:\Data (Drive)\IUH\DL\GK\surface-defect-detection\data\images\train\ksdd2_10301_aug2.png,0.693133,0.048062,0.51073,0.096124,119.00009,61.99998,0.049093410520000005,5.313241230077816,medium
train,ksdd2_10304,E:\Data (Drive)\IUH\DL\GK\surface-defect-detection\data\images\train\ksdd2_10304.png,0.147186,0.520249,0.242424,0.021807,55.999944,14.000094,0.005286540168,11.116797358646306,small
train,ksdd2_10304_aug1,E:\Data (Drive)\IUH\DL\GK\surface-defect-detection\data\images\train\ksdd2_10304_aug1.png,0.852814,0.520249,0.242424,0.021807,55.999944,14.000094,0.005286540168,11.116797358646306,small
train,ksdd2_10304_aug2,E:\Data (Drive)\IUH\DL\GK\surface-defect-detection\data\images\train\ksdd2_10304_aug2.png,0.147186,0.479751,0.242424,0.021807,55.999944,14.000094,0.005286540168,11.116797358646306,small
train,ksdd2_10306,E:\Data (Drive)\IUH\DL\GK\surface-defect-detection\data\images\train\ksdd2_10306.png,0.255411,0.784455,0.510823,0.383013,118.00011300000001,239.000112,0.195651849699,1.333696245297157,large
train,ksdd2_10306_aug1,E:\Data (Drive)\IUH\DL\GK\surface-defect-detection\data\images\train\ksdd2_10306_aug1.png,0.744589,0.784455,0.510823,0.383013,118.00011300000001,239.000112,0.195651849699,1.333696245297157,large
train,ksdd2_10306_aug2,E:\Data (Drive)\IUH\DL\GK\surface-defect-detection\data\images\train\ksdd2_10306_aug2.png,0.255411,0.215545,0.510823,0.383013,118.00011300000001,239.000112,0.195651849699,1.333696245297157,large
train,ksdd2_10309,E:\Data (Drive)\IUH\DL\GK\surface-defect-detection\data\images\train\ksdd2_10309.png,0.511013,0.434646,0.977974,0.381102,222.000098,241.99976999999998,0.372707847348,2.566173885206585,large
train,ksdd2_10309_aug1,E:\Data (Drive)\IUH\DL\GK\surface-defect-detection\data\images\train\ksdd2_10309_aug1.png,0.488987,0.434646,0.977974,0.381102,222.000098,241.99976999999998,0.372707847348,2.566173885206585,large
train,ksdd2_10309_aug2,E:\Data (Drive)\IUH\DL\GK\surface-defect-detection\data\images\train\ksdd2_10309_aug2.png,0.511013,0.565354,0.977974,0.381102,222.000098,241.99976999999998,0.372707847348,2.566173885206585,large
train,ksdd2_10312,E:\Data (Drive)\IUH\DL\GK\surface-defect-detection\data\images\train\ksdd2_10312.png,0.785714,0.848983,0.298701,0.15493,68.999931,99.00027000000001,0.04627774593,1.9279739237074807,medium
train,ksdd2_10312,E:\Data (Drive)\IUH\DL\GK\surface-defect-detection\data\images\train\ksdd2_10312.png,0.422078,0.784038,0.350649,0.050078,80.99991899999999,31.999841999999997,0.017559800621999997,7.0020567914054075,medium
train,ksdd2_10312_aug1,E:\Data (Drive)\IUH\DL\GK\surface-defect-detection\data\images\train\ksdd2_10312_aug1.png,0.214286,0.848983,0.298701,0.15493,68.999931,99.00027000000001,0.04627774593,1.9279739237074807,medium
train,ksdd2_10312_aug1,E:\Data (Drive)\IUH\DL\GK\surface-defect-detection\data\images\train\ksdd2_10312_aug1.png,0.577922,0.784038,0.350649,0.050078,80.99991899999999,31.999841999999997,0.017559800621999997,7.0020567914054075,medium
train,ksdd2_10312_aug2,E:\Data (Drive)\IUH\DL\GK\surface-defect-detection\data\images\train\ksdd2_10312_aug2.png,0.785714,0.151017,0.298701,0.15493,68.999931,99.00027000000001,0.04627774593,1.9279739237074807,medium
train,ksdd2_10312_aug2,E:\Data (Drive)\IUH\DL\GK\surface-defect-detection\data\images\train\ksdd2_10312_aug2.png,0.422078,0.215962,0.350649,0.050078,80.99991899999999,31.999841999999997,0.017559800621999997,7.0020567914054075,medium
train,ksdd2_10335,E:\Data (Drive)\IUH\DL\GK\surface-defect-detection\data\images\train\ksdd2_10335.png,0.9375,0.621875,0.125,0.028125,29.0,18.0,0.003515625,4.444444444444445,small
train,ksdd2_10335_aug1,E:\Data (Drive)\IUH\DL\GK\surface-defect-detection\data\images\train\ksdd2_10335_aug1.png,0.0625,0.621875,0.125,0.028125,29.0,18.0,0.003515625,4.444444444444445,small
train,ksdd2_10335_aug2,E:\Data (Drive)\IUH\DL\GK\surface-defect-detection\data\images\train\ksdd2_10335_aug2.png,0.9375,0.378125,0.125,0.028125,29.0,18.0,0.003515625,4.444444444444445,small
train,ksdd2_10337,E:\Data (Drive)\IUH\DL\GK\surface-defect-detection\data\images\train\ksdd2_10337.png,0.080435,0.627315,0.108696,0.149691,25.00008,96.99976799999999,0.016270812936,0.7261358398300499,medium
train,ksdd2_10337_aug1,E:\Data (Drive)\IUH\DL\GK\surface-defect-detection\data\images\train\ksdd2_10337_aug1.png,0.919565,0.627315,0.108696,0.149691,25.00008,96.99976799999999,0.016270812936,0.7261358398300499,medium
train,ksdd2_10337_aug2,E:\Data (Drive)\IUH\DL\GK\surface-defect-detection\data\images\train\ksdd2_10337_aug2.png,0.080435,0.372685,0.108696,0.149691,25.00008,96.99976799999999,0.016270812936,0.7261358398300499,medium
train,ksdd2_10345,E:\Data (Drive)\IUH\DL\GK\surface-defect-detection\data\images\train\ksdd2_10345.png,0.712389,0.32126,0.132743,0.050394,29.999918,32.00019,0.006689450742,2.6341032662618566,small
train,ksdd2_10345_aug1,E:\Data (Drive)\IUH\DL\GK\surface-defect-detection\data\images\train\ksdd2_10345_aug1.png,0.287611,0.32126,0.132743,0.050394,29.999918,32.00019,0.006689450742,2.6341032662618566,small
train,ksdd2_10345_aug2,E:\Data (Drive)\IUH\DL\GK\surface-defect-detection\data\images\train\ksdd2_10345_aug2.png,0.712389,0.67874,0.132743,0.050394,29.999918,32.00019,0.006689450742,2.6341032662618566,small
train,ksdd2_10367,E:\Data (Drive)\IUH\DL\GK\surface-defect-detection\data\images\train\ksdd2_10367.png,0.864807,0.469793,0.244635,0.023847,56.999955,14.999763,0.005833810845,10.258523084664738,small
train,ksdd2_10367_aug1,E:\Data (Drive)\IUH\DL\GK\surface-defect-detection\data\images\train\ksdd2_10367_aug1.png,0.135193,0.469793,0.244635,0.023847,56.999955,14.999763,0.005833810845,10.258523084664738,small
train,ksdd2_10367_aug2,E:\Data (Drive)\IUH\DL\GK\surface-defect-detection\data\images\train\ksdd2_10367_aug2.png,0.864807,0.530207,0.244635,0.023847,56.999955,14.999763,0.005833810845,10.258523084664738,small
train,ksdd2_10382,E:\Data (Drive)\IUH\DL\GK\surface-defect-detection\data\images\train\ksdd2_10382.png,0.692641,0.33622,0.614719,0.19685,142.000089,124.99974999999999,0.12100743515,3.1227787655575314,large
train,ksdd2_10382_aug1,E:\Data (Drive)\IUH\DL\GK\surface-defect-detection\data\images\train\ksdd2_10382_aug1.png,0.307359,0.33622,0.614719,0.19685,142.000089,124.99974999999999,0.12100743515,3.1227787655575314,large
train,ksdd2_10382_aug2,E:\Data (Drive)\IUH\DL\GK\surface-defect-detection\data\images\train\ksdd2_10382_aug2.png,0.692641,0.66378,0.614719,0.19685,142.000089,124.99974999999999,0.12100743515,3.1227787655575314,large
train,ksdd2_10383,E:\Data (Drive)\IUH\DL\GK\surface-defect-detection\data\images\train\ksdd2_10383.png,0.525581,0.438679,0.27907,0.128931,60.000049999999995,82.00011599999999,0.03598077416999999,2.164491084378466,medium
train,ksdd2_10383_aug1,E:\Data (Drive)\IUH\DL\GK\surface-defect-detection\data\images\train\ksdd2_10383_aug1.png,0.474419,0.438679,0.27907,0.128931,60.000049999999995,82.00011599999999,0.03598077416999999,2.164491084378466,medium
train,ksdd2_10383_aug2,E:\Data (Drive)\IUH\DL\GK\surface-defect-detection\data\images\train\ksdd2_10383_aug2.png,0.525581,0.561321,0.27907,0.128931,60.000049999999995,82.00011599999999,0.03598077416999999,2.164491084378466,medium
train,ksdd2_10401,E:\Data (Drive)\IUH\DL\GK\surface-defect-detection\data\images\train\ksdd2_10401.png,0.508621,0.500775,0.37931,0.15814,87.99991999999999,102.0003,0.0599840834,2.398570886556216,large
train,ksdd2_10401_aug1,E:\Data (Drive)\IUH\DL\GK\surface-defect-detection\data\images\train\ksdd2_10401_aug1.png,0.491379,0.500775,0.37931,0.15814,87.99991999999999,102.0003,0.0599840834,2.398570886556216,large
train,ksdd2_10401_aug2,E:\Data (Drive)\IUH\DL\GK\surface-defect-detection\data\images\train\ksdd2_10401_aug2.png,0.508621,0.499225,0.37931,0.15814,87.99991999999999,102.0003,0.0599840834,2.398570886556216,large
train,ksdd2_10402,E:\Data (Drive)\IUH\DL\GK\surface-defect-detection\data\images\train\ksdd2_10402.png,0.752193,0.49298,0.302632,0.049922,69.000096,32.000002,0.015107994704,6.062096871118945,medium
train,ksdd2_10402_aug1,E:\Data (Drive)\IUH\DL\GK\surface-defect-detection\data\images\train\ksdd2_10402_aug1.png,0.247807,0.49298,0.302632,0.049922,69.000096,32.000002,0.015107994704,6.062096871118945,medium
train,ksdd2_10402_aug2,E:\Data (Drive)\IUH\DL\GK\surface-defect-detection\data\images\train\ksdd2_10402_aug2.png,0.752193,0.50702,0.302632,0.049922,69.000096,32.000002,0.015107994704,6.062096871118945,medium
train,ksdd2_10403,E:\Data (Drive)\IUH\DL\GK\surface-defect-detection\data\images\train\ksdd2_10403.png,0.269231,0.67284,0.094017,0.117284,21.999978000000002,76.000032,0.011026689828000001,0.8016182940554551,medium
train,ksdd2_10403_aug1,E:\Data (Drive)\IUH\DL\GK\surface-defect-detection\data\images\train\ksdd2_10403_aug1.png,0.730769,0.67284,0.094017,0.117284,21.999978000000002,76.000032,0.011026689828000001,0.8016182940554551,medium
train,ksdd2_10403_aug2,E:\Data (Drive)\IUH\DL\GK\surface-defect-detection\data\images\train\ksdd2_10403_aug2.png,0.269231,0.32716,0.094017,0.117284,21.999978000000002,76.000032,0.011026689828000001,0.8016182940554551,medium
train,ksdd2_10421,E:\Data (Drive)\IUH\DL\GK\surface-defect-detection\data\images\train\ksdd2_10421.png,0.5,0.602964,1.0,0.123245,230.0,79.000045,0.123245,8.113919428780072,large
train,ksdd2_10421_aug1,E:\Data (Drive)\IUH\DL\GK\surface-defect-detection\data\images\train\ksdd2_10421_aug1.png,0.5,0.602964,1.0,0.123245,230.0,79.000045,0.123245,8.113919428780072,large
train,ksdd2_10421_aug2,E:\Data (Drive)\IUH\DL\GK\surface-defect-detection\data\images\train\ksdd2_10421_aug2.png,0.5,0.397036,1.0,0.123245,230.0,79.000045,0.123245,8.113919428780072,large
train,ksdd2_10423,E:\Data (Drive)\IUH\DL\GK\surface-defect-detection\data\images\train\ksdd2_10423.png,0.71645,0.629687,0.125541,0.0875,28.999971000000002,56.0,0.0109848375,1.4347542857142859,medium
train,ksdd2_10423,E:\Data (Drive)\IUH\DL\GK\surface-defect-detection\data\images\train\ksdd2_10423.png,0.467532,0.552344,0.199134,0.070312,45.999954,44.99968,0.014001509808,2.832148139720105,medium
train,ksdd2_10423_aug1,E:\Data (Drive)\IUH\DL\GK\surface-defect-detection\data\images\train\ksdd2_10423_aug1.png,0.28355,0.629687,0.125541,0.0875,28.999971000000002,56.0,0.0109848375,1.4347542857142859,medium
train,ksdd2_10423_aug1,E:\Data (Drive)\IUH\DL\GK\surface-defect-detection\data\images\train\ksdd2_10423_aug1.png,0.532468,0.552344,0.199134,0.070312,45.999954,44.99968,0.014001509808,2.832148139720105,medium
train,ksdd2_10423_aug2,E:\Data (Drive)\IUH\DL\GK\surface-defect-detection\data\images\train\ksdd2_10423_aug2.png,0.71645,0.370313,0.125541,0.0875,28.999971000000002,56.0,0.0109848375,1.4347542857142859,medium
train,ksdd2_10423_aug2,E:\Data (Drive)\IUH\DL\GK\surface-defect-detection\data\images\train\ksdd2_10423_aug2.png,0.467532,0.447656,0.199134,0.070312,45.999954,44.99968,0.014001509808,2.832148139720105,medium
train,ksdd2_10457,E:\Data (Drive)\IUH\DL\GK\surface-defect-detection\data\images\train\ksdd2_10457.png,0.045852,0.661695,0.091703,0.054945,20.999987,34.999965,0.005038621335,1.6689962689962692,small
train,ksdd2_10457_aug1,E:\Data (Drive)\IUH\DL\GK\surface-defect-detection\data\images\train\ksdd2_10457_aug1.png,0.954148,0.661695,0.091703,0.054945,20.999987,34.999965,0.005038621335,1.6689962689962692,small
train,ksdd2_10457_aug2,E:\Data (Drive)\IUH\DL\GK\surface-defect-detection\data\images\train\ksdd2_10457_aug2.png,0.045852,0.338305,0.091703,0.054945,20.999987,34.999965,0.005038621335,1.6689962689962692,small
train,ksdd2_10478,E:\Data (Drive)\IUH\DL\GK\surface-defect-detection\data\images\train\ksdd2_10478.png,0.768559,0.856132,0.462882,0.152516,105.999978,97.00017600000001,0.070596911112,3.0349733798421146,large
train,ksdd2_10478_aug1,E:\Data (Drive)\IUH\DL\GK\surface-defect-detection\data\images\train\ksdd2_10478_aug1.png,0.231441,0.856132,0.462882,0.152516,105.999978,97.00017600000001,0.070596911112,3.0349733798421146,large
train,ksdd2_10478_aug2,E:\Data (Drive)\IUH\DL\GK\surface-defect-detection\data\images\train\ksdd2_10478_aug2.png,0.768559,0.143868,0.462882,0.152516,105.999978,97.00017600000001,0.070596911112,3.0349733798421146,large
train,ksdd2_10502,E:\Data (Drive)\IUH\DL\GK\surface-defect-detection\data\images\train\ksdd2_10502.png,0.320175,0.054264,0.061404,0.034109,14.000112,22.000305,0.002094429036,1.8002286786478643,small
train,ksdd2_10502_aug1,E:\Data (Drive)\IUH\DL\GK\surface-defect-detection\data\images\train\ksdd2_10502_aug1.png,0.679825,0.054264,0.061404,0.034109,14.000112,22.000305,0.002094429036,1.8002286786478643,small
train,ksdd2_10502_aug2,E:\Data (Drive)\IUH\DL\GK\surface-defect-detection\data\images\train\ksdd2_10502_aug2.png,0.320175,0.945736,0.061404,0.034109,14.000112,22.000305,0.002094429036,1.8002286786478643,small
train,ksdd2_10506,E:\Data (Drive)\IUH\DL\GK\surface-defect-detection\data\images\train\ksdd2_10506.png,0.38961,0.544961,0.337662,0.03876,77.999922,25.000200000000003,0.013087779120000002,8.711609907120742,medium
train,ksdd2_10506_aug1,E:\Data (Drive)\IUH\DL\GK\surface-defect-detection\data\images\train\ksdd2_10506_aug1.png,0.61039,0.544961,0.337662,0.03876,77.999922,25.000200000000003,0.013087779120000002,8.711609907120742,medium
train,ksdd2_10506_aug2,E:\Data (Drive)\IUH\DL\GK\surface-defect-detection\data\images\train\ksdd2_10506_aug2.png,0.38961,0.455039,0.337662,0.03876,77.999922,25.000200000000003,0.013087779120000002,8.711609907120742,medium
train,ksdd2_10514,E:\Data (Drive)\IUH\DL\GK\surface-defect-detection\data\images\train\ksdd2_10514.png,0.64693,0.551805,0.276316,0.042386,63.000048,26.999882,0.011711929976,6.519039305431039,medium
train,ksdd2_10514_aug1,E:\Data (Drive)\IUH\DL\GK\surface-defect-detection\data\images\train\ksdd2_10514_aug1.png,0.35307,0.551805,0.276316,0.042386,63.000048,26.999882,0.011711929976,6.519039305431039,medium
train,ksdd2_10514_aug2,E:\Data (Drive)\IUH\DL\GK\surface-defect-detection\data\images\train\ksdd2_10514_aug2.png,0.64693,0.448195,0.276316,0.042386,63.000048,26.999882,0.011711929976,6.519039305431039,medium
train,ksdd2_10516,E:\Data (Drive)\IUH\DL\GK\surface-defect-detection\data\images\train\ksdd2_10516.png,0.273707,0.099526,0.547414,0.14218,127.00004799999999,89.99994,0.07783132252,3.8501477000984665,large
train,ksdd2_10516_aug1,E:\Data (Drive)\IUH\DL\GK\surface-defect-detection\data\images\train\ksdd2_10516_aug1.png,0.726293,0.099526,0.547414,0.14218,127.00004799999999,89.99994,0.07783132252,3.8501477000984665,large
train,ksdd2_10516_aug2,E:\Data (Drive)\IUH\DL\GK\surface-defect-detection\data\images\train\ksdd2_10516_aug2.png,0.273707,0.900474,0.547414,0.14218,127.00004799999999,89.99994,0.07783132252,3.8501477000984665,large
train,ksdd2_10554,E:\Data (Drive)\IUH\DL\GK\surface-defect-detection\data\images\train\ksdd2_10554.png,0.517241,0.756757,0.586207,0.124006,136.000024,77.999774,0.07269318524200001,4.727247068690224,large
train,ksdd2_10554_aug1,E:\Data (Drive)\IUH\DL\GK\surface-defect-detection\data\images\train\ksdd2_10554_aug1.png,0.482759,0.756757,0.586207,0.124006,136.000024,77.999774,0.07269318524200001,4.727247068690224,large
train,ksdd2_10554_aug2,E:\Data (Drive)\IUH\DL\GK\surface-defect-detection\data\images\train\ksdd2_10554_aug2.png,0.517241,0.243243,0.586207,0.124006,136.000024,77.999774,0.07269318524200001,4.727247068690224,large
train,ksdd2_10557,E:\Data (Drive)\IUH\DL\GK\surface-defect-detection\data\images\train\ksdd2_10557.png,0.711111,0.845669,0.186667,0.091339,42.000075,58.000265,0.017049977113,2.0436724728757705,medium
train,ksdd2_10557_aug1,E:\Data (Drive)\IUH\DL\GK\surface-defect-detection\data\images\train\ksdd2_10557_aug1.png,0.288889,0.845669,0.186667,0.091339,42.000075,58.000265,0.017049977113,2.0436724728757705,medium
train,ksdd2_10557_aug2,E:\Data (Drive)\IUH\DL\GK\surface-defect-detection\data\images\train\ksdd2_10557_aug2.png,0.711111,0.154331,0.186667,0.091339,42.000075,58.000265,0.017049977113,2.0436724728757705,medium
train,ksdd2_10569,E:\Data (Drive)\IUH\DL\GK\surface-defect-detection\data\images\train\ksdd2_10569.png,0.270742,0.878505,0.541485,0.242991,124.00006499999999,156.000222,0.131575981635,2.2284158672543426,large
train,ksdd2_10569_aug1,E:\Data (Drive)\IUH\DL\GK\surface-defect-detection\data\images\train\ksdd2_10569_aug1.png,0.729258,0.878505,0.541485,0.242991,124.00006499999999,156.000222,0.131575981635,2.2284158672543426,large
train,ksdd2_10569_aug2,E:\Data (Drive)\IUH\DL\GK\surface-defect-detection\data\images\train\ksdd2_10569_aug2.png,0.270742,0.121495,0.541485,0.242991,124.00006499999999,156.000222,0.131575981635,2.2284158672543426,large
train,ksdd2_10574,E:\Data (Drive)\IUH\DL\GK\surface-defect-detection\data\images\train\ksdd2_10574.png,0.706422,0.711957,0.330275,0.190994,71.99995,123.000136,0.06308054334999999,1.7292428034388514,large
train,ksdd2_10574_aug1,E:\Data (Drive)\IUH\DL\GK\surface-defect-detection\data\images\train\ksdd2_10574_aug1.png,0.293578,0.711957,0.330275,0.190994,71.99995,123.000136,0.06308054334999999,1.7292428034388514,large
train,ksdd2_10574_aug2,E:\Data (Drive)\IUH\DL\GK\surface-defect-detection\data\images\train\ksdd2_10574_aug2.png,0.706422,0.288043,0.330275,0.190994,71.99995,123.000136,0.06308054334999999,1.7292428034388514,large
train,ksdd2_10583,E:\Data (Drive)\IUH\DL\GK\surface-defect-detection\data\images\train\ksdd2_10583.png,0.681624,0.534109,0.021368,0.017054,5.000112000000001,10.99983,0.00036440987200000004,1.2529611821273603,small
train,ksdd2_10583,E:\Data (Drive)\IUH\DL\GK\surface-defect-detection\data\images\train\ksdd2_10583.png,0.594017,0.454264,0.102564,0.074419,23.999976,48.000255,0.0076327103160000005,1.3781964283314745,small
train,ksdd2_10583_aug1,E:\Data (Drive)\IUH\DL\GK\surface-defect-detection\data\images\train\ksdd2_10583_aug1.png,0.318376,0.534109,0.021368,0.017054,5.000112000000001,10.99983,0.00036440987200000004,1.2529611821273603,small
train,ksdd2_10583_aug1,E:\Data (Drive)\IUH\DL\GK\surface-defect-detection\data\images\train\ksdd2_10583_aug1.png,0.405983,0.454264,0.102564,0.074419,23.999976,48.000255,0.0076327103160000005,1.3781964283314745,small
train,ksdd2_10583_aug2,E:\Data (Drive)\IUH\DL\GK\surface-defect-detection\data\images\train\ksdd2_10583_aug2.png,0.681624,0.465891,0.021368,0.017054,5.000112000000001,10.99983,0.00036440987200000004,1.2529611821273603,small
train,ksdd2_10583_aug2,E:\Data (Drive)\IUH\DL\GK\surface-defect-detection\data\images\train\ksdd2_10583_aug2.png,0.594017,0.545736,0.102564,0.074419,23.999976,48.000255,0.0076327103160000005,1.3781964283314745,small
train,ksdd2_10602,E:\Data (Drive)\IUH\DL\GK\surface-defect-detection\data\images\train\ksdd2_10602.png,0.139738,0.548137,0.279476,0.052795,64.000004,33.99998,0.01475493542,5.293607349180793,medium
train,ksdd2_10602_aug1,E:\Data (Drive)\IUH\DL\GK\surface-defect-detection\data\images\train\ksdd2_10602_aug1.png,0.860262,0.548137,0.279476,0.052795,64.000004,33.99998,0.01475493542,5.293607349180793,medium
train,ksdd2_10602_aug2,E:\Data (Drive)\IUH\DL\GK\surface-defect-detection\data\images\train\ksdd2_10602_aug2.png,0.139738,0.451863,0.279476,0.052795,64.000004,33.99998,0.01475493542,5.293607349180793,medium
train,ksdd2_10612,E:\Data (Drive)\IUH\DL\GK\surface-defect-detection\data\images\train\ksdd2_10612.png,0.792237,0.533175,0.251142,0.112164,55.000097999999994,70.999812,0.028169091287999996,2.239060661174708,medium
train,ksdd2_10612_aug1,E:\Data (Drive)\IUH\DL\GK\surface-defect-detection\data\images\train\ksdd2_10612_aug1.png,0.207763,0.533175,0.251142,0.112164,55.000097999999994,70.999812,0.028169091287999996,2.239060661174708,medium
train,ksdd2_10612_aug2,E:\Data (Drive)\IUH\DL\GK\surface-defect-detection\data\images\train\ksdd2_10612_aug2.png,0.792237,0.466825,0.251142,0.112164,55.000097999999994,70.999812,0.028169091287999996,2.239060661174708,medium
train,ksdd2_10618,E:\Data (Drive)\IUH\DL\GK\surface-defect-detection\data\images\train\ksdd2_10618.png,0.817982,0.496855,0.364035,0.062893,82.99998,39.999948,0.022895253255,5.7881640246132315,medium
train,ksdd2_10618_aug1,E:\Data (Drive)\IUH\DL\GK\surface-defect-detection\data\images\train\ksdd2_10618_aug1.png,0.182018,0.496855,0.364035,0.062893,82.99998,39.999948,0.022895253255,5.7881640246132315,medium
train,ksdd2_10618_aug2,E:\Data (Drive)\IUH\DL\GK\surface-defect-detection\data\images\train\ksdd2_10618_aug2.png,0.817982,0.503145,0.364035,0.062893,82.99998,39.999948,0.022895253255,5.7881640246132315,medium
train,ksdd2_10628,E:\Data (Drive)\IUH\DL\GK\surface-defect-detection\data\images\train\ksdd2_10628.png,0.087336,0.499211,0.174672,0.216088,39.999888,136.999792,0.037744523136,0.8083373440450187,medium
train,ksdd2_10628_aug1,E:\Data (Drive)\IUH\DL\GK\surface-defect-detection\data\images\train\ksdd2_10628_aug1.png,0.912664,0.499211,0.174672,0.216088,39.999888,136.999792,0.037744523136,0.8083373440450187,medium
train,ksdd2_10628_aug2,E:\Data (Drive)\IUH\DL\GK\surface-defect-detection\data\images\train\ksdd2_10628_aug2.png,0.087336,0.500789,0.174672,0.216088,39.999888,136.999792,0.037744523136,0.8083373440450187,medium
train,ksdd2_10637,E:\Data (Drive)\IUH\DL\GK\surface-defect-detection\data\images\train\ksdd2_10637.png,0.489083,0.174254,0.305677,0.053375,70.00003299999999,33.999874999999996,0.016315509875,5.7269695550351285,medium
train,ksdd2_10637_aug1,E:\Data (Drive)\IUH\DL\GK\surface-defect-detection\data\images\train\ksdd2_10637_aug1.png,0.510917,0.174254,0.305677,0.053375,70.00003299999999,33.999874999999996,0.016315509875,5.7269695550351285,medium
train,ksdd2_10637_aug2,E:\Data (Drive)\IUH\DL\GK\surface-defect-detection\data\images\train\ksdd2_10637_aug2.png,0.489083,0.825746,0.305677,0.053375,70.00003299999999,33.999874999999996,0.016315509875,5.7269695550351285,medium
train,ksdd2_10638,E:\Data (Drive)\IUH\DL\GK\surface-defect-detection\data\images\train\ksdd2_10638.png,0.268229,0.849845,0.536458,0.30031,102.99993599999999,194.00026000000003,0.16110370198,1.7863474409776563,large
train,ksdd2_10638_aug1,E:\Data (Drive)\IUH\DL\GK\surface-defect-detection\data\images\train\ksdd2_10638_aug1.png,0.731771,0.849845,0.536458,0.30031,102.99993599999999,194.00026000000003,0.16110370198,1.7863474409776563,large
train,ksdd2_10638_aug2,E:\Data (Drive)\IUH\DL\GK\surface-defect-detection\data\images\train\ksdd2_10638_aug2.png,0.268229,0.150155,0.536458,0.30031,102.99993599999999,194.00026000000003,0.16110370198,1.7863474409776563,large
train,ksdd2_10647,E:\Data (Drive)\IUH\DL\GK\surface-defect-detection\data\images\train\ksdd2_10647.png,0.246753,0.632445,0.181818,0.061129,41.999958,39.000302000000005,0.011114352522000001,2.974332967985735,medium
train,ksdd2_10647_aug1,E:\Data (Drive)\IUH\DL\GK\surface-defect-detection\data\images\train\ksdd2_10647_aug1.png,0.753247,0.632445,0.181818,0.061129,41.999958,39.000302000000005,0.011114352522000001,2.974332967985735,medium
train,ksdd2_10647_aug2,E:\Data (Drive)\IUH\DL\GK\surface-defect-detection\data\images\train\ksdd2_10647_aug2.png,0.246753,0.367555,0.181818,0.061129,41.999958,39.000302000000005,0.011114352522000001,2.974332967985735,medium
train,ksdd2_10654,E:\Data (Drive)\IUH\DL\GK\surface-defect-detection\data\images\train\ksdd2_10654.png,0.306867,0.488994,0.519313,0.053459,120.99992900000001,33.999924,0.027761953667000003,9.714229596513217,medium
train,ksdd2_10654_aug1,E:\Data (Drive)\IUH\DL\GK\surface-defect-detection\data\images\train\ksdd2_10654_aug1.png,0.693133,0.488994,0.519313,0.053459,120.99992900000001,33.999924,0.027761953667000003,9.714229596513217,medium
train,ksdd2_10654_aug2,E:\Data (Drive)\IUH\DL\GK\surface-defect-detection\data\images\train\ksdd2_10654_aug2.png,0.306867,0.511006,0.519313,0.053459,120.99992900000001,33.999924,0.027761953667000003,9.714229596513217,medium
train,ksdd2_10661,E:\Data (Drive)\IUH\DL\GK\surface-defect-detection\data\images\train\ksdd2_10661.png,0.377682,0.554487,0.480687,0.064103,112.00007099999999,40.000271999999995,0.030813478760999994,7.498666209069778,medium
train,ksdd2_10661_aug1,E:\Data (Drive)\IUH\DL\GK\surface-defect-detection\data\images\train\ksdd2_10661_aug1.png,0.622318,0.554487,0.480687,0.064103,112.00007099999999,40.000271999999995,0.030813478760999994,7.498666209069778,medium
train,ksdd2_10661_aug2,E:\Data (Drive)\IUH\DL\GK\surface-defect-detection\data\images\train\ksdd2_10661_aug2.png,0.377682,0.445513,0.480687,0.064103,112.00007099999999,40.000271999999995,0.030813478760999994,7.498666209069778,medium
train,ksdd2_10663,E:\Data (Drive)\IUH\DL\GK\surface-defect-detection\data\images\train\ksdd2_10663.png,0.280591,0.033594,0.232068,0.067187,55.000116,42.99968,0.015591952716,3.4540610534776075,medium
train,ksdd2_10663_aug1,E:\Data (Drive)\IUH\DL\GK\surface-defect-detection\data\images\train\ksdd2_10663_aug1.png,0.719409,0.033594,0.232068,0.067187,55.000116,42.99968,0.015591952716,3.4540610534776075,medium
train,ksdd2_10663_aug2,E:\Data (Drive)\IUH\DL\GK\surface-defect-detection\data\images\train\ksdd2_10663_aug2.png,0.280591,0.966406,0.232068,0.067187,55.000116,42.99968,0.015591952716,3.4540610534776075,medium
train,ksdd2_10672,E:\Data (Drive)\IUH\DL\GK\surface-defect-detection\data\images\train\ksdd2_10672.png,0.476891,0.839905,0.239496,0.156151,57.000048,98.999734,0.037397539896000004,1.5337461815806492,medium
train,ksdd2_10672_aug1,E:\Data (Drive)\IUH\DL\GK\surface-defect-detection\data\images\train\ksdd2_10672_aug1.png,0.523109,0.839905,0.239496,0.156151,57.000048,98.999734,0.037397539896000004,1.5337461815806492,medium
train,ksdd2_10672_aug2,E:\Data (Drive)\IUH\DL\GK\surface-defect-detection\data\images\train\ksdd2_10672_aug2.png,0.476891,0.160095,0.239496,0.156151,57.000048,98.999734,0.037397539896000004,1.5337461815806492,medium
train,ksdd2_10677,E:\Data (Drive)\IUH\DL\GK\surface-defect-detection\data\images\train\ksdd2_10677.png,0.861702,0.972613,0.046809,0.014085,11.000115000000001,9.000315,0.0006593047650000001,3.3233226837060705,small
train,ksdd2_10677_aug1,E:\Data (Drive)\IUH\DL\GK\surface-defect-detection\data\images\train\ksdd2_10677_aug1.png,0.138298,0.972613,0.046809,0.014085,11.000115000000001,9.000315,0.0006593047650000001,3.3233226837060705,small
train,ksdd2_10677_aug2,E:\Data (Drive)\IUH\DL\GK\surface-defect-detection\data\images\train\ksdd2_10677_aug2.png,0.861702,0.027387,0.046809,0.014085,11.000115000000001,9.000315,0.0006593047650000001,3.3233226837060705,small
train,ksdd2_10678,E:\Data (Drive)\IUH\DL\GK\surface-defect-detection\data\images\train\ksdd2_10678.png,0.325792,0.261111,0.244344,0.103175,54.000024,65.00025000000001,0.025210192200000002,2.368248122122607,medium
train,ksdd2_10678_aug1,E:\Data (Drive)\IUH\DL\GK\surface-defect-detection\data\images\train\ksdd2_10678_aug1.png,0.674208,0.261111,0.244344,0.103175,54.000024,65.00025000000001,0.025210192200000002,2.368248122122607,medium
train,ksdd2_10678_aug2,E:\Data (Drive)\IUH\DL\GK\surface-defect-detection\data\images\train\ksdd2_10678_aug2.png,0.325792,0.738889,0.244344,0.103175,54.000024,65.00025000000001,0.025210192200000002,2.368248122122607,medium
train,ksdd2_10707,E:\Data (Drive)\IUH\DL\GK\surface-defect-detection\data\images\train\ksdd2_10707.png,0.064378,0.380282,0.128755,0.050078,29.999915,31.999841999999997,0.00644779289,2.5710891010024364,small
train,ksdd2_10707_aug1,E:\Data (Drive)\IUH\DL\GK\surface-defect-detection\data\images\train\ksdd2_10707_aug1.png,0.935622,0.380282,0.128755,0.050078,29.999915,31.999841999999997,0.00644779289,2.5710891010024364,small
train,ksdd2_10707_aug2,E:\Data (Drive)\IUH\DL\GK\surface-defect-detection\data\images\train\ksdd2_10707_aug2.png,0.064378,0.619718,0.128755,0.050078,29.999915,31.999841999999997,0.00644779289,2.5710891010024364,small
train,ksdd2_10712,E:\Data (Drive)\IUH\DL\GK\surface-defect-detection\data\images\train\ksdd2_10712.png,0.737991,0.542386,0.471616,0.139717,108.000064,88.999729,0.065892772672,3.3755090647523205,large
train,ksdd2_10712_aug1,E:\Data (Drive)\IUH\DL\GK\surface-defect-detection\data\images\train\ksdd2_10712_aug1.png,0.262009,0.542386,0.471616,0.139717,108.000064,88.999729,0.065892772672,3.3755090647523205,large
train,ksdd2_10712_aug2,E:\Data (Drive)\IUH\DL\GK\surface-defect-detection\data\images\train\ksdd2_10712_aug2.png,0.737991,0.457614,0.471616,0.139717,108.000064,88.999729,0.065892772672,3.3755090647523205,large
train,ksdd2_10727,E:\Data (Drive)\IUH\DL\GK\surface-defect-detection\data\images\train\ksdd2_10727.png,0.890086,0.075,0.099138,0.05,23.000016000000002,32.0,0.0049569,1.98276,small
train,ksdd2_10727_aug1,E:\Data (Drive)\IUH\DL\GK\surface-defect-detection\data\images\train\ksdd2_10727_aug1.png,0.109914,0.075,0.099138,0.05,23.000016000000002,32.0,0.0049569,1.98276,small
train,ksdd2_10727_aug2,E:\Data (Drive)\IUH\DL\GK\surface-defect-detection\data\images\train\ksdd2_10727_aug2.png,0.890086,0.925,0.099138,0.05,23.000016000000002,32.0,0.0049569,1.98276,small
train,ksdd2_10729,E:\Data (Drive)\IUH\DL\GK\surface-defect-detection\data\images\train\ksdd2_10729.png,0.422414,0.207813,0.060345,0.10625,14.00004,68.0,0.00641165625,0.5679529411764707,small
train,ksdd2_10729_aug1,E:\Data (Drive)\IUH\DL\GK\surface-defect-detection\data\images\train\ksdd2_10729_aug1.png,0.577586,0.207813,0.060345,0.10625,14.00004,68.0,0.00641165625,0.5679529411764707,small
train,ksdd2_10729_aug2,E:\Data (Drive)\IUH\DL\GK\surface-defect-detection\data\images\train\ksdd2_10729_aug2.png,0.422414,0.792188,0.060345,0.10625,14.00004,68.0,0.00641165625,0.5679529411764707,small
train,ksdd2_10743,E:\Data (Drive)\IUH\DL\GK\surface-defect-detection\data\images\train\ksdd2_10743.png,0.66087,0.067247,0.469565,0.134494,107.99995,85.000208,0.06315367511,3.491345338825524,large
train,ksdd2_10743_aug1,E:\Data (Drive)\IUH\DL\GK\surface-defect-detection\data\images\train\ksdd2_10743_aug1.png,0.33913,0.067247,0.469565,0.134494,107.99995,85.000208,0.06315367511,3.491345338825524,large
train,ksdd2_10743_aug2,E:\Data (Drive)\IUH\DL\GK\surface-defect-detection\data\images\train\ksdd2_10743_aug2.png,0.66087,0.932753,0.469565,0.134494,107.99995,85.000208,0.06315367511,3.491345338825524,large
train,ksdd2_10770,E:\Data (Drive)\IUH\DL\GK\surface-defect-detection\data\images\train\ksdd2_10770.png,0.608696,0.490625,0.191304,0.053125,43.99992,34.0,0.010163025,3.6010164705882355,medium
train,ksdd2_10770_aug1,E:\Data (Drive)\IUH\DL\GK\surface-defect-detection\data\images\train\ksdd2_10770_aug1.png,0.391304,0.490625,0.191304,0.053125,43.99992,34.0,0.010163025,3.6010164705882355,medium
train,ksdd2_10770_aug2,E:\Data (Drive)\IUH\DL\GK\surface-defect-detection\data\images\train\ksdd2_10770_aug2.png,0.608696,0.509375,0.191304,0.053125,43.99992,34.0,0.010163025,3.6010164705882355,medium
train,ksdd2_10774,E:\Data (Drive)\IUH\DL\GK\surface-defect-detection\data\images\train\ksdd2_10774.png,0.45279,0.259404,0.236052,0.04232,55.000116000000006,27.00016,0.009989720640000001,5.577788279773157,small
train,ksdd2_10774_aug1,E:\Data (Drive)\IUH\DL\GK\surface-defect-detection\data\images\train\ksdd2_10774_aug1.png,0.54721,0.259404,0.236052,0.04232,55.000116000000006,27.00016,0.009989720640000001,5.577788279773157,small
train,ksdd2_10774_aug2,E:\Data (Drive)\IUH\DL\GK\surface-defect-detection\data\images\train\ksdd2_10774_aug2.png,0.45279,0.740596,0.236052,0.04232,55.000116000000006,27.00016,0.009989720640000001,5.577788279773157,small
train,ksdd2_10797,E:\Data (Drive)\IUH\DL\GK\surface-defect-detection\data\images\train\ksdd2_10797.png,0.856818,0.608386,0.286364,0.200949,63.000080000000004,126.99976799999999,0.057544559435999995,1.4250580993187327,large
train,ksdd2_10797_aug1,E:\Data (Drive)\IUH\DL\GK\surface-defect-detection\data\images\train\ksdd2_10797_aug1.png,0.143182,0.608386,0.286364,0.200949,63.000080000000004,126.99976799999999,0.057544559435999995,1.4250580993187327,large
train,ksdd2_10797_aug2,E:\Data (Drive)\IUH\DL\GK\surface-defect-detection\data\images\train\ksdd2_10797_aug2.png,0.856818,0.391614,0.286364,0.200949,63.000080000000004,126.99976799999999,0.057544559435999995,1.4250580993187327,large
train,ksdd2_10808,E:\Data (Drive)\IUH\DL\GK\surface-defect-detection\data\images\train\ksdd2_10808.png,0.661504,0.605388,0.455752,0.440571,102.999952,278.000301,0.20079111439199998,1.0344575562168186,large
train,ksdd2_10808_aug1,E:\Data (Drive)\IUH\DL\GK\surface-defect-detection\data\images\train\ksdd2_10808_aug1.png,0.338496,0.605388,0.455752,0.440571,102.999952,278.000301,0.20079111439199998,1.0344575562168186,large
train,ksdd2_10808_aug2,E:\Data (Drive)\IUH\DL\GK\surface-defect-detection\data\images\train\ksdd2_10808_aug2.png,0.661504,0.394612,0.455752,0.440571,102.999952,278.000301,0.20079111439199998,1.0344575562168186,large
train,ksdd2_10821,E:\Data (Drive)\IUH\DL\GK\surface-defect-detection\data\images\train\ksdd2_10821.png,0.186404,0.7153,0.337719,0.200315,76.999932,126.99971,0.067650181485,1.685939645059032,large
train,ksdd2_10821,E:\Data (Drive)\IUH\DL\GK\surface-defect-detection\data\images\train\ksdd2_10821.png,0.780702,0.585962,0.438596,0.209779,99.999888,132.999886,0.092008230284,2.0907526492165567,large
train,ksdd2_10821_aug1,E:\Data (Drive)\IUH\DL\GK\surface-defect-detection\data\images\train\ksdd2_10821_aug1.png,0.813596,0.7153,0.337719,0.200315,76.999932,126.99971,0.067650181485,1.685939645059032,large
train,ksdd2_10821_aug1,E:\Data (Drive)\IUH\DL\GK\surface-defect-detection\data\images\train\ksdd2_10821_aug1.png,0.219298,0.585962,0.438596,0.209779,99.999888,132.999886,0.092008230284,2.0907526492165567,large
train,ksdd2_10821_aug2,E:\Data (Drive)\IUH\DL\GK\surface-defect-detection\data\images\train\ksdd2_10821_aug2.png,0.186404,0.2847,0.337719,0.200315,76.999932,126.99971,0.067650181485,1.685939645059032,large
train,ksdd2_10821_aug2,E:\Data (Drive)\IUH\DL\GK\surface-defect-detection\data\images\train\ksdd2_10821_aug2.png,0.780702,0.414038,0.438596,0.209779,99.999888,132.999886,0.092008230284,2.0907526492165567,large
train,ksdd2_10844,E:\Data (Drive)\IUH\DL\GK\surface-defect-detection\data\images\train\ksdd2_10844.png,0.310573,0.271094,0.057269,0.014063,13.000063,9.00032,0.0008053739470000001,4.072317428713646,small
train,ksdd2_10844_aug1,E:\Data (Drive)\IUH\DL\GK\surface-defect-detection\data\images\train\ksdd2_10844_aug1.png,0.689427,0.271094,0.057269,0.014063,13.000063,9.00032,0.0008053739470000001,4.072317428713646,small
train,ksdd2_10844_aug2,E:\Data (Drive)\IUH\DL\GK\surface-defect-detection\data\images\train\ksdd2_10844_aug2.png,0.310573,0.728906,0.057269,0.014063,13.000063,9.00032,0.0008053739470000001,4.072317428713646,small
train,ksdd2_10845,E:\Data (Drive)\IUH\DL\GK\surface-defect-detection\data\images\train\ksdd2_10845.png,0.668831,0.288189,0.575758,0.047244,133.000098,29.999940000000002,0.027201110952,12.186902040470747,medium
train,ksdd2_10845_aug1,E:\Data (Drive)\IUH\DL\GK\surface-defect-detection\data\images\train\ksdd2_10845_aug1.png,0.331169,0.288189,0.575758,0.047244,133.000098,29.999940000000002,0.027201110952,12.186902040470747,medium
train,ksdd2_10845_aug2,E:\Data (Drive)\IUH\DL\GK\surface-defect-detection\data\images\train\ksdd2_10845_aug2.png,0.668831,0.711811,0.575758,0.047244,133.000098,29.999940000000002,0.027201110952,12.186902040470747,medium
train,ksdd2_10846,E:\Data (Drive)\IUH\DL\GK\surface-defect-detection\data\images\train\ksdd2_10846.png,0.746753,0.934579,0.506494,0.130841,117.000114,83.99992200000001,0.066270181454,3.871064880274531,large
train,ksdd2_10846_aug1,E:\Data (Drive)\IUH\DL\GK\surface-defect-detection\data\images\train\ksdd2_10846_aug1.png,0.253247,0.934579,0.506494,0.130841,117.000114,83.99992200000001,0.066270181454,3.871064880274531,large
train,ksdd2_10846_aug2,E:\Data (Drive)\IUH\DL\GK\surface-defect-detection\data\images\train\ksdd2_10846_aug2.png,0.746753,0.065421,0.506494,0.130841,117.000114,83.99992200000001,0.066270181454,3.871064880274531,large
train,ksdd2_10849,E:\Data (Drive)\IUH\DL\GK\surface-defect-detection\data\images\train\ksdd2_10849.png,0.911255,0.361769,0.177489,0.088468,40.999959000000004,56.000244,0.015702096852,2.0062508477641634,medium
train,ksdd2_10849,E:\Data (Drive)\IUH\DL\GK\surface-defect-detection\data\images\train\ksdd2_10849.png,0.045455,0.296209,0.090909,0.1406,20.999979,88.99980000000001,0.0127818054,0.646578947368421,medium
train,ksdd2_10849_aug1,E:\Data (Drive)\IUH\DL\GK\surface-defect-detection\data\images\train\ksdd2_10849_aug1.png,0.088745,0.361769,0.177489,0.088468,40.999959000000004,56.000244,0.015702096852,2.0062508477641634,medium
train,ksdd2_10849_aug1,E:\Data (Drive)\IUH\DL\GK\surface-defect-detection\data\images\train\ksdd2_10849_aug1.png,0.954545,0.296209,0.090909,0.1406,20.999979,88.99980000000001,0.0127818054,0.646578947368421,medium
train,ksdd2_10849_aug2,E:\Data (Drive)\IUH\DL\GK\surface-defect-detection\data\images\train\ksdd2_10849_aug2.png,0.911255,0.638231,0.177489,0.088468,40.999959000000004,56.000244,0.015702096852,2.0062508477641634,medium
train,ksdd2_10849_aug2,E:\Data (Drive)\IUH\DL\GK\surface-defect-detection\data\images\train\ksdd2_10849_aug2.png,0.045455,0.703791,0.090909,0.1406,20.999979,88.99980000000001,0.0127818054,0.646578947368421,medium
train,ksdd2_10869,E:\Data (Drive)\IUH\DL\GK\surface-defect-detection\data\images\train\ksdd2_10869.png,0.480435,0.883359,0.847826,0.127527,194.99998,81.999861,0.10812070630199999,6.648207830498639,large
train,ksdd2_10869_aug1,E:\Data (Drive)\IUH\DL\GK\surface-defect-detection\data\images\train\ksdd2_10869_aug1.png,0.519565,0.883359,0.847826,0.127527,194.99998,81.999861,0.10812070630199999,6.648207830498639,large
train,ksdd2_10869_aug2,E:\Data (Drive)\IUH\DL\GK\surface-defect-detection\data\images\train\ksdd2_10869_aug2.png,0.480435,0.116641,0.847826,0.127527,194.99998,81.999861,0.10812070630199999,6.648207830498639,large
train,ksdd2_10893,E:\Data (Drive)\IUH\DL\GK\surface-defect-detection\data\images\train\ksdd2_10893.png,0.103524,0.555994,0.198238,0.05836,45.000026,37.00024,0.01156916968,3.3968128855380395,medium
train,ksdd2_10893_aug1,E:\Data (Drive)\IUH\DL\GK\surface-defect-detection\data\images\train\ksdd2_10893_aug1.png,0.896476,0.555994,0.198238,0.05836,45.000026,37.00024,0.01156916968,3.3968128855380395,medium
train,ksdd2_10893_aug2,E:\Data (Drive)\IUH\DL\GK\surface-defect-detection\data\images\train\ksdd2_10893_aug2.png,0.103524,0.444006,0.198238,0.05836,45.000026,37.00024,0.01156916968,3.3968128855380395,medium
train,ksdd2_10900,E:\Data (Drive)\IUH\DL\GK\surface-defect-detection\data\images\train\ksdd2_10900.png,0.502101,0.038941,0.138655,0.077882,32.99989,50.000244,0.01079872871,1.7803215120310212,medium
train,ksdd2_10900_aug1,E:\Data (Drive)\IUH\DL\GK\surface-defect-detection\data\images\train\ksdd2_10900_aug1.png,0.497899,0.038941,0.138655,0.077882,32.99989,50.000244,0.01079872871,1.7803215120310212,medium
train,ksdd2_10900_aug2,E:\Data (Drive)\IUH\DL\GK\surface-defect-detection\data\images\train\ksdd2_10900_aug2.png,0.502101,0.961059,0.138655,0.077882,32.99989,50.000244,0.01079872871,1.7803215120310212,medium
train,ksdd2_10951,E:\Data (Drive)\IUH\DL\GK\surface-defect-detection\data\images\train\ksdd2_10951.png,0.151982,0.571541,0.303965,0.058176,69.000055,36.999936,0.017683467839999998,5.224920929592959,medium
train,ksdd2_10951_aug1,E:\Data (Drive)\IUH\DL\GK\surface-defect-detection\data\images\train\ksdd2_10951_aug1.png,0.848018,0.571541,0.303965,0.058176,69.000055,36.999936,0.017683467839999998,5.224920929592959,medium
train,ksdd2_10951_aug2,E:\Data (Drive)\IUH\DL\GK\surface-defect-detection\data\images\train\ksdd2_10951_aug2.png,0.151982,0.428459,0.303965,0.058176,69.000055,36.999936,0.017683467839999998,5.224920929592959,medium
train,ksdd2_10952,E:\Data (Drive)\IUH\DL\GK\surface-defect-detection\data\images\train\ksdd2_10952.png,0.436404,0.810264,0.872807,0.205288,198.999996,132.000184,0.179176803416,4.251622111375239,large
train,ksdd2_10952_aug1,E:\Data (Drive)\IUH\DL\GK\surface-defect-detection\data\images\train\ksdd2_10952_aug1.png,0.563596,0.810264,0.872807,0.205288,198.999996,132.000184,0.179176803416,4.251622111375239,large
train,ksdd2_10952_aug2,E:\Data (Drive)\IUH\DL\GK\surface-defect-detection\data\images\train\ksdd2_10952_aug2.png,0.436404,0.189736,0.872807,0.205288,198.999996,132.000184,0.179176803416,4.251622111375239,large
train,ksdd2_11002,E:\Data (Drive)\IUH\DL\GK\surface-defect-detection\data\images\train\ksdd2_11002.png,0.418502,0.506289,0.405286,0.059748,91.999922,37.999728000000005,0.024215027928,6.783256343308562,medium
train,ksdd2_11002_aug1,E:\Data (Drive)\IUH\DL\GK\surface-defect-detection\data\images\train\ksdd2_11002_aug1.png,0.581498,0.506289,0.405286,0.059748,91.999922,37.999728000000005,0.024215027928,6.783256343308562,medium
train,ksdd2_11002_aug2,E:\Data (Drive)\IUH\DL\GK\surface-defect-detection\data\images\train\ksdd2_11002_aug2.png,0.418502,0.493711,0.405286,0.059748,91.999922,37.999728000000005,0.024215027928,6.783256343308562,medium
train,ksdd2_11003,E:\Data (Drive)\IUH\DL\GK\surface-defect-detection\data\images\train\ksdd2_11003.png,0.091518,0.384311,0.183036,0.18859,41.000064,119.00029,0.03451875924,0.9705498700885519,medium
train,ksdd2_11003_aug1,E:\Data (Drive)\IUH\DL\GK\surface-defect-detection\data\images\train\ksdd2_11003_aug1.png,0.908482,0.384311,0.183036,0.18859,41.000064,119.00029,0.03451875924,0.9705498700885519,medium
train,ksdd2_11003_aug2,E:\Data (Drive)\IUH\DL\GK\surface-defect-detection\data\images\train\ksdd2_11003_aug2.png,0.091518,0.615689,0.183036,0.18859,41.000064,119.00029,0.03451875924,0.9705498700885519,medium
train,ksdd2_11088,E:\Data (Drive)\IUH\DL\GK\surface-defect-detection\data\images\train\ksdd2_11088.png,0.283898,0.271586,0.567797,0.241758,134.000092,153.999846,0.137269467126,2.348617212253576,large
train,ksdd2_11088_aug1,E:\Data (Drive)\IUH\DL\GK\surface-defect-detection\data\images\train\ksdd2_11088_aug1.png,0.716102,0.271586,0.567797,0.241758,134.000092,153.999846,0.137269467126,2.348617212253576,large
train,ksdd2_11088_aug2,E:\Data (Drive)\IUH\DL\GK\surface-defect-detection\data\images\train\ksdd2_11088_aug2.png,0.283898,0.728414,0.567797,0.241758,134.000092,153.999846,0.137269467126,2.348617212253576,large
train,ksdd2_11094,E:\Data (Drive)\IUH\DL\GK\surface-defect-detection\data\images\train\ksdd2_11094.png,0.674672,0.866562,0.222707,0.050235,50.999902999999996,31.999695000000003,0.011187686145,4.433303473673733,medium
train,ksdd2_11094_aug1,E:\Data (Drive)\IUH\DL\GK\surface-defect-detection\data\images\train\ksdd2_11094_aug1.png,0.325328,0.866562,0.222707,0.050235,50.999902999999996,31.999695000000003,0.011187686145,4.433303473673733,medium
train,ksdd2_11094_aug2,E:\Data (Drive)\IUH\DL\GK\surface-defect-detection\data\images\train\ksdd2_11094_aug2.png,0.674672,0.133438,0.222707,0.050235,50.999902999999996,31.999695000000003,0.011187686145,4.433303473673733,medium
train,ksdd2_11139,E:\Data (Drive)\IUH\DL\GK\surface-defect-detection\data\images\train\ksdd2_11139.png,0.535088,0.416006,0.087719,0.023772,19.999932,15.000132,0.0020852560680000003,3.6900134612148747,small
train,ksdd2_11139,E:\Data (Drive)\IUH\DL\GK\surface-defect-detection\data\images\train\ksdd2_11139.png,0.105263,0.458003,0.210526,0.120444,47.999928,76.000164,0.025356593543999998,1.747916043970642,medium
train,ksdd2_11139,E:\Data (Drive)\IUH\DL\GK\surface-defect-detection\data\images\train\ksdd2_11139.png,0.833333,0.36767,0.192982,0.152139,43.999896,95.999709,0.029360088498,1.2684584491813407,medium
train,ksdd2_11139_aug1,E:\Data (Drive)\IUH\DL\GK\surface-defect-detection\data\images\train\ksdd2_11139_aug1.png,0.464912,0.416006,0.087719,0.023772,19.999932,15.000132,0.0020852560680000003,3.6900134612148747,small
train,ksdd2_11139_aug1,E:\Data (Drive)\IUH\DL\GK\surface-defect-detection\data\images\train\ksdd2_11139_aug1.png,0.894737,0.458003,0.210526,0.120444,47.999928,76.000164,0.025356593543999998,1.747916043970642,medium
train,ksdd2_11139_aug1,E:\Data (Drive)\IUH\DL\GK\surface-defect-detection\data\images\train\ksdd2_11139_aug1.png,0.166667,0.36767,0.192982,0.152139,43.999896,95.999709,0.029360088498,1.2684584491813407,medium
train,ksdd2_11139_aug2,E:\Data (Drive)\IUH\DL\GK\surface-defect-detection\data\images\train\ksdd2_11139_aug2.png,0.535088,0.583994,0.087719,0.023772,19.999932,15.000132,0.0020852560680000003,3.6900134612148747,small
train,ksdd2_11139_aug2,E:\Data (Drive)\IUH\DL\GK\surface-defect-detection\data\images\train\ksdd2_11139_aug2.png,0.105263,0.541997,0.210526,0.120444,47.999928,76.000164,0.025356593543999998,1.747916043970642,medium
train,ksdd2_11139_aug2,E:\Data (Drive)\IUH\DL\GK\surface-defect-detection\data\images\train\ksdd2_11139_aug2.png,0.833333,0.63233,0.192982,0.152139,43.999896,95.999709,0.029360088498,1.2684584491813407,medium
train,ksdd2_11178,E:\Data (Drive)\IUH\DL\GK\surface-defect-detection\data\images\train\ksdd2_11178.png,0.817597,0.838028,0.364807,0.164319,85.00003099999999,104.99984099999999,0.059944721432999996,2.2201145333162935,large
train,ksdd2_11178_aug1,E:\Data (Drive)\IUH\DL\GK\surface-defect-detection\data\images\train\ksdd2_11178_aug1.png,0.182403,0.838028,0.364807,0.164319,85.00003099999999,104.99984099999999,0.059944721432999996,2.2201145333162935,large
train,ksdd2_11178_aug2,E:\Data (Drive)\IUH\DL\GK\surface-defect-detection\data\images\train\ksdd2_11178_aug2.png,0.817597,0.161972,0.364807,0.164319,85.00003099999999,104.99984099999999,0.059944721432999996,2.2201145333162935,large
train,ksdd2_11187,E:\Data (Drive)\IUH\DL\GK\surface-defect-detection\data\images\train\ksdd2_11187.png,0.397059,0.949139,0.138655,0.101721,32.99989,64.999719,0.014104125255,1.3630912004404203,medium
train,ksdd2_11187_aug1,E:\Data (Drive)\IUH\DL\GK\surface-defect-detection\data\images\train\ksdd2_11187_aug1.png,0.602941,0.949139,0.138655,0.101721,32.99989,64.999719,0.014104125255,1.3630912004404203,medium
train,ksdd2_11187_aug2,E:\Data (Drive)\IUH\DL\GK\surface-defect-detection\data\images\train\ksdd2_11187_aug2.png,0.397059,0.050861,0.138655,0.101721,32.99989,64.999719,0.014104125255,1.3630912004404203,medium
train,ksdd2_11190,E:\Data (Drive)\IUH\DL\GK\surface-defect-detection\data\images\train\ksdd2_11190.png,0.331897,0.480377,0.396552,0.094192,92.00006400000001,60.000304,0.037352025984000004,4.210039069135384,medium
train,ksdd2_11190_aug1,E:\Data (Drive)\IUH\DL\GK\surface-defect-detection\data\images\train\ksdd2_11190_aug1.png,0.668103,0.480377,0.396552,0.094192,92.00006400000001,60.000304,0.037352025984000004,4.210039069135384,medium
train,ksdd2_11190_aug2,E:\Data (Drive)\IUH\DL\GK\surface-defect-detection\data\images\train\ksdd2_11190_aug2.png,0.331897,0.519623,0.396552,0.094192,92.00006400000001,60.000304,0.037352025984000004,4.210039069135384,medium
train,ksdd2_11195,E:\Data (Drive)\IUH\DL\GK\surface-defect-detection\data\images\train\ksdd2_11195.png,0.810638,0.056426,0.378723,0.112853,88.999905,72.000214,0.042740026719,3.355896608862857,medium
train,ksdd2_11195_aug1,E:\Data (Drive)\IUH\DL\GK\surface-defect-detection\data\images\train\ksdd2_11195_aug1.png,0.189362,0.056426,0.378723,0.112853,88.999905,72.000214,0.042740026719,3.355896608862857,medium
train,ksdd2_11195_aug2,E:\Data (Drive)\IUH\DL\GK\surface-defect-detection\data\images\train\ksdd2_11195_aug2.png,0.810638,0.943574,0.378723,0.112853,88.999905,72.000214,0.042740026719,3.355896608862857,medium
train,ksdd2_11214,E:\Data (Drive)\IUH\DL\GK\surface-defect-detection\data\images\train\ksdd2_11214.png,0.5,0.459969,1.0,0.379906,231.0,242.000122,0.379906,2.6322300779666548,large
train,ksdd2_11214_aug1,E:\Data (Drive)\IUH\DL\GK\surface-defect-detection\data\images\train\ksdd2_11214_aug1.png,0.5,0.459969,1.0,0.379906,231.0,242.000122,0.379906,2.6322300779666548,large
train,ksdd2_11214_aug2,E:\Data (Drive)\IUH\DL\GK\surface-defect-detection\data\images\train\ksdd2_11214_aug2.png,0.5,0.540031,1.0,0.379906,231.0,242.000122,0.379906,2.6322300779666548,large
train,ksdd2_11242,E:\Data (Drive)\IUH\DL\GK\surface-defect-detection\data\images\train\ksdd2_11242.png,0.451754,0.840031,0.447368,0.081917,101.999904,53.000299000000005,0.036647044456,5.461235152654516,medium
train,ksdd2_11242_aug1,E:\Data (Drive)\IUH\DL\GK\surface-defect-detection\data\images\train\ksdd2_11242_aug1.png,0.548246,0.840031,0.447368,0.081917,101.999904,53.000299000000005,0.036647044456,5.461235152654516,medium
train,ksdd2_11242_aug2,E:\Data (Drive)\IUH\DL\GK\surface-defect-detection\data\images\train\ksdd2_11242_aug2.png,0.451754,0.159969,0.447368,0.081917,101.999904,53.000299000000005,0.036647044456,5.461235152654516,medium
train,ksdd2_11250,E:\Data (Drive)\IUH\DL\GK\surface-defect-detection\data\images\train\ksdd2_11250.png,0.75,0.658556,0.491379,0.089482,113.999928,57.00003400000001,0.04396957567800001,5.491372566549697,medium
train,ksdd2_11250_aug1,E:\Data (Drive)\IUH\DL\GK\surface-defect-detection\data\images\train\ksdd2_11250_aug1.png,0.25,0.658556,0.491379,0.089482,113.999928,57.00003400000001,0.04396957567800001,5.491372566549697,medium
train,ksdd2_11250_aug2,E:\Data (Drive)\IUH\DL\GK\surface-defect-detection\data\images\train\ksdd2_11250_aug2.png,0.75,0.341444,0.491379,0.089482,113.999928,57.00003400000001,0.04396957567800001,5.491372566549697,medium
train,ksdd2_11258,E:\Data (Drive)\IUH\DL\GK\surface-defect-detection\data\images\train\ksdd2_11258.png,0.770042,0.518167,0.375527,0.041074,88.999899,25.999842,0.015424395997999999,9.142693674830793,medium
train,ksdd2_11258_aug1,E:\Data (Drive)\IUH\DL\GK\surface-defect-detection\data\images\train\ksdd2_11258_aug1.png,0.229958,0.518167,0.375527,0.041074,88.999899,25.999842,0.015424395997999999,9.142693674830793,medium
train,ksdd2_11258_aug2,E:\Data (Drive)\IUH\DL\GK\surface-defect-detection\data\images\train\ksdd2_11258_aug2.png,0.770042,0.481833,0.375527,0.041074,88.999899,25.999842,0.015424395997999999,9.142693674830793,medium
train,ksdd2_11269,E:\Data (Drive)\IUH\DL\GK\surface-defect-detection\data\images\train\ksdd2_11269.png,0.283898,0.366822,0.076271,0.017134,17.999956,11.000028,0.001306827314,4.45144157814871,small
train,ksdd2_11269_aug1,E:\Data (Drive)\IUH\DL\GK\surface-defect-detection\data\images\train\ksdd2_11269_aug1.png,0.716102,0.366822,0.076271,0.017134,17.999956,11.000028,0.001306827314,4.45144157814871,small
train,ksdd2_11269_aug2,E:\Data (Drive)\IUH\DL\GK\surface-defect-detection\data\images\train\ksdd2_11269_aug2.png,0.283898,0.633178,0.076271,0.017134,17.999956,11.000028,0.001306827314,4.45144157814871,small
train,ksdd2_11282,E:\Data (Drive)\IUH\DL\GK\surface-defect-detection\data\images\train\ksdd2_11282.png,0.524123,0.421429,0.20614,0.090476,46.999919999999996,56.99988,0.01865072264,2.278394270303727,medium
train,ksdd2_11282_aug1,E:\Data (Drive)\IUH\DL\GK\surface-defect-detection\data\images\train\ksdd2_11282_aug1.png,0.475877,0.421429,0.20614,0.090476,46.999919999999996,56.99988,0.01865072264,2.278394270303727,medium
train,ksdd2_11282_aug2,E:\Data (Drive)\IUH\DL\GK\surface-defect-detection\data\images\train\ksdd2_11282_aug2.png,0.524123,0.578571,0.20614,0.090476,46.999919999999996,56.99988,0.01865072264,2.278394270303727,medium
train,ksdd2_11299,E:\Data (Drive)\IUH\DL\GK\surface-defect-detection\data\images\train\ksdd2_11299.png,0.510823,0.314844,0.225108,0.114062,51.999948,72.99968,0.025676268696,1.9735582402552998,medium
train,ksdd2_11299_aug1,E:\Data (Drive)\IUH\DL\GK\surface-defect-detection\data\images\train\ksdd2_11299_aug1.png,0.489177,0.314844,0.225108,0.114062,51.999948,72.99968,0.025676268696,1.9735582402552998,medium
train,ksdd2_11299_aug2,E:\Data (Drive)\IUH\DL\GK\surface-defect-detection\data\images\train\ksdd2_11299_aug2.png,0.510823,0.685156,0.225108,0.114062,51.999948,72.99968,0.025676268696,1.9735582402552998,medium
train,ksdd2_11315,E:\Data (Drive)\IUH\DL\GK\surface-defect-detection\data\images\train\ksdd2_11315.png,0.5,0.658015,1.0,0.19542,226.0,128.0001,0.19542,5.117183502200389,large
train,ksdd2_11315_aug1,E:\Data (Drive)\IUH\DL\GK\surface-defect-detection\data\images\train\ksdd2_11315_aug1.png,0.5,0.658015,1.0,0.19542,226.0,128.0001,0.19542,5.117183502200389,large
train,ksdd2_11315_aug2,E:\Data (Drive)\IUH\DL\GK\surface-defect-detection\data\images\train\ksdd2_11315_aug2.png,0.5,0.341985,1.0,0.19542,226.0,128.0001,0.19542,5.117183502200389,large
train,ksdd2_11364,E:\Data (Drive)\IUH\DL\GK\surface-defect-detection\data\images\train\ksdd2_11364.png,0.567511,0.420769,0.130802,0.035385,31.000074,23.00025,0.00462842877,3.696538081107814,small
train,ksdd2_11364_aug1,E:\Data (Drive)\IUH\DL\GK\surface-defect-detection\data\images\train\ksdd2_11364_aug1.png,0.432489,0.420769,0.130802,0.035385,31.000074,23.00025,0.00462842877,3.696538081107814,small
train,ksdd2_11364_aug2,E:\Data (Drive)\IUH\DL\GK\surface-defect-detection\data\images\train\ksdd2_11364_aug2.png,0.567511,0.579231,0.130802,0.035385,31.000074,23.00025,0.00462842877,3.696538081107814,small
train,ksdd2_11388,E:\Data (Drive)\IUH\DL\GK\surface-defect-detection\data\images\train\ksdd2_11388.png,0.688034,0.424961,0.410256,0.056872,95.999904,35.999976,0.023332079232,7.213672809115207,medium
train,ksdd2_11388_aug1,E:\Data (Drive)\IUH\DL\GK\surface-defect-detection\data\images\train\ksdd2_11388_aug1.png,0.311966,0.424961,0.410256,0.056872,95.999904,35.999976,0.023332079232,7.213672809115207,medium
train,ksdd2_11388_aug2,E:\Data (Drive)\IUH\DL\GK\surface-defect-detection\data\images\train\ksdd2_11388_aug2.png,0.688034,0.575039,0.410256,0.056872,95.999904,35.999976,0.023332079232,7.213672809115207,medium
train,ksdd2_11404,E:\Data (Drive)\IUH\DL\GK\surface-defect-detection\data\images\train\ksdd2_11404.png,0.189427,0.92217,0.317181,0.15566,72.000087,98.99976,0.049372394459999996,2.0376525761274573,medium
train,ksdd2_11404_aug1,E:\Data (Drive)\IUH\DL\GK\surface-defect-detection\data\images\train\ksdd2_11404_aug1.png,0.810573,0.92217,0.317181,0.15566,72.000087,98.99976,0.049372394459999996,2.0376525761274573,medium
train,ksdd2_11404_aug2,E:\Data (Drive)\IUH\DL\GK\surface-defect-detection\data\images\train\ksdd2_11404_aug2.png,0.189427,0.07783,0.317181,0.15566,72.000087,98.99976,0.049372394459999996,2.0376525761274573,medium
train,ksdd2_11417,E:\Data (Drive)\IUH\DL\GK\surface-defect-detection\data\images\train\ksdd2_11417.png,0.074236,0.022082,0.148472,0.044164,34.000088,27.999976,0.0065571174079999996,3.3618331672855715,small
train,ksdd2_11417_aug1,E:\Data (Drive)\IUH\DL\GK\surface-defect-detection\data\images\train\ksdd2_11417_aug1.png,0.925764,0.022082,0.148472,0.044164,34.000088,27.999976,0.0065571174079999996,3.3618331672855715,small
train,ksdd2_11417_aug2,E:\Data (Drive)\IUH\DL\GK\surface-defect-detection\data\images\train\ksdd2_11417_aug2.png,0.074236,0.977918,0.148472,0.044164,34.000088,27.999976,0.0065571174079999996,3.3618331672855715,small
train,ksdd2_11430,E:\Data (Drive)\IUH\DL\GK\surface-defect-detection\data\images\train\ksdd2_11430.png,0.476087,0.433227,0.421739,0.103339,96.99996999999999,65.000231,0.043582086521,4.08112135786102,medium
train,ksdd2_11430_aug1,E:\Data (Drive)\IUH\DL\GK\surface-defect-detection\data\images\train\ksdd2_11430_aug1.png,0.523913,0.433227,0.421739,0.103339,96.99996999999999,65.000231,0.043582086521,4.08112135786102,medium
train,ksdd2_11430_aug2,E:\Data (Drive)\IUH\DL\GK\surface-defect-detection\data\images\train\ksdd2_11430_aug2.png,0.476087,0.566773,0.421739,0.103339,96.99996999999999,65.000231,0.043582086521,4.08112135786102,medium
train,ksdd2_11432,E:\Data (Drive)\IUH\DL\GK\surface-defect-detection\data\images\train\ksdd2_11432.png,0.606061,0.496875,0.164502,0.121875,37.999962000000004,78.0,0.020048681250000002,1.34976,medium
train,ksdd2_11432_aug1,E:\Data (Drive)\IUH\DL\GK\surface-defect-detection\data\images\train\ksdd2_11432_aug1.png,0.393939,0.496875,0.164502,0.121875,37.999962000000004,78.0,0.020048681250000002,1.34976,medium
train,ksdd2_11432_aug2,E:\Data (Drive)\IUH\DL\GK\surface-defect-detection\data\images\train\ksdd2_11432_aug2.png,0.606061,0.503125,0.164502,0.121875,37.999962000000004,78.0,0.020048681250000002,1.34976,medium
train,ksdd2_11444,E:\Data (Drive)\IUH\DL\GK\surface-defect-detection\data\images\train\ksdd2_11444.png,0.159574,0.647604,0.165957,0.068006,38.999894999999995,43.999882,0.011286071742,2.440328794518131,medium
train,ksdd2_11444,E:\Data (Drive)\IUH\DL\GK\surface-defect-detection\data\images\train\ksdd2_11444.png,0.157447,0.340804,0.085106,0.057187,19.99991,36.999989,0.004866956822000001,1.4882053613583506,small
train,ksdd2_11444,E:\Data (Drive)\IUH\DL\GK\surface-defect-detection\data\images\train\ksdd2_11444.png,0.214894,0.053323,0.140426,0.035549,33.00011,23.000203,0.004992003873999999,3.9502095698894486,small
train,ksdd2_11444_aug1,E:\Data (Drive)\IUH\DL\GK\surface-defect-detection\data\images\train\ksdd2_11444_aug1.png,0.840426,0.647604,0.165957,0.068006,38.999894999999995,43.999882,0.011286071742,2.440328794518131,medium
train,ksdd2_11444_aug1,E:\Data (Drive)\IUH\DL\GK\surface-defect-detection\data\images\train\ksdd2_11444_aug1.png,0.842553,0.340804,0.085106,0.057187,19.99991,36.999989,0.004866956822000001,1.4882053613583506,small
train,ksdd2_11444_aug1,E:\Data (Drive)\IUH\DL\GK\surface-defect-detection\data\images\train\ksdd2_11444_aug1.png,0.785106,0.053323,0.140426,0.035549,33.00011,23.000203,0.004992003873999999,3.9502095698894486,small
train,ksdd2_11444_aug2,E:\Data (Drive)\IUH\DL\GK\surface-defect-detection\data\images\train\ksdd2_11444_aug2.png,0.159574,0.352396,0.165957,0.068006,38.999894999999995,43.999882,0.011286071742,2.440328794518131,medium
train,ksdd2_11444_aug2,E:\Data (Drive)\IUH\DL\GK\surface-defect-detection\data\images\train\ksdd2_11444_aug2.png,0.157447,0.659196,0.085106,0.057187,19.99991,36.999989,0.004866956822000001,1.4882053613583506,small
train,ksdd2_11444_aug2,E:\Data (Drive)\IUH\DL\GK\surface-defect-detection\data\images\train\ksdd2_11444_aug2.png,0.214894,0.946677,0.140426,0.035549,33.00011,23.000203,0.004992003873999999,3.9502095698894486,small
train,ksdd2_11481,E:\Data (Drive)\IUH\DL\GK\surface-defect-detection\data\images\train\ksdd2_11481.png,0.156388,0.548259,0.312775,0.030063,70.999925,18.999816,0.009402954825,10.40398496490703,small
train,ksdd2_11481_aug1,E:\Data (Drive)\IUH\DL\GK\surface-defect-detection\data\images\train\ksdd2_11481_aug1.png,0.843612,0.548259,0.312775,0.030063,70.999925,18.999816,0.009402954825,10.40398496490703,small
train,ksdd2_11481_aug2,E:\Data (Drive)\IUH\DL\GK\surface-defect-detection\data\images\train\ksdd2_11481_aug2.png,0.156388,0.451741,0.312775,0.030063,70.999925,18.999816,0.009402954825,10.40398496490703,small
train,ksdd2_11482,E:\Data (Drive)\IUH\DL\GK\surface-defect-detection\data\images\train\ksdd2_11482.png,0.955319,0.090981,0.080851,0.036392,18.999985000000002,22.999744,0.0029423295920000003,2.2216695977137833,small
train,ksdd2_11482_aug1,E:\Data (Drive)\IUH\DL\GK\surface-defect-detection\data\images\train\ksdd2_11482_aug1.png,0.044681,0.090981,0.080851,0.036392,18.999985000000002,22.999744,0.0029423295920000003,2.2216695977137833,small
train,ksdd2_11482_aug2,E:\Data (Drive)\IUH\DL\GK\surface-defect-detection\data\images\train\ksdd2_11482_aug2.png,0.955319,0.909019,0.080851,0.036392,18.999985000000002,22.999744,0.0029423295920000003,2.2216695977137833,small
train,ksdd2_11500,E:\Data (Drive)\IUH\DL\GK\surface-defect-detection\data\images\train\ksdd2_11500.png,0.303097,0.40873,0.49115,0.173016,110.9999,109.00008,0.08497680839999999,2.838754797244185,large
train,ksdd2_11500_aug1,E:\Data (Drive)\IUH\DL\GK\surface-defect-detection\data\images\train\ksdd2_11500_aug1.png,0.696903,0.40873,0.49115,0.173016,110.9999,109.00008,0.08497680839999999,2.838754797244185,large
train,ksdd2_11500_aug2,E:\Data (Drive)\IUH\DL\GK\surface-defect-detection\data\images\train\ksdd2_11500_aug2.png,0.303097,0.59127,0.49115,0.173016,110.9999,109.00008,0.08497680839999999,2.838754797244185,large
train,ksdd2_11506,E:\Data (Drive)\IUH\DL\GK\surface-defect-detection\data\images\train\ksdd2_11506.png,0.902655,0.020505,0.19469,0.041009,43.99994,25.999706,0.00798404221,4.74749445243727,small
train,ksdd2_11506_aug1,E:\Data (Drive)\IUH\DL\GK\surface-defect-detection\data\images\train\ksdd2_11506_aug1.png,0.097345,0.020505,0.19469,0.041009,43.99994,25.999706,0.00798404221,4.74749445243727,small
train,ksdd2_11506_aug2,E:\Data (Drive)\IUH\DL\GK\surface-defect-detection\data\images\train\ksdd2_11506_aug2.png,0.902655,0.979495,0.19469,0.041009,43.99994,25.999706,0.00798404221,4.74749445243727,small
train,ksdd2_11512,E:\Data (Drive)\IUH\DL\GK\surface-defect-detection\data\images\train\ksdd2_11512.png,0.078603,0.295171,0.052402,0.035826,12.000058,23.000291999999998,0.0018773540519999997,1.4626807346619775,small
train,ksdd2_11512_aug1,E:\Data (Drive)\IUH\DL\GK\surface-defect-detection\data\images\train\ksdd2_11512_aug1.png,0.921397,0.295171,0.052402,0.035826,12.000058,23.000291999999998,0.0018773540519999997,1.4626807346619775,small
train,ksdd2_11512_aug2,E:\Data (Drive)\IUH\DL\GK\surface-defect-detection\data\images\train\ksdd2_11512_aug2.png,0.078603,0.704829,0.052402,0.035826,12.000058,23.000291999999998,0.0018773540519999997,1.4626807346619775,small
train,ksdd2_11543,E:\Data (Drive)\IUH\DL\GK\surface-defect-detection\data\images\train\ksdd2_11543.png,0.173913,0.059524,0.234783,0.119048,54.00009,75.00024,0.027950446583999998,1.9721708890531549,medium
train,ksdd2_11543_aug1,E:\Data (Drive)\IUH\DL\GK\surface-defect-detection\data\images\train\ksdd2_11543_aug1.png,0.826087,0.059524,0.234783,0.119048,54.00009,75.00024,0.027950446583999998,1.9721708890531549,medium
train,ksdd2_11543_aug2,E:\Data (Drive)\IUH\DL\GK\surface-defect-detection\data\images\train\ksdd2_11543_aug2.png,0.173913,0.940476,0.234783,0.119048,54.00009,75.00024,0.027950446583999998,1.9721708890531549,medium
train,ksdd2_11549,E:\Data (Drive)\IUH\DL\GK\surface-defect-detection\data\images\train\ksdd2_11549.png,0.046296,0.917981,0.092593,0.164038,20.000087999999998,104.000092,0.015188770533999998,0.564460673746327,medium
train,ksdd2_11549,E:\Data (Drive)\IUH\DL\GK\surface-defect-detection\data\images\train\ksdd2_11549.png,0.287037,0.642744,0.009259,0.007886,1.999944,4.9997240000000005,7.301647400000001e-05,1.1741060106517878,small
train,ksdd2_11549,E:\Data (Drive)\IUH\DL\GK\surface-defect-detection\data\images\train\ksdd2_11549.png,0.365741,0.597792,0.138889,0.123028,30.000024000000003,77.999752,0.017087235892,1.128921871443899,medium
train,ksdd2_11549_aug1,E:\Data (Drive)\IUH\DL\GK\surface-defect-detection\data\images\train\ksdd2_11549_aug1.png,0.953704,0.917981,0.092593,0.164038,20.000087999999998,104.000092,0.015188770533999998,0.564460673746327,medium
train,ksdd2_11549_aug1,E:\Data (Drive)\IUH\DL\GK\surface-defect-detection\data\images\train\ksdd2_11549_aug1.png,0.712963,0.642744,0.009259,0.007886,1.999944,4.9997240000000005,7.301647400000001e-05,1.1741060106517878,small
train,ksdd2_11549_aug1,E:\Data (Drive)\IUH\DL\GK\surface-defect-detection\data\images\train\ksdd2_11549_aug1.png,0.634259,0.597792,0.138889,0.123028,30.000024000000003,77.999752,0.017087235892,1.128921871443899,medium
train,ksdd2_11549_aug2,E:\Data (Drive)\IUH\DL\GK\surface-defect-detection\data\images\train\ksdd2_11549_aug2.png,0.046296,0.082019,0.092593,0.164038,20.000087999999998,104.000092,0.015188770533999998,0.564460673746327,medium
train,ksdd2_11549_aug2,E:\Data (Drive)\IUH\DL\GK\surface-defect-detection\data\images\train\ksdd2_11549_aug2.png,0.287037,0.357256,0.009259,0.007886,1.999944,4.9997240000000005,7.301647400000001e-05,1.1741060106517878,small
train,ksdd2_11549_aug2,E:\Data (Drive)\IUH\DL\GK\surface-defect-detection\data\images\train\ksdd2_11549_aug2.png,0.365741,0.402208,0.138889,0.123028,30.000024000000003,77.999752,0.017087235892,1.128921871443899,medium
train,ksdd2_11553,E:\Data (Drive)\IUH\DL\GK\surface-defect-detection\data\images\train\ksdd2_11553.png,0.246725,0.506349,0.10917,0.047619,24.99993,29.99997,0.00519856623,2.2925722925722924,small
train,ksdd2_11553_aug1,E:\Data (Drive)\IUH\DL\GK\surface-defect-detection\data\images\train\ksdd2_11553_aug1.png,0.753275,0.506349,0.10917,0.047619,24.99993,29.99997,0.00519856623,2.2925722925722924,small
train,ksdd2_11553_aug2,E:\Data (Drive)\IUH\DL\GK\surface-defect-detection\data\images\train\ksdd2_11553_aug2.png,0.246725,0.493651,0.10917,0.047619,24.99993,29.99997,0.00519856623,2.2925722925722924,small
train,ksdd2_11568,E:\Data (Drive)\IUH\DL\GK\surface-defect-detection\data\images\train\ksdd2_11568.png,0.719565,0.383594,0.56087,0.039062,129.0001,24.999679999999998,0.02190870394,14.358455788234089,medium
train,ksdd2_11568_aug1,E:\Data (Drive)\IUH\DL\GK\surface-defect-detection\data\images\train\ksdd2_11568_aug1.png,0.280435,0.383594,0.56087,0.039062,129.0001,24.999679999999998,0.02190870394,14.358455788234089,medium
train,ksdd2_11568_aug2,E:\Data (Drive)\IUH\DL\GK\surface-defect-detection\data\images\train\ksdd2_11568_aug2.png,0.719565,0.616406,0.56087,0.039062,129.0001,24.999679999999998,0.02190870394,14.358455788234089,medium
train,ksdd2_11573,E:\Data (Drive)\IUH\DL\GK\surface-defect-detection\data\images\train\ksdd2_11573.png,0.525751,0.503894,0.459227,0.066978,106.999891,42.999876,0.030758106006,6.856385678879633,medium
train,ksdd2_11573_aug1,E:\Data (Drive)\IUH\DL\GK\surface-defect-detection\data\images\train\ksdd2_11573_aug1.png,0.474249,0.503894,0.459227,0.066978,106.999891,42.999876,0.030758106006,6.856385678879633,medium
train,ksdd2_11573_aug2,E:\Data (Drive)\IUH\DL\GK\surface-defect-detection\data\images\train\ksdd2_11573_aug2.png,0.525751,0.496106,0.459227,0.066978,106.999891,42.999876,0.030758106006,6.856385678879633,medium
train,ksdd2_11584,E:\Data (Drive)\IUH\DL\GK\surface-defect-detection\data\images\train\ksdd2_11584.png,0.620614,0.611894,0.495614,0.153365,112.999992,98.000235,0.07600984111,3.231597822188896,large
train,ksdd2_11584_aug1,E:\Data (Drive)\IUH\DL\GK\surface-defect-detection\data\images\train\ksdd2_11584_aug1.png,0.379386,0.611894,0.495614,0.153365,112.999992,98.000235,0.07600984111,3.231597822188896,large
train,ksdd2_11584_aug2,E:\Data (Drive)\IUH\DL\GK\surface-defect-detection\data\images\train\ksdd2_11584_aug2.png,0.620614,0.388106,0.495614,0.153365,112.999992,98.000235,0.07600984111,3.231597822188896,large
train,ksdd2_11585,E:\Data (Drive)\IUH\DL\GK\surface-defect-detection\data\images\train\ksdd2_11585.png,0.712054,0.877179,0.575893,0.077655,129.000032,49.000305000000004,0.044720970915,7.416045328697444,medium
train,ksdd2_11585_aug1,E:\Data (Drive)\IUH\DL\GK\surface-defect-detection\data\images\train\ksdd2_11585_aug1.png,0.287946,0.877179,0.575893,0.077655,129.000032,49.000305000000004,0.044720970915,7.416045328697444,medium
train,ksdd2_11585_aug2,E:\Data (Drive)\IUH\DL\GK\surface-defect-detection\data\images\train\ksdd2_11585_aug2.png,0.712054,0.122821,0.575893,0.077655,129.000032,49.000305000000004,0.044720970915,7.416045328697444,medium
train,ksdd2_11590,E:\Data (Drive)\IUH\DL\GK\surface-defect-detection\data\images\train\ksdd2_11590.png,0.363436,0.073872,0.726872,0.147745,164.999944,95.000035,0.10739170363999999,4.919773934820129,large
train,ksdd2_11590_aug1,E:\Data (Drive)\IUH\DL\GK\surface-defect-detection\data\images\train\ksdd2_11590_aug1.png,0.636564,0.073872,0.726872,0.147745,164.999944,95.000035,0.10739170363999999,4.919773934820129,large
train,ksdd2_11590_aug2,E:\Data (Drive)\IUH\DL\GK\surface-defect-detection\data\images\train\ksdd2_11590_aug2.png,0.363436,0.926128,0.726872,0.147745,164.999944,95.000035,0.10739170363999999,4.919773934820129,large
train,ksdd2_11601,E:\Data (Drive)\IUH\DL\GK\surface-defect-detection\data\images\train\ksdd2_11601.png,0.813305,0.481337,0.27897,0.116641,65.00001,75.000163,0.032539339769999995,2.3916976020438785,medium
train,ksdd2_11601_aug1,E:\Data (Drive)\IUH\DL\GK\surface-defect-detection\data\images\train\ksdd2_11601_aug1.png,0.186695,0.481337,0.27897,0.116641,65.00001,75.000163,0.032539339769999995,2.3916976020438785,medium
train,ksdd2_11601_aug2,E:\Data (Drive)\IUH\DL\GK\surface-defect-detection\data\images\train\ksdd2_11601_aug2.png,0.813305,0.518663,0.27897,0.116641,65.00001,75.000163,0.032539339769999995,2.3916976020438785,medium
train,ksdd2_11616,E:\Data (Drive)\IUH\DL\GK\surface-defect-detection\data\images\train\ksdd2_11616.png,0.086207,0.365835,0.146552,0.070203,34.000063999999995,45.000123,0.010288390056,2.0875461162628377,medium
train,ksdd2_11616_aug1,E:\Data (Drive)\IUH\DL\GK\surface-defect-detection\data\images\train\ksdd2_11616_aug1.png,0.913793,0.365835,0.146552,0.070203,34.000063999999995,45.000123,0.010288390056,2.0875461162628377,medium
train,ksdd2_11616_aug2,E:\Data (Drive)\IUH\DL\GK\surface-defect-detection\data\images\train\ksdd2_11616_aug2.png,0.086207,0.634165,0.146552,0.070203,34.000063999999995,45.000123,0.010288390056,2.0875461162628377,medium
train,ksdd2_11629,E:\Data (Drive)\IUH\DL\GK\surface-defect-detection\data\images\train\ksdd2_11629.png,0.822368,0.838558,0.355263,0.219436,80.999964,140.000168,0.07795749166799999,1.6189823000783827,large
train,ksdd2_11629,E:\Data (Drive)\IUH\DL\GK\surface-defect-detection\data\images\train\ksdd2_11629.png,0.217105,0.685737,0.434211,0.098746,99.000108,62.999948,0.042876599406,4.397251534239362,medium
train,ksdd2_11629_aug1,E:\Data (Drive)\IUH\DL\GK\surface-defect-detection\data\images\train\ksdd2_11629_aug1.png,0.177632,0.838558,0.355263,0.219436,80.999964,140.000168,0.07795749166799999,1.6189823000783827,large
train,ksdd2_11629_aug1,E:\Data (Drive)\IUH\DL\GK\surface-defect-detection\data\images\train\ksdd2_11629_aug1.png,0.782895,0.685737,0.434211,0.098746,99.000108,62.999948,0.042876599406,4.397251534239362,medium
train,ksdd2_11629_aug2,E:\Data (Drive)\IUH\DL\GK\surface-defect-detection\data\images\train\ksdd2_11629_aug2.png,0.822368,0.161442,0.355263,0.219436,80.999964,140.000168,0.07795749166799999,1.6189823000783827,large
train,ksdd2_11629_aug2,E:\Data (Drive)\IUH\DL\GK\surface-defect-detection\data\images\train\ksdd2_11629_aug2.png,0.217105,0.314263,0.434211,0.098746,99.000108,62.999948,0.042876599406,4.397251534239362,medium
train,ksdd2_11632,E:\Data (Drive)\IUH\DL\GK\surface-defect-detection\data\images\train\ksdd2_11632.png,0.75974,0.640282,0.160173,0.064263,36.999963,40.999794,0.010293197499000001,2.4924606694365345,medium
train,ksdd2_11632_aug1,E:\Data (Drive)\IUH\DL\GK\surface-defect-detection\data\images\train\ksdd2_11632_aug1.png,0.24026,0.640282,0.160173,0.064263,36.999963,40.999794,0.010293197499000001,2.4924606694365345,medium
train,ksdd2_11632_aug2,E:\Data (Drive)\IUH\DL\GK\surface-defect-detection\data\images\train\ksdd2_11632_aug2.png,0.75974,0.359718,0.160173,0.064263,36.999963,40.999794,0.010293197499000001,2.4924606694365345,medium
train,ksdd2_11641,E:\Data (Drive)\IUH\DL\GK\surface-defect-detection\data\images\train\ksdd2_11641.png,0.244589,0.262992,0.160173,0.037795,36.999963,23.999825,0.006053738535,4.237941526656965,small
train,ksdd2_11641,E:\Data (Drive)\IUH\DL\GK\surface-defect-detection\data\images\train\ksdd2_11641.png,0.114719,0.23622,0.116883,0.031496,26.999973,19.99996,0.0036813469680000003,3.7110426720853438,small
train,ksdd2_11641_aug1,E:\Data (Drive)\IUH\DL\GK\surface-defect-detection\data\images\train\ksdd2_11641_aug1.png,0.755411,0.262992,0.160173,0.037795,36.999963,23.999825,0.006053738535,4.237941526656965,small
train,ksdd2_11641_aug1,E:\Data (Drive)\IUH\DL\GK\surface-defect-detection\data\images\train\ksdd2_11641_aug1.png,0.885281,0.23622,0.116883,0.031496,26.999973,19.99996,0.0036813469680000003,3.7110426720853438,small
train,ksdd2_11641_aug2,E:\Data (Drive)\IUH\DL\GK\surface-defect-detection\data\images\train\ksdd2_11641_aug2.png,0.244589,0.737008,0.160173,0.037795,36.999963,23.999825,0.006053738535,4.237941526656965,small
train,ksdd2_11641_aug2,E:\Data (Drive)\IUH\DL\GK\surface-defect-detection\data\images\train\ksdd2_11641_aug2.png,0.114719,0.76378,0.116883,0.031496,26.999973,19.99996,0.0036813469680000003,3.7110426720853438,small
train,ksdd2_11642,E:\Data (Drive)\IUH\DL\GK\surface-defect-detection\data\images\train\ksdd2_11642.png,0.497854,0.113636,0.48927,0.227273,113.99991,145.00017400000002,0.11119786071,2.1527854166575,large
train,ksdd2_11642_aug1,E:\Data (Drive)\IUH\DL\GK\surface-defect-detection\data\images\train\ksdd2_11642_aug1.png,0.502146,0.113636,0.48927,0.227273,113.99991,145.00017400000002,0.11119786071,2.1527854166575,large
train,ksdd2_11642_aug2,E:\Data (Drive)\IUH\DL\GK\surface-defect-detection\data\images\train\ksdd2_11642_aug2.png,0.497854,0.886364,0.48927,0.227273,113.99991,145.00017400000002,0.11119786071,2.1527854166575,large
train,ksdd2_11658,E:\Data (Drive)\IUH\DL\GK\surface-defect-detection\data\images\train\ksdd2_11658.png,0.942982,0.532132,0.114035,0.017241,25.99998,10.999758,0.001966077435,6.614175511861261,small
train,ksdd2_11658_aug1,E:\Data (Drive)\IUH\DL\GK\surface-defect-detection\data\images\train\ksdd2_11658_aug1.png,0.057018,0.532132,0.114035,0.017241,25.99998,10.999758,0.001966077435,6.614175511861261,small
train,ksdd2_11658_aug2,E:\Data (Drive)\IUH\DL\GK\surface-defect-detection\data\images\train\ksdd2_11658_aug2.png,0.942982,0.467868,0.114035,0.017241,25.99998,10.999758,0.001966077435,6.614175511861261,small
train,ksdd2_11669,E:\Data (Drive)\IUH\DL\GK\surface-defect-detection\data\images\train\ksdd2_11669.png,0.583691,0.896445,0.32618,0.188563,75.99994000000001,122.00026100000001,0.06150547934000001,1.7298197419430112,large
train,ksdd2_11669_aug1,E:\Data (Drive)\IUH\DL\GK\surface-defect-detection\data\images\train\ksdd2_11669_aug1.png,0.416309,0.896445,0.32618,0.188563,75.99994000000001,122.00026100000001,0.06150547934000001,1.7298197419430112,large
train,ksdd2_11669_aug2,E:\Data (Drive)\IUH\DL\GK\surface-defect-detection\data\images\train\ksdd2_11669_aug2.png,0.583691,0.103555,0.32618,0.188563,75.99994000000001,122.00026100000001,0.06150547934000001,1.7298197419430112,large
train,ksdd2_11695,E:\Data (Drive)\IUH\DL\GK\surface-defect-detection\data\images\train\ksdd2_11695.png,0.108911,0.741406,0.148515,0.045312,30.000030000000002,28.999679999999998,0.00672951168,3.277608580508475,small
train,ksdd2_11695_aug1,E:\Data (Drive)\IUH\DL\GK\surface-defect-detection\data\images\train\ksdd2_11695_aug1.png,0.891089,0.741406,0.148515,0.045312,30.000030000000002,28.999679999999998,0.00672951168,3.277608580508475,small
train,ksdd2_11695_aug2,E:\Data (Drive)\IUH\DL\GK\surface-defect-detection\data\images\train\ksdd2_11695_aug2.png,0.108911,0.258594,0.148515,0.045312,30.000030000000002,28.999679999999998,0.00672951168,3.277608580508475,small
train,ksdd2_11711,E:\Data (Drive)\IUH\DL\GK\surface-defect-detection\data\images\train\ksdd2_11711.png,0.306383,0.470497,0.229787,0.043478,53.999945,27.999832,0.009990679186,5.2851327107962645,small
train,ksdd2_11711_aug1,E:\Data (Drive)\IUH\DL\GK\surface-defect-detection\data\images\train\ksdd2_11711_aug1.png,0.693617,0.470497,0.229787,0.043478,53.999945,27.999832,0.009990679186,5.2851327107962645,small
train,ksdd2_11711_aug2,E:\Data (Drive)\IUH\DL\GK\surface-defect-detection\data\images\train\ksdd2_11711_aug2.png,0.306383,0.529503,0.229787,0.043478,53.999945,27.999832,0.009990679186,5.2851327107962645,small
train,ksdd2_11713,E:\Data (Drive)\IUH\DL\GK\surface-defect-detection\data\images\train\ksdd2_11713.png,0.131004,0.589482,0.262009,0.070644,60.000060999999995,45.000228,0.018509363796,3.7088641639771245,medium
train,ksdd2_11713_aug1,E:\Data (Drive)\IUH\DL\GK\surface-defect-detection\data\images\train\ksdd2_11713_aug1.png,0.868996,0.589482,0.262009,0.070644,60.000060999999995,45.000228,0.018509363796,3.7088641639771245,medium
train,ksdd2_11713_aug2,E:\Data (Drive)\IUH\DL\GK\surface-defect-detection\data\images\train\ksdd2_11713_aug2.png,0.131004,0.410518,0.262009,0.070644,60.000060999999995,45.000228,0.018509363796,3.7088641639771245,medium
train,ksdd2_11739,E:\Data (Drive)\IUH\DL\GK\surface-defect-detection\data\images\train\ksdd2_11739.png,0.901869,0.112676,0.084112,0.100156,17.999968000000003,63.999683999999995,0.008424321472,0.8398098965613644,small
train,ksdd2_11739_aug1,E:\Data (Drive)\IUH\DL\GK\surface-defect-detection\data\images\train\ksdd2_11739_aug1.png,0.098131,0.112676,0.084112,0.100156,17.999968000000003,63.999683999999995,0.008424321472,0.8398098965613644,small
train,ksdd2_11739_aug2,E:\Data (Drive)\IUH\DL\GK\surface-defect-detection\data\images\train\ksdd2_11739_aug2.png,0.901869,0.887324,0.084112,0.100156,17.999968000000003,63.999683999999995,0.008424321472,0.8398098965613644,small
train,ksdd2_11750,E:\Data (Drive)\IUH\DL\GK\surface-defect-detection\data\images\train\ksdd2_11750.png,0.078947,0.322379,0.157895,0.312989,36.000060000000005,199.99997100000002,0.049419398155,0.5044745981488167,medium
train,ksdd2_11750_aug1,E:\Data (Drive)\IUH\DL\GK\surface-defect-detection\data\images\train\ksdd2_11750_aug1.png,0.921053,0.322379,0.157895,0.312989,36.000060000000005,199.99997100000002,0.049419398155,0.5044745981488167,medium
train,ksdd2_11750_aug2,E:\Data (Drive)\IUH\DL\GK\surface-defect-detection\data\images\train\ksdd2_11750_aug2.png,0.078947,0.677621,0.157895,0.312989,36.000060000000005,199.99997100000002,0.049419398155,0.5044745981488167,medium
train,ksdd2_11770,E:\Data (Drive)\IUH\DL\GK\surface-defect-detection\data\images\train\ksdd2_11770.png,0.225446,0.848892,0.450893,0.302215,101.000032,190.99988000000002,0.136266627995,1.491961021127343,large
train,ksdd2_11770_aug1,E:\Data (Drive)\IUH\DL\GK\surface-defect-detection\data\images\train\ksdd2_11770_aug1.png,0.774554,0.848892,0.450893,0.302215,101.000032,190.99988000000002,0.136266627995,1.491961021127343,large
train,ksdd2_11770_aug2,E:\Data (Drive)\IUH\DL\GK\surface-defect-detection\data\images\train\ksdd2_11770_aug2.png,0.225446,0.151108,0.450893,0.302215,101.000032,190.99988000000002,0.136266627995,1.491961021127343,large
train,ksdd2_11804,E:\Data (Drive)\IUH\DL\GK\surface-defect-detection\data\images\train\ksdd2_11804.png,0.683036,0.115987,0.303571,0.115987,67.999904,73.999706,0.035210289577,2.6172846956986557,medium
train,ksdd2_11804_aug1,E:\Data (Drive)\IUH\DL\GK\surface-defect-detection\data\images\train\ksdd2_11804_aug1.png,0.316964,0.115987,0.303571,0.115987,67.999904,73.999706,0.035210289577,2.6172846956986557,medium
train,ksdd2_11804_aug2,E:\Data (Drive)\IUH\DL\GK\surface-defect-detection\data\images\train\ksdd2_11804_aug2.png,0.683036,0.884013,0.303571,0.115987,67.999904,73.999706,0.035210289577,2.6172846956986557,medium
train,ksdd2_11808,E:\Data (Drive)\IUH\DL\GK\surface-defect-detection\data\images\train\ksdd2_11808.png,0.594388,0.098116,0.627551,0.196232,122.999996,124.99978399999999,0.12314558783199998,3.1980054221533694,large
train,ksdd2_11808_aug1,E:\Data (Drive)\IUH\DL\GK\surface-defect-detection\data\images\train\ksdd2_11808_aug1.png,0.405612,0.098116,0.627551,0.196232,122.999996,124.99978399999999,0.12314558783199998,3.1980054221533694,large
train,ksdd2_11808_aug2,E:\Data (Drive)\IUH\DL\GK\surface-defect-detection\data\images\train\ksdd2_11808_aug2.png,0.594388,0.901884,0.627551,0.196232,122.999996,124.99978399999999,0.12314558783199998,3.1980054221533694,large
train,ksdd2_11832,E:\Data (Drive)\IUH\DL\GK\surface-defect-detection\data\images\train\ksdd2_11832.png,0.100877,0.294811,0.201754,0.117925,45.999911999999995,75.0003,0.02379184045,1.7108670765316938,medium
train,ksdd2_11832_aug1,E:\Data (Drive)\IUH\DL\GK\surface-defect-detection\data\images\train\ksdd2_11832_aug1.png,0.899123,0.294811,0.201754,0.117925,45.999911999999995,75.0003,0.02379184045,1.7108670765316938,medium
train,ksdd2_11832_aug2,E:\Data (Drive)\IUH\DL\GK\surface-defect-detection\data\images\train\ksdd2_11832_aug2.png,0.100877,0.705189,0.201754,0.117925,45.999911999999995,75.0003,0.02379184045,1.7108670765316938,medium
train,ksdd2_11851,E:\Data (Drive)\IUH\DL\GK\surface-defect-detection\data\images\train\ksdd2_11851.png,0.396552,0.92236,0.12069,0.15528,28.00008,100.00032,0.0187407432,0.777241112828439,medium
train,ksdd2_11851_aug1,E:\Data (Drive)\IUH\DL\GK\surface-defect-detection\data\images\train\ksdd2_11851_aug1.png,0.603448,0.92236,0.12069,0.15528,28.00008,100.00032,0.0187407432,0.777241112828439,medium
train,ksdd2_11851_aug2,E:\Data (Drive)\IUH\DL\GK\surface-defect-detection\data\images\train\ksdd2_11851_aug2.png,0.396552,0.07764,0.12069,0.15528,28.00008,100.00032,0.0187407432,0.777241112828439,medium
train,ksdd2_11870,E:\Data (Drive)\IUH\DL\GK\surface-defect-detection\data\images\train\ksdd2_11870.png,0.130435,0.120717,0.165217,0.241433,37.99991,154.999986,0.039888835961,0.684318216648097,medium
train,ksdd2_11870_aug1,E:\Data (Drive)\IUH\DL\GK\surface-defect-detection\data\images\train\ksdd2_11870_aug1.png,0.869565,0.120717,0.165217,0.241433,37.99991,154.999986,0.039888835961,0.684318216648097,medium
train,ksdd2_11870_aug2,E:\Data (Drive)\IUH\DL\GK\surface-defect-detection\data\images\train\ksdd2_11870_aug2.png,0.130435,0.879283,0.165217,0.241433,37.99991,154.999986,0.039888835961,0.684318216648097,medium
train,ksdd2_11874,E:\Data (Drive)\IUH\DL\GK\surface-defect-detection\data\images\train\ksdd2_11874.png,0.244541,0.216216,0.489083,0.422893,112.000007,265.999697,0.206829777119,1.1565171331755313,large
train,ksdd2_11874_aug1,E:\Data (Drive)\IUH\DL\GK\surface-defect-detection\data\images\train\ksdd2_11874_aug1.png,0.755459,0.216216,0.489083,0.422893,112.000007,265.999697,0.206829777119,1.1565171331755313,large
train,ksdd2_11874_aug2,E:\Data (Drive)\IUH\DL\GK\surface-defect-detection\data\images\train\ksdd2_11874_aug2.png,0.244541,0.783784,0.489083,0.422893,112.000007,265.999697,0.206829777119,1.1565171331755313,large
train,ksdd2_11884,E:\Data (Drive)\IUH\DL\GK\surface-defect-detection\data\images\train\ksdd2_11884.png,0.134199,0.2891,0.190476,0.066351,43.999956000000005,42.00018299999999,0.012638273076,2.87073292037799,medium
train,ksdd2_11884_aug1,E:\Data (Drive)\IUH\DL\GK\surface-defect-detection\data\images\train\ksdd2_11884_aug1.png,0.865801,0.2891,0.190476,0.066351,43.999956000000005,42.00018299999999,0.012638273076,2.87073292037799,medium
train,ksdd2_11884_aug2,E:\Data (Drive)\IUH\DL\GK\surface-defect-detection\data\images\train\ksdd2_11884_aug2.png,0.134199,0.7109,0.190476,0.066351,43.999956000000005,42.00018299999999,0.012638273076,2.87073292037799,medium
train,ksdd2_11899,E:\Data (Drive)\IUH\DL\GK\surface-defect-detection\data\images\train\ksdd2_11899.png,0.169604,0.474684,0.339207,0.199367,76.999989,125.999944,0.06762668196899999,1.7014199942819022,large
train,ksdd2_11899_aug1,E:\Data (Drive)\IUH\DL\GK\surface-defect-detection\data\images\train\ksdd2_11899_aug1.png,0.830396,0.474684,0.339207,0.199367,76.999989,125.999944,0.06762668196899999,1.7014199942819022,large
train,ksdd2_11899_aug2,E:\Data (Drive)\IUH\DL\GK\surface-defect-detection\data\images\train\ksdd2_11899_aug2.png,0.169604,0.525316,0.339207,0.199367,76.999989,125.999944,0.06762668196899999,1.7014199942819022,large
train,ksdd2_11905,E:\Data (Drive)\IUH\DL\GK\surface-defect-detection\data\images\train\ksdd2_11905.png,0.048246,0.452305,0.096491,0.042925,21.999948,26.999824999999998,0.004141876175,2.247897495631916,small
train,ksdd2_11905,E:\Data (Drive)\IUH\DL\GK\surface-defect-detection\data\images\train\ksdd2_11905.png,0.125,0.09062,0.241228,0.18124,54.999984,113.99996,0.043720162720000004,1.3309865371882585,medium
train,ksdd2_11905_aug1,E:\Data (Drive)\IUH\DL\GK\surface-defect-detection\data\images\train\ksdd2_11905_aug1.png,0.951754,0.452305,0.096491,0.042925,21.999948,26.999824999999998,0.004141876175,2.247897495631916,small
train,ksdd2_11905_aug1,E:\Data (Drive)\IUH\DL\GK\surface-defect-detection\data\images\train\ksdd2_11905_aug1.png,0.875,0.09062,0.241228,0.18124,54.999984,113.99996,0.043720162720000004,1.3309865371882585,medium
train,ksdd2_11905_aug2,E:\Data (Drive)\IUH\DL\GK\surface-defect-detection\data\images\train\ksdd2_11905_aug2.png,0.048246,0.547695,0.096491,0.042925,21.999948,26.999824999999998,0.004141876175,2.247897495631916,small
train,ksdd2_11905_aug2,E:\Data (Drive)\IUH\DL\GK\surface-defect-detection\data\images\train\ksdd2_11905_aug2.png,0.125,0.90938,0.241228,0.18124,54.999984,113.99996,0.043720162720000004,1.3309865371882585,medium
train,ksdd2_11912,E:\Data (Drive)\IUH\DL\GK\surface-defect-detection\data\images\train\ksdd2_11912.png,0.904348,0.690551,0.052174,0.020472,12.00002,12.99972,0.001068106128,2.5485541227041812,small
train,ksdd2_11912_aug1,E:\Data (Drive)\IUH\DL\GK\surface-defect-detection\data\images\train\ksdd2_11912_aug1.png,0.095652,0.690551,0.052174,0.020472,12.00002,12.99972,0.001068106128,2.5485541227041812,small
train,ksdd2_11912_aug2,E:\Data (Drive)\IUH\DL\GK\surface-defect-detection\data\images\train\ksdd2_11912_aug2.png,0.904348,0.309449,0.052174,0.020472,12.00002,12.99972,0.001068106128,2.5485541227041812,small
train,ksdd2_11917,E:\Data (Drive)\IUH\DL\GK\surface-defect-detection\data\images\train\ksdd2_11917.png,0.367391,0.936421,0.7,0.127159,161.0,81.000283,0.08901129999999999,5.504919038369286,large
train,ksdd2_11917,E:\Data (Drive)\IUH\DL\GK\surface-defect-detection\data\images\train\ksdd2_11917.png,0.086957,0.169545,0.173913,0.339089,39.999990000000004,215.99969299999998,0.058971985257,0.5128830484032216,large
train,ksdd2_11917_aug1,E:\Data (Drive)\IUH\DL\GK\surface-defect-detection\data\images\train\ksdd2_11917_aug1.png,0.632609,0.936421,0.7,0.127159,161.0,81.000283,0.08901129999999999,5.504919038369286,large
train,ksdd2_11917_aug1,E:\Data (Drive)\IUH\DL\GK\surface-defect-detection\data\images\train\ksdd2_11917_aug1.png,0.913043,0.169545,0.173913,0.339089,39.999990000000004,215.99969299999998,0.058971985257,0.5128830484032216,large
train,ksdd2_11917_aug2,E:\Data (Drive)\IUH\DL\GK\surface-defect-detection\data\images\train\ksdd2_11917_aug2.png,0.367391,0.063579,0.7,0.127159,161.0,81.000283,0.08901129999999999,5.504919038369286,large
train,ksdd2_11917_aug2,E:\Data (Drive)\IUH\DL\GK\surface-defect-detection\data\images\train\ksdd2_11917_aug2.png,0.086957,0.830455,0.173913,0.339089,39.999990000000004,215.99969299999998,0.058971985257,0.5128830484032216,large
train,ksdd2_11923,E:\Data (Drive)\IUH\DL\GK\surface-defect-detection\data\images\train\ksdd2_11923.png,0.554585,0.537559,0.89083,0.198748,204.00007,126.999972,0.17705068084,4.482208625998752,large
train,ksdd2_11923_aug1,E:\Data (Drive)\IUH\DL\GK\surface-defect-detection\data\images\train\ksdd2_11923_aug1.png,0.445415,0.537559,0.89083,0.198748,204.00007,126.999972,0.17705068084,4.482208625998752,large
train,ksdd2_11923_aug2,E:\Data (Drive)\IUH\DL\GK\surface-defect-detection\data\images\train\ksdd2_11923_aug2.png,0.554585,0.462441,0.89083,0.198748,204.00007,126.999972,0.17705068084,4.482208625998752,large
train,ksdd2_11924,E:\Data (Drive)\IUH\DL\GK\surface-defect-detection\data\images\train\ksdd2_11924.png,0.4869,0.482171,0.283843,0.055814,65.00004700000001,36.00003,0.015842413202,5.085516178736517,medium
train,ksdd2_11924_aug1,E:\Data (Drive)\IUH\DL\GK\surface-defect-detection\data\images\train\ksdd2_11924_aug1.png,0.5131,0.482171,0.283843,0.055814,65.00004700000001,36.00003,0.015842413202,5.085516178736517,medium
train,ksdd2_11924_aug2,E:\Data (Drive)\IUH\DL\GK\surface-defect-detection\data\images\train\ksdd2_11924_aug2.png,0.4869,0.517829,0.283843,0.055814,65.00004700000001,36.00003,0.015842413202,5.085516178736517,medium
train,ksdd2_11956,E:\Data (Drive)\IUH\DL\GK\surface-defect-detection\data\images\train\ksdd2_11956.png,0.417749,0.468019,0.108225,0.018721,24.999975,12.000161,0.0020260802250000004,5.780941189039047,small
train,ksdd2_11956,E:\Data (Drive)\IUH\DL\GK\surface-defect-detection\data\images\train\ksdd2_11956.png,0.829004,0.152106,0.151515,0.113885,34.999965,73.000285,0.017255285775,1.3304210387671775,medium
train,ksdd2_11956_aug1,E:\Data (Drive)\IUH\DL\GK\surface-defect-detection\data\images\train\ksdd2_11956_aug1.png,0.582251,0.468019,0.108225,0.018721,24.999975,12.000161,0.0020260802250000004,5.780941189039047,small
train,ksdd2_11956_aug1,E:\Data (Drive)\IUH\DL\GK\surface-defect-detection\data\images\train\ksdd2_11956_aug1.png,0.170996,0.152106,0.151515,0.113885,34.999965,73.000285,0.017255285775,1.3304210387671775,medium
train,ksdd2_11956_aug2,E:\Data (Drive)\IUH\DL\GK\surface-defect-detection\data\images\train\ksdd2_11956_aug2.png,0.417749,0.531981,0.108225,0.018721,24.999975,12.000161,0.0020260802250000004,5.780941189039047,small
train,ksdd2_11956_aug2,E:\Data (Drive)\IUH\DL\GK\surface-defect-detection\data\images\train\ksdd2_11956_aug2.png,0.829004,0.847894,0.151515,0.113885,34.999965,73.000285,0.017255285775,1.3304210387671775,medium
train,ksdd2_11957,E:\Data (Drive)\IUH\DL\GK\surface-defect-detection\data\images\train\ksdd2_11957.png,0.933628,0.045242,0.132743,0.090484,29.999918,58.000243999999995,0.012011117612,1.46703284558596,medium
train,ksdd2_11957_aug1,E:\Data (Drive)\IUH\DL\GK\surface-defect-detection\data\images\train\ksdd2_11957_aug1.png,0.066372,0.045242,0.132743,0.090484,29.999918,58.000243999999995,0.012011117612,1.46703284558596,medium
train,ksdd2_11957_aug2,E:\Data (Drive)\IUH\DL\GK\surface-defect-detection\data\images\train\ksdd2_11957_aug2.png,0.933628,0.954758,0.132743,0.090484,29.999918,58.000243999999995,0.012011117612,1.46703284558596,medium
train,ksdd2_11962,E:\Data (Drive)\IUH\DL\GK\surface-defect-detection\data\images\train\ksdd2_11962.png,0.25974,0.382031,0.277056,0.114062,63.999936000000005,72.99968,0.031601561472,2.4289947572372923,medium
train,ksdd2_11962_aug1,E:\Data (Drive)\IUH\DL\GK\surface-defect-detection\data\images\train\ksdd2_11962_aug1.png,0.74026,0.382031,0.277056,0.114062,63.999936000000005,72.99968,0.031601561472,2.4289947572372923,medium
train,ksdd2_11962_aug2,E:\Data (Drive)\IUH\DL\GK\surface-defect-detection\data\images\train\ksdd2_11962_aug2.png,0.25974,0.617969,0.277056,0.114062,63.999936000000005,72.99968,0.031601561472,2.4289947572372923,medium
train,ksdd2_11969,E:\Data (Drive)\IUH\DL\GK\surface-defect-detection\data\images\train\ksdd2_11969.png,0.740088,0.811594,0.088106,0.074074,20.000062,45.999954,0.006526363844,1.1894321894321895,small
train,ksdd2_11969_aug1,E:\Data (Drive)\IUH\DL\GK\surface-defect-detection\data\images\train\ksdd2_11969_aug1.png,0.259912,0.811594,0.088106,0.074074,20.000062,45.999954,0.006526363844,1.1894321894321895,small
train,ksdd2_11969_aug2,E:\Data (Drive)\IUH\DL\GK\surface-defect-detection\data\images\train\ksdd2_11969_aug2.png,0.740088,0.188406,0.088106,0.074074,20.000062,45.999954,0.006526363844,1.1894321894321895,small
train,ksdd2_11980,E:\Data (Drive)\IUH\DL\GK\surface-defect-detection\data\images\train\ksdd2_11980.png,0.058442,0.081903,0.116883,0.163807,26.999973,105.000287,0.019146253581,0.7135409353690624,medium
train,ksdd2_11980_aug1,E:\Data (Drive)\IUH\DL\GK\surface-defect-detection\data\images\train\ksdd2_11980_aug1.png,0.941558,0.081903,0.116883,0.163807,26.999973,105.000287,0.019146253581,0.7135409353690624,medium
train,ksdd2_11980_aug2,E:\Data (Drive)\IUH\DL\GK\surface-defect-detection\data\images\train\ksdd2_11980_aug2.png,0.058442,0.918097,0.116883,0.163807,26.999973,105.000287,0.019146253581,0.7135409353690624,medium
train,ksdd2_11986,E:\Data (Drive)\IUH\DL\GK\surface-defect-detection\data\images\train\ksdd2_11986.png,0.506522,0.498428,0.326087,0.028302,75.00001,18.000072,0.009228914274000001,11.521694579888347,small
train,ksdd2_11986_aug1,E:\Data (Drive)\IUH\DL\GK\surface-defect-detection\data\images\train\ksdd2_11986_aug1.png,0.493478,0.498428,0.326087,0.028302,75.00001,18.000072,0.009228914274000001,11.521694579888347,small
train,ksdd2_11986_aug2,E:\Data (Drive)\IUH\DL\GK\surface-defect-detection\data\images\train\ksdd2_11986_aug2.png,0.506522,0.501572,0.326087,0.028302,75.00001,18.000072,0.009228914274000001,11.521694579888347,small
train,ksdd2_12008,E:\Data (Drive)\IUH\DL\GK\surface-defect-detection\data\images\train\ksdd2_12008.png,0.198718,0.664587,0.380342,0.230889,89.000028,147.999849,0.087816784038,1.6472937212253507,large
train,ksdd2_12008_aug1,E:\Data (Drive)\IUH\DL\GK\surface-defect-detection\data\images\train\ksdd2_12008_aug1.png,0.801282,0.664587,0.380342,0.230889,89.000028,147.999849,0.087816784038,1.6472937212253507,large
train,ksdd2_12008_aug2,E:\Data (Drive)\IUH\DL\GK\surface-defect-detection\data\images\train\ksdd2_12008_aug2.png,0.198718,0.335413,0.380342,0.230889,89.000028,147.999849,0.087816784038,1.6472937212253507,large
train,ksdd2_12026,E:\Data (Drive)\IUH\DL\GK\surface-defect-detection\data\images\train\ksdd2_12026.png,0.390558,0.508661,0.386266,0.091339,89.999978,58.000265,0.035281150174,4.228927402314455,medium
train,ksdd2_12026_aug1,E:\Data (Drive)\IUH\DL\GK\surface-defect-detection\data\images\train\ksdd2_12026_aug1.png,0.609442,0.508661,0.386266,0.091339,89.999978,58.000265,0.035281150174,4.228927402314455,medium
train,ksdd2_12026_aug2,E:\Data (Drive)\IUH\DL\GK\surface-defect-detection\data\images\train\ksdd2_12026_aug2.png,0.390558,0.491339,0.386266,0.091339,89.999978,58.000265,0.035281150174,4.228927402314455,medium
train,ksdd2_12041,E:\Data (Drive)\IUH\DL\GK\surface-defect-detection\data\images\train\ksdd2_12041.png,0.923581,0.293978,0.082969,0.042789,18.999901,26.999859,0.003550160541,1.939026385285938,small
train,ksdd2_12041_aug1,E:\Data (Drive)\IUH\DL\GK\surface-defect-detection\data\images\train\ksdd2_12041_aug1.png,0.076419,0.293978,0.082969,0.042789,18.999901,26.999859,0.003550160541,1.939026385285938,small
train,ksdd2_12041_aug2,E:\Data (Drive)\IUH\DL\GK\surface-defect-detection\data\images\train\ksdd2_12041_aug2.png,0.923581,0.706022,0.082969,0.042789,18.999901,26.999859,0.003550160541,1.939026385285938,small
train,ksdd2_12056,E:\Data (Drive)\IUH\DL\GK\surface-defect-detection\data\images\train\ksdd2_12056.png,0.304348,0.123256,0.608696,0.246512,140.00008,159.00024000000002,0.15005086835200002,2.469234763419225,large
train,ksdd2_12056_aug1,E:\Data (Drive)\IUH\DL\GK\surface-defect-detection\data\images\train\ksdd2_12056_aug1.png,0.695652,0.123256,0.608696,0.246512,140.00008,159.00024000000002,0.15005086835200002,2.469234763419225,large
train,ksdd2_12056_aug2,E:\Data (Drive)\IUH\DL\GK\surface-defect-detection\data\images\train\ksdd2_12056_aug2.png,0.304348,0.876744,0.608696,0.246512,140.00008,159.00024000000002,0.15005086835200002,2.469234763419225,large
train,ksdd2_12070,E:\Data (Drive)\IUH\DL\GK\surface-defect-detection\data\images\train\ksdd2_12070.png,0.795652,0.501563,0.347826,0.028125,79.99998000000001,18.0,0.00978260625,12.367146666666667,small
train,ksdd2_12070_aug1,E:\Data (Drive)\IUH\DL\GK\surface-defect-detection\data\images\train\ksdd2_12070_aug1.png,0.204348,0.501563,0.347826,0.028125,79.99998000000001,18.0,0.00978260625,12.367146666666667,small
train,ksdd2_12070_aug2,E:\Data (Drive)\IUH\DL\GK\surface-defect-detection\data\images\train\ksdd2_12070_aug2.png,0.795652,0.498437,0.347826,0.028125,79.99998000000001,18.0,0.00978260625,12.367146666666667,small
train,ksdd2_12071,E:\Data (Drive)\IUH\DL\GK\surface-defect-detection\data\images\train\ksdd2_12071.png,0.517316,0.229495,0.792208,0.458991,183.000048,291.000294,0.363616342128,1.725977197809979,large
train,ksdd2_12071_aug1,E:\Data (Drive)\IUH\DL\GK\surface-defect-detection\data\images\train\ksdd2_12071_aug1.png,0.482684,0.229495,0.792208,0.458991,183.000048,291.000294,0.363616342128,1.725977197809979,large
train,ksdd2_12071_aug2,E:\Data (Drive)\IUH\DL\GK\surface-defect-detection\data\images\train\ksdd2_12071_aug2.png,0.517316,0.770505,0.792208,0.458991,183.000048,291.000294,0.363616342128,1.725977197809979,large
train,ksdd2_12080,E:\Data (Drive)\IUH\DL\GK\surface-defect-detection\data\images\train\ksdd2_12080.png,0.502174,0.355326,0.621739,0.084261,142.99997000000002,53.000169,0.052388349879000005,7.378727999905057,large
train,ksdd2_12080_aug1,E:\Data (Drive)\IUH\DL\GK\surface-defect-detection\data\images\train\ksdd2_12080_aug1.png,0.497826,0.355326,0.621739,0.084261,142.99997000000002,53.000169,0.052388349879000005,7.378727999905057,large
train,ksdd2_12080_aug2,E:\Data (Drive)\IUH\DL\GK\surface-defect-detection\data\images\train\ksdd2_12080_aug2.png,0.502174,0.644674,0.621739,0.084261,142.99997000000002,53.000169,0.052388349879000005,7.378727999905057,large
train,ksdd2_12081,E:\Data (Drive)\IUH\DL\GK\surface-defect-detection\data\images\train\ksdd2_12081.png,0.765217,0.305732,0.234783,0.076433,54.00009,47.999924,0.017945169038999998,3.0717491136027633,medium
train,ksdd2_12081_aug1,E:\Data (Drive)\IUH\DL\GK\surface-defect-detection\data\images\train\ksdd2_12081_aug1.png,0.234783,0.305732,0.234783,0.076433,54.00009,47.999924,0.017945169038999998,3.0717491136027633,medium
train,ksdd2_12081_aug2,E:\Data (Drive)\IUH\DL\GK\surface-defect-detection\data\images\train\ksdd2_12081_aug2.png,0.765217,0.694268,0.234783,0.076433,54.00009,47.999924,0.017945169038999998,3.0717491136027633,medium
train,ksdd2_12105,E:\Data (Drive)\IUH\DL\GK\surface-defect-detection\data\images\train\ksdd2_12105.png,0.830435,0.541599,0.33913,0.065253,77.9999,40.000089,0.02212924989,5.197155686328597,medium
train,ksdd2_12105_aug1,E:\Data (Drive)\IUH\DL\GK\surface-defect-detection\data\images\train\ksdd2_12105_aug1.png,0.169565,0.541599,0.33913,0.065253,77.9999,40.000089,0.02212924989,5.197155686328597,medium
train,ksdd2_12105_aug2,E:\Data (Drive)\IUH\DL\GK\surface-defect-detection\data\images\train\ksdd2_12105_aug2.png,0.830435,0.458401,0.33913,0.065253,77.9999,40.000089,0.02212924989,5.197155686328597,medium
train,ksdd2_12109,E:\Data (Drive)\IUH\DL\GK\surface-defect-detection\data\images\train\ksdd2_12109.png,0.674569,0.950158,0.150862,0.052215,34.999984,32.99988,0.007877259329999999,2.88924638513837,small
train,ksdd2_12109_aug1,E:\Data (Drive)\IUH\DL\GK\surface-defect-detection\data\images\train\ksdd2_12109_aug1.png,0.325431,0.950158,0.150862,0.052215,34.999984,32.99988,0.007877259329999999,2.88924638513837,small
train,ksdd2_12109_aug2,E:\Data (Drive)\IUH\DL\GK\surface-defect-detection\data\images\train\ksdd2_12109_aug2.png,0.674569,0.049842,0.150862,0.052215,34.999984,32.99988,0.007877259329999999,2.88924638513837,small
train,ksdd2_12131,E:\Data (Drive)\IUH\DL\GK\surface-defect-detection\data\images\train\ksdd2_12131.png,0.752174,0.837948,0.217391,0.099349,49.99993,61.000286,0.021597578459,2.1881548883229827,medium
train,ksdd2_12131_aug1,E:\Data (Drive)\IUH\DL\GK\surface-defect-detection\data\images\train\ksdd2_12131_aug1.png,0.247826,0.837948,0.217391,0.099349,49.99993,61.000286,0.021597578459,2.1881548883229827,medium
train,ksdd2_12131_aug2,E:\Data (Drive)\IUH\DL\GK\surface-defect-detection\data\images\train\ksdd2_12131_aug2.png,0.752174,0.162052,0.217391,0.099349,49.99993,61.000286,0.021597578459,2.1881548883229827,medium
train,ksdd2_12141,E:\Data (Drive)\IUH\DL\GK\surface-defect-detection\data\images\train\ksdd2_12141.png,0.085253,0.691935,0.050691,0.093548,10.999947,57.99976,0.004742041668000001,0.5418715525719416,small
train,ksdd2_12141_aug1,E:\Data (Drive)\IUH\DL\GK\surface-defect-detection\data\images\train\ksdd2_12141_aug1.png,0.914747,0.691935,0.050691,0.093548,10.999947,57.99976,0.004742041668000001,0.5418715525719416,small
train,ksdd2_12141_aug2,E:\Data (Drive)\IUH\DL\GK\surface-defect-detection\data\images\train\ksdd2_12141_aug2.png,0.085253,0.308065,0.050691,0.093548,10.999947,57.99976,0.004742041668000001,0.5418715525719416,small
train,ksdd2_12146,E:\Data (Drive)\IUH\DL\GK\surface-defect-detection\data\images\train\ksdd2_12146.png,0.678261,0.562888,0.486957,0.06677,112.00010999999999,42.99988,0.03251411889,7.293050771304478,medium
train,ksdd2_12146_aug1,E:\Data (Drive)\IUH\DL\GK\surface-defect-detection\data\images\train\ksdd2_12146_aug1.png,0.321739,0.562888,0.486957,0.06677,112.00010999999999,42.99988,0.03251411889,7.293050771304478,medium
train,ksdd2_12146_aug2,E:\Data (Drive)\IUH\DL\GK\surface-defect-detection\data\images\train\ksdd2_12146_aug2.png,0.678261,0.437112,0.486957,0.06677,112.00010999999999,42.99988,0.03251411889,7.293050771304478,medium
train,ksdd2_12160,E:\Data (Drive)\IUH\DL\GK\surface-defect-detection\data\images\train\ksdd2_12160.png,0.731278,0.391547,0.202643,0.208931,45.999961,130.999737,0.042338404632999996,0.9699039395781381,medium
train,ksdd2_12160_aug1,E:\Data (Drive)\IUH\DL\GK\surface-defect-detection\data\images\train\ksdd2_12160_aug1.png,0.268722,0.391547,0.202643,0.208931,45.999961,130.999737,0.042338404632999996,0.9699039395781381,medium
train,ksdd2_12160_aug2,E:\Data (Drive)\IUH\DL\GK\surface-defect-detection\data\images\train\ksdd2_12160_aug2.png,0.731278,0.608453,0.202643,0.208931,45.999961,130.999737,0.042338404632999996,0.9699039395781381,medium
train,ksdd2_12179,E:\Data (Drive)\IUH\DL\GK\surface-defect-detection\data\images\train\ksdd2_12179.png,0.537118,0.845787,0.611354,0.308426,140.00006599999998,193.99995399999997,0.18855746880399998,1.9821740060824964,large
train,ksdd2_12179,E:\Data (Drive)\IUH\DL\GK\surface-defect-detection\data\images\train\ksdd2_12179.png,0.853712,0.09539,0.292576,0.190779,66.999904,119.99999100000001,0.055817356704,1.5335859816856152,large
train,ksdd2_12179_aug1,E:\Data (Drive)\IUH\DL\GK\surface-defect-detection\data\images\train\ksdd2_12179_aug1.png,0.462882,0.845787,0.611354,0.308426,140.00006599999998,193.99995399999997,0.18855746880399998,1.9821740060824964,large
train,ksdd2_12179_aug1,E:\Data (Drive)\IUH\DL\GK\surface-defect-detection\data\images\train\ksdd2_12179_aug1.png,0.146288,0.09539,0.292576,0.190779,66.999904,119.99999100000001,0.055817356704,1.5335859816856152,large
train,ksdd2_12179_aug2,E:\Data (Drive)\IUH\DL\GK\surface-defect-detection\data\images\train\ksdd2_12179_aug2.png,0.537118,0.154213,0.611354,0.308426,140.00006599999998,193.99995399999997,0.18855746880399998,1.9821740060824964,large
train,ksdd2_12179_aug2,E:\Data (Drive)\IUH\DL\GK\surface-defect-detection\data\images\train\ksdd2_12179_aug2.png,0.853712,0.90461,0.292576,0.190779,66.999904,119.99999100000001,0.055817356704,1.5335859816856152,large
train,ksdd2_12201,E:\Data (Drive)\IUH\DL\GK\surface-defect-detection\data\images\train\ksdd2_12201.png,0.280435,0.530903,0.465217,0.066561,106.99991,41.999990999999994,0.030965308736999996,6.98933309295233,medium
train,ksdd2_12201_aug1,E:\Data (Drive)\IUH\DL\GK\surface-defect-detection\data\images\train\ksdd2_12201_aug1.png,0.719565,0.530903,0.465217,0.066561,106.99991,41.999990999999994,0.030965308736999996,6.98933309295233,medium
train,ksdd2_12201_aug2,E:\Data (Drive)\IUH\DL\GK\surface-defect-detection\data\images\train\ksdd2_12201_aug2.png,0.280435,0.469097,0.465217,0.066561,106.99991,41.999990999999994,0.030965308736999996,6.98933309295233,medium
train,ksdd2_12210,E:\Data (Drive)\IUH\DL\GK\surface-defect-detection\data\images\train\ksdd2_12210.png,0.858696,0.895349,0.282609,0.209302,65.00007,134.99979,0.059150628918,1.3502451003812674,large
train,ksdd2_12210_aug1,E:\Data (Drive)\IUH\DL\GK\surface-defect-detection\data\images\train\ksdd2_12210_aug1.png,0.141304,0.895349,0.282609,0.209302,65.00007,134.99979,0.059150628918,1.3502451003812674,large
train,ksdd2_12210_aug2,E:\Data (Drive)\IUH\DL\GK\surface-defect-detection\data\images\train\ksdd2_12210_aug2.png,0.858696,0.104651,0.282609,0.209302,65.00007,134.99979,0.059150628918,1.3502451003812674,large
train,ksdd2_12233,E:\Data (Drive)\IUH\DL\GK\surface-defect-detection\data\images\train\ksdd2_12233.png,0.635371,0.424,0.729258,0.1408,167.000082,88.0,0.1026795264,5.179389204545454,large
train,ksdd2_12233_aug1,E:\Data (Drive)\IUH\DL\GK\surface-defect-detection\data\images\train\ksdd2_12233_aug1.png,0.364629,0.424,0.729258,0.1408,167.000082,88.0,0.1026795264,5.179389204545454,large
train,ksdd2_12233_aug2,E:\Data (Drive)\IUH\DL\GK\surface-defect-detection\data\images\train\ksdd2_12233_aug2.png,0.635371,0.576,0.729258,0.1408,167.000082,88.0,0.1026795264,5.179389204545454,large
train,ksdd2_12255,E:\Data (Drive)\IUH\DL\GK\surface-defect-detection\data\images\train\ksdd2_12255.png,0.047826,0.122565,0.095652,0.125,21.99996,77.0,0.0119565,0.765216,medium
train,ksdd2_12255_aug1,E:\Data (Drive)\IUH\DL\GK\surface-defect-detection\data\images\train\ksdd2_12255_aug1.png,0.952174,0.122565,0.095652,0.125,21.99996,77.0,0.0119565,0.765216,medium
train,ksdd2_12255_aug2,E:\Data (Drive)\IUH\DL\GK\surface-defect-detection\data\images\train\ksdd2_12255_aug2.png,0.047826,0.877435,0.095652,0.125,21.99996,77.0,0.0119565,0.765216,medium
train,ksdd2_12274,E:\Data (Drive)\IUH\DL\GK\surface-defect-detection\data\images\train\ksdd2_12274.png,0.306522,0.821145,0.273913,0.08744,62.999990000000004,54.99976,0.02395095272,3.132582342177493,medium
train,ksdd2_12274_aug1,E:\Data (Drive)\IUH\DL\GK\surface-defect-detection\data\images\train\ksdd2_12274_aug1.png,0.693478,0.821145,0.273913,0.08744,62.999990000000004,54.99976,0.02395095272,3.132582342177493,medium
train,ksdd2_12274_aug2,E:\Data (Drive)\IUH\DL\GK\surface-defect-detection\data\images\train\ksdd2_12274_aug2.png,0.306522,0.178855,0.273913,0.08744,62.999990000000004,54.99976,0.02395095272,3.132582342177493,medium
train,ksdd2_12287,E:\Data (Drive)\IUH\DL\GK\surface-defect-detection\data\images\train\ksdd2_12287.png,0.350649,0.323855,0.268398,0.104265,61.99993800000001,65.999745,0.02798451747,2.574190763918861,medium
train,ksdd2_12287_aug1,E:\Data (Drive)\IUH\DL\GK\surface-defect-detection\data\images\train\ksdd2_12287_aug1.png,0.649351,0.323855,0.268398,0.104265,61.99993800000001,65.999745,0.02798451747,2.574190763918861,medium
train,ksdd2_12287_aug2,E:\Data (Drive)\IUH\DL\GK\surface-defect-detection\data\images\train\ksdd2_12287_aug2.png,0.350649,0.676145,0.268398,0.104265,61.99993800000001,65.999745,0.02798451747,2.574190763918861,medium
train,ksdd2_12288,E:\Data (Drive)\IUH\DL\GK\surface-defect-detection\data\images\train\ksdd2_12288.png,0.901747,0.831487,0.021834,0.011076,4.999986,7.000032000000001,0.000241833384,1.9712892741061754,small
train,ksdd2_12288,E:\Data (Drive)\IUH\DL\GK\surface-defect-detection\data\images\train\ksdd2_12288.png,0.305677,0.563291,0.069869,0.015823,16.000001,10.000136,0.001105537187,4.415660747013841,small
train,ksdd2_12288,E:\Data (Drive)\IUH\DL\GK\surface-defect-detection\data\images\train\ksdd2_12288.png,0.5131,0.162184,0.161572,0.096519,36.999988,61.000007999999994,0.015594767867999999,1.6739916493125706,medium
train,ksdd2_12288_aug1,E:\Data (Drive)\IUH\DL\GK\surface-defect-detection\data\images\train\ksdd2_12288_aug1.png,0.098253,0.831487,0.021834,0.011076,4.999986,7.000032000000001,0.000241833384,1.9712892741061754,small
train,ksdd2_12288_aug1,E:\Data (Drive)\IUH\DL\GK\surface-defect-detection\data\images\train\ksdd2_12288_aug1.png,0.694323,0.563291,0.069869,0.015823,16.000001,10.000136,0.001105537187,4.415660747013841,small
train,ksdd2_12288_aug1,E:\Data (Drive)\IUH\DL\GK\surface-defect-detection\data\images\train\ksdd2_12288_aug1.png,0.4869,0.162184,0.161572,0.096519,36.999988,61.000007999999994,0.015594767867999999,1.6739916493125706,medium
train,ksdd2_12288_aug2,E:\Data (Drive)\IUH\DL\GK\surface-defect-detection\data\images\train\ksdd2_12288_aug2.png,0.901747,0.168513,0.021834,0.011076,4.999986,7.000032000000001,0.000241833384,1.9712892741061754,small
train,ksdd2_12288_aug2,E:\Data (Drive)\IUH\DL\GK\surface-defect-detection\data\images\train\ksdd2_12288_aug2.png,0.305677,0.436709,0.069869,0.015823,16.000001,10.000136,0.001105537187,4.415660747013841,small
train,ksdd2_12288_aug2,E:\Data (Drive)\IUH\DL\GK\surface-defect-detection\data\images\train\ksdd2_12288_aug2.png,0.5131,0.837816,0.161572,0.096519,36.999988,61.000007999999994,0.015594767867999999,1.6739916493125706,medium
train,ksdd2_12301,E:\Data (Drive)\IUH\DL\GK\surface-defect-detection\data\images\train\ksdd2_12301.png,0.779476,0.048589,0.441048,0.097179,100.999992,62.000202,0.042860603592,4.538511406785417,medium
train,ksdd2_12301_aug1,E:\Data (Drive)\IUH\DL\GK\surface-defect-detection\data\images\train\ksdd2_12301_aug1.png,0.220524,0.048589,0.441048,0.097179,100.999992,62.000202,0.042860603592,4.538511406785417,medium
train,ksdd2_12301_aug2,E:\Data (Drive)\IUH\DL\GK\surface-defect-detection\data\images\train\ksdd2_12301_aug2.png,0.779476,0.951411,0.441048,0.097179,100.999992,62.000202,0.042860603592,4.538511406785417,medium
train,ksdd2_12303,E:\Data (Drive)\IUH\DL\GK\surface-defect-detection\data\images\train\ksdd2_12303.png,0.299569,0.209375,0.599138,0.225,139.000016,144.0,0.13480604999999998,2.662835555555555,large
train,ksdd2_12303_aug1,E:\Data (Drive)\IUH\DL\GK\surface-defect-detection\data\images\train\ksdd2_12303_aug1.png,0.700431,0.209375,0.599138,0.225,139.000016,144.0,0.13480604999999998,2.662835555555555,large
train,ksdd2_12303_aug2,E:\Data (Drive)\IUH\DL\GK\surface-defect-detection\data\images\train\ksdd2_12303_aug2.png,0.299569,0.790625,0.599138,0.225,139.000016,144.0,0.13480604999999998,2.662835555555555,large
train,ksdd2_12314,E:\Data (Drive)\IUH\DL\GK\surface-defect-detection\data\images\train\ksdd2_12314.png,0.860262,0.06761,0.279476,0.13522,64.000004,85.99992,0.037790744720000005,2.0668244342552877,medium
train,ksdd2_12314_aug1,E:\Data (Drive)\IUH\DL\GK\surface-defect-detection\data\images\train\ksdd2_12314_aug1.png,0.139738,0.06761,0.279476,0.13522,64.000004,85.99992,0.037790744720000005,2.0668244342552877,medium
train,ksdd2_12314_aug2,E:\Data (Drive)\IUH\DL\GK\surface-defect-detection\data\images\train\ksdd2_12314_aug2.png,0.860262,0.93239,0.279476,0.13522,64.000004,85.99992,0.037790744720000005,2.0668244342552877,medium
train,ksdd2_12315,E:\Data (Drive)\IUH\DL\GK\surface-defect-detection\data\images\train\ksdd2_12315.png,0.641921,0.288431,0.31441,0.187005,71.99989000000001,118.000155,0.05879624205,1.6812919440656668,large
train,ksdd2_12315_aug1,E:\Data (Drive)\IUH\DL\GK\surface-defect-detection\data\images\train\ksdd2_12315_aug1.png,0.358079,0.288431,0.31441,0.187005,71.99989000000001,118.000155,0.05879624205,1.6812919440656668,large
train,ksdd2_12315_aug2,E:\Data (Drive)\IUH\DL\GK\surface-defect-detection\data\images\train\ksdd2_12315_aug2.png,0.641921,0.711569,0.31441,0.187005,71.99989000000001,118.000155,0.05879624205,1.6812919440656668,large
train,ksdd2_12317,E:\Data (Drive)\IUH\DL\GK\surface-defect-detection\data\images\train\ksdd2_12317.png,0.085837,0.814961,0.171674,0.058268,40.000042,37.00018,0.010003100632,2.946282693759868,medium
train,ksdd2_12317,E:\Data (Drive)\IUH\DL\GK\surface-defect-detection\data\images\train\ksdd2_12317.png,0.229614,0.694488,0.364807,0.059843,85.00003099999999,38.000305,0.021831145301,6.0960680447170095,medium
train,ksdd2_12317_aug1,E:\Data (Drive)\IUH\DL\GK\surface-defect-detection\data\images\train\ksdd2_12317_aug1.png,0.914163,0.814961,0.171674,0.058268,40.000042,37.00018,0.010003100632,2.946282693759868,medium
train,ksdd2_12317_aug1,E:\Data (Drive)\IUH\DL\GK\surface-defect-detection\data\images\train\ksdd2_12317_aug1.png,0.770386,0.694488,0.364807,0.059843,85.00003099999999,38.000305,0.021831145301,6.0960680447170095,medium
train,ksdd2_12317_aug2,E:\Data (Drive)\IUH\DL\GK\surface-defect-detection\data\images\train\ksdd2_12317_aug2.png,0.085837,0.185039,0.171674,0.058268,40.000042,37.00018,0.010003100632,2.946282693759868,medium
train,ksdd2_12317_aug2,E:\Data (Drive)\IUH\DL\GK\surface-defect-detection\data\images\train\ksdd2_12317_aug2.png,0.229614,0.305512,0.364807,0.059843,85.00003099999999,38.000305,0.021831145301,6.0960680447170095,medium
train,ksdd2_20042,E:\Data (Drive)\IUH\DL\GK\surface-defect-detection\data\images\train\ksdd2_20042.png,0.215859,0.471154,0.431718,0.150641,97.99998599999999,93.999984,0.065034431238,2.8658731686592627,large
train,ksdd2_20042_aug1,E:\Data (Drive)\IUH\DL\GK\surface-defect-detection\data\images\train\ksdd2_20042_aug1.png,0.784141,0.471154,0.431718,0.150641,97.99998599999999,93.999984,0.065034431238,2.8658731686592627,large
train,ksdd2_20042_aug2,E:\Data (Drive)\IUH\DL\GK\surface-defect-detection\data\images\train\ksdd2_20042_aug2.png,0.215859,0.528846,0.431718,0.150641,97.99998599999999,93.999984,0.065034431238,2.8658731686592627,large
train,ksdd2_20056,E:\Data (Drive)\IUH\DL\GK\surface-defect-detection\data\images\train\ksdd2_20056.png,0.091304,0.449846,0.182609,0.091049,42.00007,58.999752,0.016626366841,2.0056123625739986,medium
train,ksdd2_20056_aug1,E:\Data (Drive)\IUH\DL\GK\surface-defect-detection\data\images\train\ksdd2_20056_aug1.png,0.908696,0.449846,0.182609,0.091049,42.00007,58.999752,0.016626366841,2.0056123625739986,medium
train,ksdd2_20056_aug2,E:\Data (Drive)\IUH\DL\GK\surface-defect-detection\data\images\train\ksdd2_20056_aug2.png,0.091304,0.550154,0.182609,0.091049,42.00007,58.999752,0.016626366841,2.0056123625739986,medium
train,ksdd2_20068,E:\Data (Drive)\IUH\DL\GK\surface-defect-detection\data\images\train\ksdd2_20068.png,0.7,0.734694,0.2,0.11617,46.0,74.00028999999999,0.023234,1.721614874752518,medium
train,ksdd2_20068_aug1,E:\Data (Drive)\IUH\DL\GK\surface-defect-detection\data\images\train\ksdd2_20068_aug1.png,0.3,0.734694,0.2,0.11617,46.0,74.00028999999999,0.023234,1.721614874752518,medium
train,ksdd2_20068_aug2,E:\Data (Drive)\IUH\DL\GK\surface-defect-detection\data\images\train\ksdd2_20068_aug2.png,0.7,0.265306,0.2,0.11617,46.0,74.00028999999999,0.023234,1.721614874752518,medium
train,ksdd2_20084,E:\Data (Drive)\IUH\DL\GK\surface-defect-detection\data\images\train\ksdd2_20084.png,0.679039,0.293427,0.641921,0.067293,146.999909,43.000227,0.043196789853,9.5391942698349,medium
train,ksdd2_20084_aug1,E:\Data (Drive)\IUH\DL\GK\surface-defect-detection\data\images\train\ksdd2_20084_aug1.png,0.320961,0.293427,0.641921,0.067293,146.999909,43.000227,0.043196789853,9.5391942698349,medium
train,ksdd2_20084_aug2,E:\Data (Drive)\IUH\DL\GK\surface-defect-detection\data\images\train\ksdd2_20084_aug2.png,0.679039,0.706573,0.641921,0.067293,146.999909,43.000227,0.043196789853,9.5391942698349,medium
train,ksdd2_20095,E:\Data (Drive)\IUH\DL\GK\surface-defect-detection\data\images\train\ksdd2_20095.png,0.177489,0.444961,0.354978,0.167442,81.99991800000001,108.00009,0.059438226276000004,2.1200057333285556,large
train,ksdd2_20095_aug1,E:\Data (Drive)\IUH\DL\GK\surface-defect-detection\data\images\train\ksdd2_20095_aug1.png,0.822511,0.444961,0.354978,0.167442,81.99991800000001,108.00009,0.059438226276000004,2.1200057333285556,large
train,ksdd2_20095_aug2,E:\Data (Drive)\IUH\DL\GK\surface-defect-detection\data\images\train\ksdd2_20095_aug2.png,0.177489,0.555039,0.354978,0.167442,81.99991800000001,108.00009,0.059438226276000004,2.1200057333285556,large
train,ksdd2_20099,E:\Data (Drive)\IUH\DL\GK\surface-defect-detection\data\images\train\ksdd2_20099.png,0.18913,0.474882,0.378261,0.086342,87.00003000000001,54.999854,0.032659811262,4.380961756734846,medium
train,ksdd2_20099_aug1,E:\Data (Drive)\IUH\DL\GK\surface-defect-detection\data\images\train\ksdd2_20099_aug1.png,0.81087,0.474882,0.378261,0.086342,87.00003000000001,54.999854,0.032659811262,4.380961756734846,medium
train,ksdd2_20099_aug2,E:\Data (Drive)\IUH\DL\GK\surface-defect-detection\data\images\train\ksdd2_20099_aug2.png,0.18913,0.525118,0.378261,0.086342,87.00003000000001,54.999854,0.032659811262,4.380961756734846,medium
train,ksdd2_20117,E:\Data (Drive)\IUH\DL\GK\surface-defect-detection\data\images\train\ksdd2_20117.png,0.878788,0.780125,0.138528,0.064163,31.999968000000003,41.000157,0.008888372064,2.159001293580413,small
train,ksdd2_20117,E:\Data (Drive)\IUH\DL\GK\surface-defect-detection\data\images\train\ksdd2_20117.png,0.645022,0.625196,0.277056,0.101721,63.999936000000005,64.999719,0.028182413376000005,2.723685374701389,medium
train,ksdd2_20117_aug1,E:\Data (Drive)\IUH\DL\GK\surface-defect-detection\data\images\train\ksdd2_20117_aug1.png,0.121212,0.780125,0.138528,0.064163,31.999968000000003,41.000157,0.008888372064,2.159001293580413,small
train,ksdd2_20117_aug1,E:\Data (Drive)\IUH\DL\GK\surface-defect-detection\data\images\train\ksdd2_20117_aug1.png,0.354978,0.625196,0.277056,0.101721,63.999936000000005,64.999719,0.028182413376000005,2.723685374701389,medium
train,ksdd2_20117_aug2,E:\Data (Drive)\IUH\DL\GK\surface-defect-detection\data\images\train\ksdd2_20117_aug2.png,0.878788,0.219875,0.138528,0.064163,31.999968000000003,41.000157,0.008888372064,2.159001293580413,small
train,ksdd2_20117_aug2,E:\Data (Drive)\IUH\DL\GK\surface-defect-detection\data\images\train\ksdd2_20117_aug2.png,0.645022,0.374804,0.277056,0.101721,63.999936000000005,64.999719,0.028182413376000005,2.723685374701389,medium
train,ksdd2_20121,E:\Data (Drive)\IUH\DL\GK\surface-defect-detection\data\images\train\ksdd2_20121.png,0.441048,0.264341,0.689956,0.144186,157.999924,92.99997,0.09948199581600001,4.7851802532839525,large
train,ksdd2_20121_aug1,E:\Data (Drive)\IUH\DL\GK\surface-defect-detection\data\images\train\ksdd2_20121_aug1.png,0.558952,0.264341,0.689956,0.144186,157.999924,92.99997,0.09948199581600001,4.7851802532839525,large
train,ksdd2_20121_aug2,E:\Data (Drive)\IUH\DL\GK\surface-defect-detection\data\images\train\ksdd2_20121_aug2.png,0.441048,0.735659,0.689956,0.144186,157.999924,92.99997,0.09948199581600001,4.7851802532839525,large
train,ksdd2_20129,E:\Data (Drive)\IUH\DL\GK\surface-defect-detection\data\images\train\ksdd2_20129.png,0.182018,0.379393,0.337719,0.078275,76.999932,49.00015,0.026434954724999998,4.314519322900032,medium
train,ksdd2_20129_aug1,E:\Data (Drive)\IUH\DL\GK\surface-defect-detection\data\images\train\ksdd2_20129_aug1.png,0.817982,0.379393,0.337719,0.078275,76.999932,49.00015,0.026434954724999998,4.314519322900032,medium
train,ksdd2_20129_aug2,E:\Data (Drive)\IUH\DL\GK\surface-defect-detection\data\images\train\ksdd2_20129_aug2.png,0.182018,0.620607,0.337719,0.078275,76.999932,49.00015,0.026434954724999998,4.314519322900032,medium
train,ksdd2_20130,E:\Data (Drive)\IUH\DL\GK\surface-defect-detection\data\images\train\ksdd2_20130.png,0.33114,0.925432,0.153509,0.145997,35.000052000000004,93.00008899999999,0.022411853473,1.0514531120502477,medium
train,ksdd2_20130_aug1,E:\Data (Drive)\IUH\DL\GK\surface-defect-detection\data\images\train\ksdd2_20130_aug1.png,0.66886,0.925432,0.153509,0.145997,35.000052000000004,93.00008899999999,0.022411853473,1.0514531120502477,medium
train,ksdd2_20130_aug2,E:\Data (Drive)\IUH\DL\GK\surface-defect-detection\data\images\train\ksdd2_20130_aug2.png,0.33114,0.074568,0.153509,0.145997,35.000052000000004,93.00008899999999,0.022411853473,1.0514531120502477,medium
train,ksdd2_20141,E:\Data (Drive)\IUH\DL\GK\surface-defect-detection\data\images\train\ksdd2_20141.png,0.253275,0.909888,0.148472,0.180223,34.000088,112.999821,0.026758069255999998,0.8238238182695882,medium
train,ksdd2_20141_aug1,E:\Data (Drive)\IUH\DL\GK\surface-defect-detection\data\images\train\ksdd2_20141_aug1.png,0.746725,0.909888,0.148472,0.180223,34.000088,112.999821,0.026758069255999998,0.8238238182695882,medium
train,ksdd2_20141_aug2,E:\Data (Drive)\IUH\DL\GK\surface-defect-detection\data\images\train\ksdd2_20141_aug2.png,0.253275,0.090112,0.148472,0.180223,34.000088,112.999821,0.026758069255999998,0.8238238182695882,medium
train,ksdd2_20142,E:\Data (Drive)\IUH\DL\GK\surface-defect-detection\data\images\train\ksdd2_20142.png,0.045852,0.072998,0.091703,0.145997,20.999987,93.00008899999999,0.013388362891,0.6281156462119085,medium
train,ksdd2_20142_aug1,E:\Data (Drive)\IUH\DL\GK\surface-defect-detection\data\images\train\ksdd2_20142_aug1.png,0.954148,0.072998,0.091703,0.145997,20.999987,93.00008899999999,0.013388362891,0.6281156462119085,medium
train,ksdd2_20142_aug2,E:\Data (Drive)\IUH\DL\GK\surface-defect-detection\data\images\train\ksdd2_20142_aug2.png,0.045852,0.927002,0.091703,0.145997,20.999987,93.00008899999999,0.013388362891,0.6281156462119085,medium
train,ksdd2_20155,E:\Data (Drive)\IUH\DL\GK\surface-defect-detection\data\images\train\ksdd2_20155.png,0.165217,0.444708,0.330435,0.026856,76.00005,16.999848,0.00887416236,12.303954423592492,small
train,ksdd2_20155_aug1,E:\Data (Drive)\IUH\DL\GK\surface-defect-detection\data\images\train\ksdd2_20155_aug1.png,0.834783,0.444708,0.330435,0.026856,76.00005,16.999848,0.00887416236,12.303954423592492,small
train,ksdd2_20155_aug2,E:\Data (Drive)\IUH\DL\GK\surface-defect-detection\data\images\train\ksdd2_20155_aug2.png,0.165217,0.555292,0.330435,0.026856,76.00005,16.999848,0.00887416236,12.303954423592492,small
train,ksdd2_20158,E:\Data (Drive)\IUH\DL\GK\surface-defect-detection\data\images\train\ksdd2_20158.png,0.338428,0.800312,0.475983,0.399376,109.000107,256.000016,0.190096186608,1.1918167341052042,large
train,ksdd2_20158_aug1,E:\Data (Drive)\IUH\DL\GK\surface-defect-detection\data\images\train\ksdd2_20158_aug1.png,0.661572,0.800312,0.475983,0.399376,109.000107,256.000016,0.190096186608,1.1918167341052042,large
train,ksdd2_20158_aug2,E:\Data (Drive)\IUH\DL\GK\surface-defect-detection\data\images\train\ksdd2_20158_aug2.png,0.338428,0.199688,0.475983,0.399376,109.000107,256.000016,0.190096186608,1.1918167341052042,large
train,ksdd2_20159,E:\Data (Drive)\IUH\DL\GK\surface-defect-detection\data\images\train\ksdd2_20159.png,0.83691,0.391614,0.32618,0.093354,75.99994000000001,58.999728000000005,0.030450207720000004,3.494012040191101,medium
train,ksdd2_20159_aug1,E:\Data (Drive)\IUH\DL\GK\surface-defect-detection\data\images\train\ksdd2_20159_aug1.png,0.16309,0.391614,0.32618,0.093354,75.99994000000001,58.999728000000005,0.030450207720000004,3.494012040191101,medium
train,ksdd2_20159_aug2,E:\Data (Drive)\IUH\DL\GK\surface-defect-detection\data\images\train\ksdd2_20159_aug2.png,0.83691,0.608386,0.32618,0.093354,75.99994000000001,58.999728000000005,0.030450207720000004,3.494012040191101,medium
train,ksdd2_20172,E:\Data (Drive)\IUH\DL\GK\surface-defect-detection\data\images\train\ksdd2_20172.png,0.805677,0.798413,0.196507,0.101587,45.000102999999996,63.99981,0.019962556609,1.9343715239154615,medium
train,ksdd2_20172_aug1,E:\Data (Drive)\IUH\DL\GK\surface-defect-detection\data\images\train\ksdd2_20172_aug1.png,0.194323,0.798413,0.196507,0.101587,45.000102999999996,63.99981,0.019962556609,1.9343715239154615,medium
train,ksdd2_20172_aug2,E:\Data (Drive)\IUH\DL\GK\surface-defect-detection\data\images\train\ksdd2_20172_aug2.png,0.805677,0.201587,0.196507,0.101587,45.000102999999996,63.99981,0.019962556609,1.9343715239154615,medium
train,ksdd2_20177,E:\Data (Drive)\IUH\DL\GK\surface-defect-detection\data\images\train\ksdd2_20177.png,0.115217,0.832303,0.152174,0.047913,35.00002,30.999710999999998,0.007291112862,3.1760482541272728,small
train,ksdd2_20177_aug1,E:\Data (Drive)\IUH\DL\GK\surface-defect-detection\data\images\train\ksdd2_20177_aug1.png,0.884783,0.832303,0.152174,0.047913,35.00002,30.999710999999998,0.007291112862,3.1760482541272728,small
train,ksdd2_20177_aug2,E:\Data (Drive)\IUH\DL\GK\surface-defect-detection\data\images\train\ksdd2_20177_aug2.png,0.115217,0.167697,0.152174,0.047913,35.00002,30.999710999999998,0.007291112862,3.1760482541272728,small
train,ksdd2_20190,E:\Data (Drive)\IUH\DL\GK\surface-defect-detection\data\images\train\ksdd2_20190.png,0.745763,0.60625,0.508475,0.15625,120.0001,100.0,0.07944921875,3.2542400000000002,large
train,ksdd2_20190_aug1,E:\Data (Drive)\IUH\DL\GK\surface-defect-detection\data\images\train\ksdd2_20190_aug1.png,0.254237,0.60625,0.508475,0.15625,120.0001,100.0,0.07944921875,3.2542400000000002,large
train,ksdd2_20190_aug2,E:\Data (Drive)\IUH\DL\GK\surface-defect-detection\data\images\train\ksdd2_20190_aug2.png,0.745763,0.39375,0.508475,0.15625,120.0001,100.0,0.07944921875,3.2542400000000002,large
train,ksdd2_20193,E:\Data (Drive)\IUH\DL\GK\surface-defect-detection\data\images\train\ksdd2_20193.png,0.616228,0.229624,0.767544,0.459248,175.000032,293.000224,0.352493046912,1.6713061352471867,large
train,ksdd2_20193_aug1,E:\Data (Drive)\IUH\DL\GK\surface-defect-detection\data\images\train\ksdd2_20193_aug1.png,0.383772,0.229624,0.767544,0.459248,175.000032,293.000224,0.352493046912,1.6713061352471867,large
train,ksdd2_20193_aug2,E:\Data (Drive)\IUH\DL\GK\surface-defect-detection\data\images\train\ksdd2_20193_aug2.png,0.616228,0.770376,0.767544,0.459248,175.000032,293.000224,0.352493046912,1.6713061352471867,large
train,ksdd2_20209,E:\Data (Drive)\IUH\DL\GK\surface-defect-detection\data\images\train\ksdd2_20209.png,0.641256,0.121875,0.717489,0.140625,160.00004700000002,90.0,0.10089689062500001,5.102144,large
train,ksdd2_20209_aug1,E:\Data (Drive)\IUH\DL\GK\surface-defect-detection\data\images\train\ksdd2_20209_aug1.png,0.358744,0.121875,0.717489,0.140625,160.00004700000002,90.0,0.10089689062500001,5.102144,large
train,ksdd2_20209_aug2,E:\Data (Drive)\IUH\DL\GK\surface-defect-detection\data\images\train\ksdd2_20209_aug2.png,0.641256,0.878125,0.717489,0.140625,160.00004700000002,90.0,0.10089689062500001,5.102144,large
train,ksdd2_20217,E:\Data (Drive)\IUH\DL\GK\surface-defect-detection\data\images\train\ksdd2_20217.png,0.408696,0.560937,0.478261,0.1375,110.00003,88.0,0.0657608875,3.4782618181818177,large
train,ksdd2_20217_aug1,E:\Data (Drive)\IUH\DL\GK\surface-defect-detection\data\images\train\ksdd2_20217_aug1.png,0.591304,0.560937,0.478261,0.1375,110.00003,88.0,0.0657608875,3.4782618181818177,large
train,ksdd2_20217_aug2,E:\Data (Drive)\IUH\DL\GK\surface-defect-detection\data\images\train\ksdd2_20217_aug2.png,0.408696,0.439063,0.478261,0.1375,110.00003,88.0,0.0657608875,3.4782618181818177,large
train,ksdd2_20228,E:\Data (Drive)\IUH\DL\GK\surface-defect-detection\data\images\train\ksdd2_20228.png,0.768398,0.251975,0.038961,0.020537,8.999991000000001,12.999921,0.0008001420570000001,1.8971125286069048,small
train,ksdd2_20228_aug1,E:\Data (Drive)\IUH\DL\GK\surface-defect-detection\data\images\train\ksdd2_20228_aug1.png,0.231602,0.251975,0.038961,0.020537,8.999991000000001,12.999921,0.0008001420570000001,1.8971125286069048,small
train,ksdd2_20228_aug2,E:\Data (Drive)\IUH\DL\GK\surface-defect-detection\data\images\train\ksdd2_20228_aug2.png,0.768398,0.748025,0.038961,0.020537,8.999991000000001,12.999921,0.0008001420570000001,1.8971125286069048,small
train,ksdd2_20246,E:\Data (Drive)\IUH\DL\GK\surface-defect-detection\data\images\train\ksdd2_20246.png,0.886161,0.457413,0.200893,0.072555,45.000032,45.999869999999994,0.014575791614999998,2.7688374336710084,medium
train,ksdd2_20246_aug1,E:\Data (Drive)\IUH\DL\GK\surface-defect-detection\data\images\train\ksdd2_20246_aug1.png,0.113839,0.457413,0.200893,0.072555,45.000032,45.999869999999994,0.014575791614999998,2.7688374336710084,medium
train,ksdd2_20246_aug2,E:\Data (Drive)\IUH\DL\GK\surface-defect-detection\data\images\train\ksdd2_20246_aug2.png,0.886161,0.542587,0.200893,0.072555,45.000032,45.999869999999994,0.014575791614999998,2.7688374336710084,medium
train,ksdd2_20259,E:\Data (Drive)\IUH\DL\GK\surface-defect-detection\data\images\train\ksdd2_20259.png,0.449339,0.649682,0.105727,0.076433,24.000029,47.999924,0.008081031791,1.3832637735009747,small
train,ksdd2_20259_aug1,E:\Data (Drive)\IUH\DL\GK\surface-defect-detection\data\images\train\ksdd2_20259_aug1.png,0.550661,0.649682,0.105727,0.076433,24.000029,47.999924,0.008081031791,1.3832637735009747,small
train,ksdd2_20259_aug2,E:\Data (Drive)\IUH\DL\GK\surface-defect-detection\data\images\train\ksdd2_20259_aug2.png,0.449339,0.350318,0.105727,0.076433,24.000029,47.999924,0.008081031791,1.3832637735009747,small
train,ksdd2_20264,E:\Data (Drive)\IUH\DL\GK\surface-defect-detection\data\images\train\ksdd2_20264.png,0.046053,0.836248,0.092105,0.327504,20.999940000000002,206.00001600000002,0.030164755920000005,0.281233206311984,medium
train,ksdd2_20264_aug1,E:\Data (Drive)\IUH\DL\GK\surface-defect-detection\data\images\train\ksdd2_20264_aug1.png,0.953947,0.836248,0.092105,0.327504,20.999940000000002,206.00001600000002,0.030164755920000005,0.281233206311984,medium
train,ksdd2_20264_aug2,E:\Data (Drive)\IUH\DL\GK\surface-defect-detection\data\images\train\ksdd2_20264_aug2.png,0.046053,0.163752,0.092105,0.327504,20.999940000000002,206.00001600000002,0.030164755920000005,0.281233206311984,medium
train,ksdd2_20275,E:\Data (Drive)\IUH\DL\GK\surface-defect-detection\data\images\train\ksdd2_20275.png,0.091102,0.303459,0.038136,0.04717,9.000096000000001,30.00012,0.00179887512,0.8084799660801358,small
train,ksdd2_20275_aug1,E:\Data (Drive)\IUH\DL\GK\surface-defect-detection\data\images\train\ksdd2_20275_aug1.png,0.908898,0.303459,0.038136,0.04717,9.000096000000001,30.00012,0.00179887512,0.8084799660801358,small
train,ksdd2_20275_aug2,E:\Data (Drive)\IUH\DL\GK\surface-defect-detection\data\images\train\ksdd2_20275_aug2.png,0.091102,0.696541,0.038136,0.04717,9.000096000000001,30.00012,0.00179887512,0.8084799660801358,small
train,ksdd2_20295,E:\Data (Drive)\IUH\DL\GK\surface-defect-detection\data\images\train\ksdd2_20295.png,0.717105,0.540094,0.302632,0.048742,69.000096,30.999912000000002,0.014750888944000002,6.208854786426491,medium
train,ksdd2_20295_aug1,E:\Data (Drive)\IUH\DL\GK\surface-defect-detection\data\images\train\ksdd2_20295_aug1.png,0.282895,0.540094,0.302632,0.048742,69.000096,30.999912000000002,0.014750888944000002,6.208854786426491,medium
train,ksdd2_20295_aug2,E:\Data (Drive)\IUH\DL\GK\surface-defect-detection\data\images\train\ksdd2_20295_aug2.png,0.717105,0.459906,0.302632,0.048742,69.000096,30.999912000000002,0.014750888944000002,6.208854786426491,medium
train,ksdd2_20297,E:\Data (Drive)\IUH\DL\GK\surface-defect-detection\data\images\train\ksdd2_20297.png,0.808017,0.044393,0.097046,0.035826,22.999902,23.000291999999998,0.0034767699959999993,2.7088148272204546,small
train,ksdd2_20297_aug1,E:\Data (Drive)\IUH\DL\GK\surface-defect-detection\data\images\train\ksdd2_20297_aug1.png,0.191983,0.044393,0.097046,0.035826,22.999902,23.000291999999998,0.0034767699959999993,2.7088148272204546,small
train,ksdd2_20297_aug2,E:\Data (Drive)\IUH\DL\GK\surface-defect-detection\data\images\train\ksdd2_20297_aug2.png,0.808017,0.955607,0.097046,0.035826,22.999902,23.000291999999998,0.0034767699959999993,2.7088148272204546,small
train,ksdd2_20334,E:\Data (Drive)\IUH\DL\GK\surface-defect-detection\data\images\train\ksdd2_20334.png,0.60917,0.88189,0.554585,0.15748,126.999965,99.99980000000001,0.0873360458,3.521621793243586,large
train,ksdd2_20334_aug1,E:\Data (Drive)\IUH\DL\GK\surface-defect-detection\data\images\train\ksdd2_20334_aug1.png,0.39083,0.88189,0.554585,0.15748,126.999965,99.99980000000001,0.0873360458,3.521621793243586,large
train,ksdd2_20334_aug2,E:\Data (Drive)\IUH\DL\GK\surface-defect-detection\data\images\train\ksdd2_20334_aug2.png,0.60917,0.11811,0.554585,0.15748,126.999965,99.99980000000001,0.0873360458,3.521621793243586,large
train,ksdd2_20378,E:\Data (Drive)\IUH\DL\GK\surface-defect-detection\data\images\train\ksdd2_20378.png,0.778017,0.051562,0.280172,0.103125,64.999904,66.0,0.028892737499999994,2.7168193939393936,medium
train,ksdd2_20378_aug1,E:\Data (Drive)\IUH\DL\GK\surface-defect-detection\data\images\train\ksdd2_20378_aug1.png,0.221983,0.051562,0.280172,0.103125,64.999904,66.0,0.028892737499999994,2.7168193939393936,medium
train,ksdd2_20378_aug2,E:\Data (Drive)\IUH\DL\GK\surface-defect-detection\data\images\train\ksdd2_20378_aug2.png,0.778017,0.948438,0.280172,0.103125,64.999904,66.0,0.028892737499999994,2.7168193939393936,medium
train,ksdd2_20392,E:\Data (Drive)\IUH\DL\GK\surface-defect-detection\data\images\train\ksdd2_20392.png,0.5,0.192969,1.0,0.335938,231.0,215.00032000000002,0.335938,2.976739755550131,large
train,ksdd2_20392_aug1,E:\Data (Drive)\IUH\DL\GK\surface-defect-detection\data\images\train\ksdd2_20392_aug1.png,0.5,0.192969,1.0,0.335938,231.0,215.00032000000002,0.335938,2.976739755550131,large
train,ksdd2_20392_aug2,E:\Data (Drive)\IUH\DL\GK\surface-defect-detection\data\images\train\ksdd2_20392_aug2.png,0.5,0.807031,1.0,0.335938,231.0,215.00032000000002,0.335938,2.976739755550131,large
train,ksdd2_20403,E:\Data (Drive)\IUH\DL\GK\surface-defect-detection\data\images\train\ksdd2_20403.png,0.326754,0.275157,0.328947,0.474843,74.999916,302.000148,0.156198180321,0.6927489717654045,large
train,ksdd2_20403_aug1,E:\Data (Drive)\IUH\DL\GK\surface-defect-detection\data\images\train\ksdd2_20403_aug1.png,0.673246,0.275157,0.328947,0.474843,74.999916,302.000148,0.156198180321,0.6927489717654045,large
train,ksdd2_20403_aug2,E:\Data (Drive)\IUH\DL\GK\surface-defect-detection\data\images\train\ksdd2_20403_aug2.png,0.326754,0.724843,0.328947,0.474843,74.999916,302.000148,0.156198180321,0.6927489717654045,large
train,ksdd2_20426,E:\Data (Drive)\IUH\DL\GK\surface-defect-detection\data\images\train\ksdd2_20426.png,0.098684,0.961719,0.065789,0.076563,14.999892000000001,49.00032,0.0050370032070000004,0.8592792863393545,small
train,ksdd2_20426_aug1,E:\Data (Drive)\IUH\DL\GK\surface-defect-detection\data\images\train\ksdd2_20426_aug1.png,0.901316,0.961719,0.065789,0.076563,14.999892000000001,49.00032,0.0050370032070000004,0.8592792863393545,small
train,ksdd2_20426_aug2,E:\Data (Drive)\IUH\DL\GK\surface-defect-detection\data\images\train\ksdd2_20426_aug2.png,0.098684,0.038281,0.065789,0.076563,14.999892000000001,49.00032,0.0050370032070000004,0.8592792863393545,small
train,ksdd2_20428,E:\Data (Drive)\IUH\DL\GK\surface-defect-detection\data\images\train\ksdd2_20428.png,0.90393,0.514638,0.19214,0.067797,44.00006,44.000253,0.01302651558,2.834048704219951,medium
train,ksdd2_20428_aug1,E:\Data (Drive)\IUH\DL\GK\surface-defect-detection\data\images\train\ksdd2_20428_aug1.png,0.09607,0.514638,0.19214,0.067797,44.00006,44.000253,0.01302651558,2.834048704219951,medium
train,ksdd2_20428_aug2,E:\Data (Drive)\IUH\DL\GK\surface-defect-detection\data\images\train\ksdd2_20428_aug2.png,0.90393,0.485362,0.19214,0.067797,44.00006,44.000253,0.01302651558,2.834048704219951,medium
train,ksdd2_20434,E:\Data (Drive)\IUH\DL\GK\surface-defect-detection\data\images\train\ksdd2_20434.png,0.203947,0.377535,0.29386,0.096724,67.00008,62.000084,0.028423314640000003,3.038129109631529,medium
train,ksdd2_20434_aug1,E:\Data (Drive)\IUH\DL\GK\surface-defect-detection\data\images\train\ksdd2_20434_aug1.png,0.796053,0.377535,0.29386,0.096724,67.00008,62.000084,0.028423314640000003,3.038129109631529,medium
train,ksdd2_20434_aug2,E:\Data (Drive)\IUH\DL\GK\surface-defect-detection\data\images\train\ksdd2_20434_aug2.png,0.203947,0.622465,0.29386,0.096724,67.00008,62.000084,0.028423314640000003,3.038129109631529,medium
train,ksdd2_20452,E:\Data (Drive)\IUH\DL\GK\surface-defect-detection\data\images\train\ksdd2_20452.png,0.690789,0.764798,0.118421,0.109034,26.999988,69.99982800000001,0.012911915314,1.086092411541354,medium
train,ksdd2_20452_aug1,E:\Data (Drive)\IUH\DL\GK\surface-defect-detection\data\images\train\ksdd2_20452_aug1.png,0.309211,0.764798,0.118421,0.109034,26.999988,69.99982800000001,0.012911915314,1.086092411541354,medium
train,ksdd2_20452_aug2,E:\Data (Drive)\IUH\DL\GK\surface-defect-detection\data\images\train\ksdd2_20452_aug2.png,0.690789,0.235202,0.118421,0.109034,26.999988,69.99982800000001,0.012911915314,1.086092411541354,medium
train,ksdd2_20457,E:\Data (Drive)\IUH\DL\GK\surface-defect-detection\data\images\train\ksdd2_20457.png,0.75431,0.333597,0.491379,0.207607,113.999928,131.000017,0.10201372005300001,2.3668710592610074,large
train,ksdd2_20457_aug1,E:\Data (Drive)\IUH\DL\GK\surface-defect-detection\data\images\train\ksdd2_20457_aug1.png,0.24569,0.333597,0.491379,0.207607,113.999928,131.000017,0.10201372005300001,2.3668710592610074,large
train,ksdd2_20457_aug2,E:\Data (Drive)\IUH\DL\GK\surface-defect-detection\data\images\train\ksdd2_20457_aug2.png,0.75431,0.666403,0.491379,0.207607,113.999928,131.000017,0.10201372005300001,2.3668710592610074,large
train,ksdd2_20465,E:\Data (Drive)\IUH\DL\GK\surface-defect-detection\data\images\train\ksdd2_20465.png,0.721698,0.903633,0.301887,0.192733,64.000044,121.99998899999999,0.058183587171,1.5663482641789421,large
train,ksdd2_20465_aug1,E:\Data (Drive)\IUH\DL\GK\surface-defect-detection\data\images\train\ksdd2_20465_aug1.png,0.278302,0.903633,0.301887,0.192733,64.000044,121.99998899999999,0.058183587171,1.5663482641789421,large
train,ksdd2_20465_aug2,E:\Data (Drive)\IUH\DL\GK\surface-defect-detection\data\images\train\ksdd2_20465_aug2.png,0.721698,0.096367,0.301887,0.192733,64.000044,121.99998899999999,0.058183587171,1.5663482641789421,large
train,ksdd2_20487,E:\Data (Drive)\IUH\DL\GK\surface-defect-detection\data\images\train\ksdd2_20487.png,0.205128,0.504695,0.153846,0.082942,35.999964000000006,52.999938,0.012760294932000002,1.8548624339900173,medium
train,ksdd2_20487_aug1,E:\Data (Drive)\IUH\DL\GK\surface-defect-detection\data\images\train\ksdd2_20487_aug1.png,0.794872,0.504695,0.153846,0.082942,35.999964000000006,52.999938,0.012760294932000002,1.8548624339900173,medium
train,ksdd2_20487_aug2,E:\Data (Drive)\IUH\DL\GK\surface-defect-detection\data\images\train\ksdd2_20487_aug2.png,0.205128,0.495305,0.153846,0.082942,35.999964000000006,52.999938,0.012760294932000002,1.8548624339900173,medium
train,ksdd2_20502,E:\Data (Drive)\IUH\DL\GK\surface-defect-detection\data\images\train\ksdd2_20502.png,0.485169,0.808477,0.792373,0.323391,187.000028,206.000067,0.256246296843,2.450201149691859,large
train,ksdd2_20502_aug1,E:\Data (Drive)\IUH\DL\GK\surface-defect-detection\data\images\train\ksdd2_20502_aug1.png,0.514831,0.808477,0.792373,0.323391,187.000028,206.000067,0.256246296843,2.450201149691859,large
train,ksdd2_20502_aug2,E:\Data (Drive)\IUH\DL\GK\surface-defect-detection\data\images\train\ksdd2_20502_aug2.png,0.485169,0.191523,0.792373,0.323391,187.000028,206.000067,0.256246296843,2.450201149691859,large
train,ksdd2_20517,E:\Data (Drive)\IUH\DL\GK\surface-defect-detection\data\images\train\ksdd2_20517.png,0.487124,0.490596,0.570815,0.200627,132.99989499999998,128.000026,0.114520901005,2.8451554377028017,large
train,ksdd2_20517_aug1,E:\Data (Drive)\IUH\DL\GK\surface-defect-detection\data\images\train\ksdd2_20517_aug1.png,0.512876,0.490596,0.570815,0.200627,132.99989499999998,128.000026,0.114520901005,2.8451554377028017,large
train,ksdd2_20517_aug2,E:\Data (Drive)\IUH\DL\GK\surface-defect-detection\data\images\train\ksdd2_20517_aug2.png,0.487124,0.509404,0.570815,0.200627,132.99989499999998,128.000026,0.114520901005,2.8451554377028017,large
train,ksdd2_20523,E:\Data (Drive)\IUH\DL\GK\surface-defect-detection\data\images\train\ksdd2_20523.png,0.693478,0.133178,0.491304,0.073209,112.99992,47.000178,0.035967874536,6.710978158423146,medium
train,ksdd2_20523_aug1,E:\Data (Drive)\IUH\DL\GK\surface-defect-detection\data\images\train\ksdd2_20523_aug1.png,0.306522,0.133178,0.491304,0.073209,112.99992,47.000178,0.035967874536,6.710978158423146,medium
train,ksdd2_20523_aug2,E:\Data (Drive)\IUH\DL\GK\surface-defect-detection\data\images\train\ksdd2_20523_aug2.png,0.693478,0.866822,0.491304,0.073209,112.99992,47.000178,0.035967874536,6.710978158423146,medium
train,ksdd2_20535,E:\Data (Drive)\IUH\DL\GK\surface-defect-detection\data\images\train\ksdd2_20535.png,0.15859,0.50234,0.317181,0.124805,72.000087,80.000005,0.039585774705,2.5414126036617124,medium
train,ksdd2_20535_aug1,E:\Data (Drive)\IUH\DL\GK\surface-defect-detection\data\images\train\ksdd2_20535_aug1.png,0.84141,0.50234,0.317181,0.124805,72.000087,80.000005,0.039585774705,2.5414126036617124,medium
train,ksdd2_20535_aug2,E:\Data (Drive)\IUH\DL\GK\surface-defect-detection\data\images\train\ksdd2_20535_aug2.png,0.15859,0.49766,0.317181,0.124805,72.000087,80.000005,0.039585774705,2.5414126036617124,medium
train,ksdd2_20546,E:\Data (Drive)\IUH\DL\GK\surface-defect-detection\data\images\train\ksdd2_20546.png,0.93319,0.495312,0.133621,0.028125,31.000071999999996,18.0,0.0037580906249999996,4.750968888888888,small
train,ksdd2_20546_aug1,E:\Data (Drive)\IUH\DL\GK\surface-defect-detection\data\images\train\ksdd2_20546_aug1.png,0.06681,0.495312,0.133621,0.028125,31.000071999999996,18.0,0.0037580906249999996,4.750968888888888,small
train,ksdd2_20546_aug2,E:\Data (Drive)\IUH\DL\GK\surface-defect-detection\data\images\train\ksdd2_20546_aug2.png,0.93319,0.504687,0.133621,0.028125,31.000071999999996,18.0,0.0037580906249999996,4.750968888888888,small
train,ksdd2_20564,E:\Data (Drive)\IUH\DL\GK\surface-defect-detection\data\images\train\ksdd2_20564.png,0.066079,0.358506,0.079295,0.077901,17.999965,48.999729,0.0061771597950000005,1.0178945071308456,small
train,ksdd2_20564_aug1,E:\Data (Drive)\IUH\DL\GK\surface-defect-detection\data\images\train\ksdd2_20564_aug1.png,0.933921,0.358506,0.079295,0.077901,17.999965,48.999729,0.0061771597950000005,1.0178945071308456,small
train,ksdd2_20564_aug2,E:\Data (Drive)\IUH\DL\GK\surface-defect-detection\data\images\train\ksdd2_20564_aug2.png,0.066079,0.641494,0.079295,0.077901,17.999965,48.999729,0.0061771597950000005,1.0178945071308456,small
train,ksdd2_20587,E:\Data (Drive)\IUH\DL\GK\surface-defect-detection\data\images\train\ksdd2_20587.png,0.890295,0.452904,0.219409,0.11146,51.999933,71.00002,0.02445532714,1.9684999102817153,medium
train,ksdd2_20587_aug1,E:\Data (Drive)\IUH\DL\GK\surface-defect-detection\data\images\train\ksdd2_20587_aug1.png,0.109705,0.452904,0.219409,0.11146,51.999933,71.00002,0.02445532714,1.9684999102817153,medium
train,ksdd2_20587_aug2,E:\Data (Drive)\IUH\DL\GK\surface-defect-detection\data\images\train\ksdd2_20587_aug2.png,0.890295,0.547096,0.219409,0.11146,51.999933,71.00002,0.02445532714,1.9684999102817153,medium
train,ksdd2_20599,E:\Data (Drive)\IUH\DL\GK\surface-defect-detection\data\images\train\ksdd2_20599.png,0.814978,0.460938,0.370044,0.065625,83.999988,42.0,0.0242841375,5.6387657142857135,medium
train,ksdd2_20599,E:\Data (Drive)\IUH\DL\GK\surface-defect-detection\data\images\train\ksdd2_20599.png,0.066079,0.191406,0.132159,0.139063,30.000093,89.00031999999999,0.018378427016999998,0.9503534369314628,medium
train,ksdd2_20599_aug1,E:\Data (Drive)\IUH\DL\GK\surface-defect-detection\data\images\train\ksdd2_20599_aug1.png,0.185022,0.460938,0.370044,0.065625,83.999988,42.0,0.0242841375,5.6387657142857135,medium
train,ksdd2_20599_aug1,E:\Data (Drive)\IUH\DL\GK\surface-defect-detection\data\images\train\ksdd2_20599_aug1.png,0.933921,0.191406,0.132159,0.139063,30.000093,89.00031999999999,0.018378427016999998,0.9503534369314628,medium
train,ksdd2_20599_aug2,E:\Data (Drive)\IUH\DL\GK\surface-defect-detection\data\images\train\ksdd2_20599_aug2.png,0.814978,0.539062,0.370044,0.065625,83.999988,42.0,0.0242841375,5.6387657142857135,medium
train,ksdd2_20599_aug2,E:\Data (Drive)\IUH\DL\GK\surface-defect-detection\data\images\train\ksdd2_20599_aug2.png,0.066079,0.808594,0.132159,0.139063,30.000093,89.00031999999999,0.018378427016999998,0.9503534369314628,medium
train,ksdd2_20632,E:\Data (Drive)\IUH\DL\GK\surface-defect-detection\data\images\train\ksdd2_20632.png,0.137555,0.557632,0.266376,0.031153,61.000104,20.000226,0.008298411528,8.550572978525343,small
train,ksdd2_20632_aug1,E:\Data (Drive)\IUH\DL\GK\surface-defect-detection\data\images\train\ksdd2_20632_aug1.png,0.862445,0.557632,0.266376,0.031153,61.000104,20.000226,0.008298411528,8.550572978525343,small
train,ksdd2_20632_aug2,E:\Data (Drive)\IUH\DL\GK\surface-defect-detection\data\images\train\ksdd2_20632_aug2.png,0.137555,0.442368,0.266376,0.031153,61.000104,20.000226,0.008298411528,8.550572978525343,small
train,ksdd2_20640,E:\Data (Drive)\IUH\DL\GK\surface-defect-detection\data\images\train\ksdd2_20640.png,0.875,0.255151,0.25,0.1458,57.0,91.99980000000001,0.03645,1.7146776406035664,medium
train,ksdd2_20640_aug1,E:\Data (Drive)\IUH\DL\GK\surface-defect-detection\data\images\train\ksdd2_20640_aug1.png,0.125,0.255151,0.25,0.1458,57.0,91.99980000000001,0.03645,1.7146776406035664,medium
train,ksdd2_20640_aug2,E:\Data (Drive)\IUH\DL\GK\surface-defect-detection\data\images\train\ksdd2_20640_aug2.png,0.875,0.744849,0.25,0.1458,57.0,91.99980000000001,0.03645,1.7146776406035664,medium
train,ksdd2_20646,E:\Data (Drive)\IUH\DL\GK\surface-defect-detection\data\images\train\ksdd2_20646.png,0.517699,0.448576,0.389381,0.05538,88.00010599999999,35.00016,0.02156391978,7.0310762007945105,medium
train,ksdd2_20646_aug1,E:\Data (Drive)\IUH\DL\GK\surface-defect-detection\data\images\train\ksdd2_20646_aug1.png,0.482301,0.448576,0.389381,0.05538,88.00010599999999,35.00016,0.02156391978,7.0310762007945105,medium
train,ksdd2_20646_aug2,E:\Data (Drive)\IUH\DL\GK\surface-defect-detection\data\images\train\ksdd2_20646_aug2.png,0.517699,0.551424,0.389381,0.05538,88.00010599999999,35.00016,0.02156391978,7.0310762007945105,medium
train,ksdd2_20660,E:\Data (Drive)\IUH\DL\GK\surface-defect-detection\data\images\train\ksdd2_20660.png,0.449561,0.237461,0.241228,0.095611,54.999984,60.999818,0.023064050308,2.523015134241876,medium
train,ksdd2_20660_aug1,E:\Data (Drive)\IUH\DL\GK\surface-defect-detection\data\images\train\ksdd2_20660_aug1.png,0.550439,0.237461,0.241228,0.095611,54.999984,60.999818,0.023064050308,2.523015134241876,medium
train,ksdd2_20660_aug2,E:\Data (Drive)\IUH\DL\GK\surface-defect-detection\data\images\train\ksdd2_20660_aug2.png,0.449561,0.762539,0.241228,0.095611,54.999984,60.999818,0.023064050308,2.523015134241876,medium
train,ksdd2_20667,E:\Data (Drive)\IUH\DL\GK\surface-defect-detection\data\images\train\ksdd2_20667.png,0.883772,0.6125,0.232456,0.059375,52.999967999999996,38.0,0.013802074999999999,3.9150484210526315,medium
train,ksdd2_20667_aug1,E:\Data (Drive)\IUH\DL\GK\surface-defect-detection\data\images\train\ksdd2_20667_aug1.png,0.116228,0.6125,0.232456,0.059375,52.999967999999996,38.0,0.013802074999999999,3.9150484210526315,medium
train,ksdd2_20667_aug2,E:\Data (Drive)\IUH\DL\GK\surface-defect-detection\data\images\train\ksdd2_20667_aug2.png,0.883772,0.3875,0.232456,0.059375,52.999967999999996,38.0,0.013802074999999999,3.9150484210526315,medium
train,ksdd2_20669,E:\Data (Drive)\IUH\DL\GK\surface-defect-detection\data\images\train\ksdd2_20669.png,0.474138,0.153666,0.275862,0.307332,63.999984,196.999812,0.084781220184,0.8976025926359767,large
train,ksdd2_20669_aug1,E:\Data (Drive)\IUH\DL\GK\surface-defect-detection\data\images\train\ksdd2_20669_aug1.png,0.525862,0.153666,0.275862,0.307332,63.999984,196.999812,0.084781220184,0.8976025926359767,large
train,ksdd2_20669_aug2,E:\Data (Drive)\IUH\DL\GK\surface-defect-detection\data\images\train\ksdd2_20669_aug2.png,0.474138,0.846334,0.275862,0.307332,63.999984,196.999812,0.084781220184,0.8976025926359767,large
train,ksdd2_20671,E:\Data (Drive)\IUH\DL\GK\surface-defect-detection\data\images\train\ksdd2_20671.png,0.182051,0.580952,0.364103,0.203175,71.000085,128.00025,0.073976627025,1.7920659529961858,large
train,ksdd2_20671,E:\Data (Drive)\IUH\DL\GK\surface-defect-detection\data\images\train\ksdd2_20671.png,0.312821,0.37619,0.625641,0.193651,121.999995,122.00013,0.121156005291,3.2307656557415148,large
train,ksdd2_20671_aug1,E:\Data (Drive)\IUH\DL\GK\surface-defect-detection\data\images\train\ksdd2_20671_aug1.png,0.817949,0.580952,0.364103,0.203175,71.000085,128.00025,0.073976627025,1.7920659529961858,large
train,ksdd2_20671_aug1,E:\Data (Drive)\IUH\DL\GK\surface-defect-detection\data\images\train\ksdd2_20671_aug1.png,0.687179,0.37619,0.625641,0.193651,121.999995,122.00013,0.121156005291,3.2307656557415148,large
train,ksdd2_20671_aug2,E:\Data (Drive)\IUH\DL\GK\surface-defect-detection\data\images\train\ksdd2_20671_aug2.png,0.182051,0.419048,0.364103,0.203175,71.000085,128.00025,0.073976627025,1.7920659529961858,large
train,ksdd2_20671_aug2,E:\Data (Drive)\IUH\DL\GK\surface-defect-detection\data\images\train\ksdd2_20671_aug2.png,0.312821,0.62381,0.625641,0.193651,121.999995,122.00013,0.121156005291,3.2307656557415148,large
train,ksdd2_20672,E:\Data (Drive)\IUH\DL\GK\surface-defect-detection\data\images\train\ksdd2_20672.png,0.17316,0.041536,0.095238,0.083072,21.999978000000002,52.999936,0.007911611136,1.1464512711864407,small
train,ksdd2_20672_aug1,E:\Data (Drive)\IUH\DL\GK\surface-defect-detection\data\images\train\ksdd2_20672_aug1.png,0.82684,0.041536,0.095238,0.083072,21.999978000000002,52.999936,0.007911611136,1.1464512711864407,small
train,ksdd2_20672_aug2,E:\Data (Drive)\IUH\DL\GK\surface-defect-detection\data\images\train\ksdd2_20672_aug2.png,0.17316,0.958464,0.095238,0.083072,21.999978000000002,52.999936,0.007911611136,1.1464512711864407,small
train,ksdd2_20682,E:\Data (Drive)\IUH\DL\GK\surface-defect-detection\data\images\train\ksdd2_20682.png,0.536957,0.259141,0.734783,0.162162,169.00009,101.999898,0.119153880846,4.531166364499698,large
train,ksdd2_20682_aug1,E:\Data (Drive)\IUH\DL\GK\surface-defect-detection\data\images\train\ksdd2_20682_aug1.png,0.463043,0.259141,0.734783,0.162162,169.00009,101.999898,0.119153880846,4.531166364499698,large
train,ksdd2_20682_aug2,E:\Data (Drive)\IUH\DL\GK\surface-defect-detection\data\images\train\ksdd2_20682_aug2.png,0.536957,0.740859,0.734783,0.162162,169.00009,101.999898,0.119153880846,4.531166364499698,large
train,ksdd2_20724,E:\Data (Drive)\IUH\DL\GK\surface-defect-detection\data\images\train\ksdd2_20724.png,0.209607,0.941315,0.419214,0.117371,96.000006,75.000069,0.049203566393999996,3.5716999940360052,medium
train,ksdd2_20724_aug1,E:\Data (Drive)\IUH\DL\GK\surface-defect-detection\data\images\train\ksdd2_20724_aug1.png,0.790393,0.941315,0.419214,0.117371,96.000006,75.000069,0.049203566393999996,3.5716999940360052,medium
train,ksdd2_20724_aug2,E:\Data (Drive)\IUH\DL\GK\surface-defect-detection\data\images\train\ksdd2_20724_aug2.png,0.209607,0.058685,0.419214,0.117371,96.000006,75.000069,0.049203566393999996,3.5716999940360052,medium
train,ksdd2_20738,E:\Data (Drive)\IUH\DL\GK\surface-defect-detection\data\images\train\ksdd2_20738.png,0.732906,0.036321,0.200855,0.057187,47.00007,36.999989,0.011486294885000001,3.5122492874254636,medium
train,ksdd2_20738_aug1,E:\Data (Drive)\IUH\DL\GK\surface-defect-detection\data\images\train\ksdd2_20738_aug1.png,0.267094,0.036321,0.200855,0.057187,47.00007,36.999989,0.011486294885000001,3.5122492874254636,medium
train,ksdd2_20738_aug2,E:\Data (Drive)\IUH\DL\GK\surface-defect-detection\data\images\train\ksdd2_20738_aug2.png,0.732906,0.963679,0.200855,0.057187,47.00007,36.999989,0.011486294885000001,3.5122492874254636,medium
train,ksdd2_20744,E:\Data (Drive)\IUH\DL\GK\surface-defect-detection\data\images\train\ksdd2_20744.png,0.526432,0.3125,0.762115,0.384375,173.000105,246.0,0.29293795312500004,1.9827382113821137,large
train,ksdd2_20744_aug1,E:\Data (Drive)\IUH\DL\GK\surface-defect-detection\data\images\train\ksdd2_20744_aug1.png,0.473568,0.3125,0.762115,0.384375,173.000105,246.0,0.29293795312500004,1.9827382113821137,large
train,ksdd2_20744_aug2,E:\Data (Drive)\IUH\DL\GK\surface-defect-detection\data\images\train\ksdd2_20744_aug2.png,0.526432,0.6875,0.762115,0.384375,173.000105,246.0,0.29293795312500004,1.9827382113821137,large
train,ksdd2_20747,E:\Data (Drive)\IUH\DL\GK\surface-defect-detection\data\images\train\ksdd2_20747.png,0.557522,0.450079,0.371681,0.044374,83.999906,27.999993999999997,0.016492972693999998,8.376098616306846,medium
train,ksdd2_20747_aug1,E:\Data (Drive)\IUH\DL\GK\surface-defect-detection\data\images\train\ksdd2_20747_aug1.png,0.442478,0.450079,0.371681,0.044374,83.999906,27.999993999999997,0.016492972693999998,8.376098616306846,medium
train,ksdd2_20747_aug2,E:\Data (Drive)\IUH\DL\GK\surface-defect-detection\data\images\train\ksdd2_20747_aug2.png,0.557522,0.549921,0.371681,0.044374,83.999906,27.999993999999997,0.016492972693999998,8.376098616306846,medium
train,ksdd2_20785,E:\Data (Drive)\IUH\DL\GK\surface-defect-detection\data\images\train\ksdd2_20785.png,0.709251,0.458009,0.581498,0.141524,132.000046,90.999932,0.082295922952,4.108829597806732,large
train,ksdd2_20785_aug1,E:\Data (Drive)\IUH\DL\GK\surface-defect-detection\data\images\train\ksdd2_20785_aug1.png,0.290749,0.458009,0.581498,0.141524,132.000046,90.999932,0.082295922952,4.108829597806732,large
train,ksdd2_20785_aug2,E:\Data (Drive)\IUH\DL\GK\surface-defect-detection\data\images\train\ksdd2_20785_aug2.png,0.709251,0.541991,0.581498,0.141524,132.000046,90.999932,0.082295922952,4.108829597806732,large
train,ksdd2_20801,E:\Data (Drive)\IUH\DL\GK\surface-defect-detection\data\images\train\ksdd2_20801.png,0.134361,0.0832,0.268722,0.0256,60.999894000000005,16.0,0.006879283200000001,10.496953125000001,small
train,ksdd2_20801_aug1,E:\Data (Drive)\IUH\DL\GK\surface-defect-detection\data\images\train\ksdd2_20801_aug1.png,0.865639,0.0832,0.268722,0.0256,60.999894000000005,16.0,0.006879283200000001,10.496953125000001,small
train,ksdd2_20801_aug2,E:\Data (Drive)\IUH\DL\GK\surface-defect-detection\data\images\train\ksdd2_20801_aug2.png,0.134361,0.9168,0.268722,0.0256,60.999894000000005,16.0,0.006879283200000001,10.496953125000001,small
train,ksdd2_20816,E:\Data (Drive)\IUH\DL\GK\surface-defect-detection\data\images\train\ksdd2_20816.png,0.063319,0.938665,0.126638,0.013975,29.000102000000002,8.9999,0.0017697660499999999,9.06175313059034,small
train,ksdd2_20816_aug1,E:\Data (Drive)\IUH\DL\GK\surface-defect-detection\data\images\train\ksdd2_20816_aug1.png,0.936681,0.938665,0.126638,0.013975,29.000102000000002,8.9999,0.0017697660499999999,9.06175313059034,small
train,ksdd2_20816_aug2,E:\Data (Drive)\IUH\DL\GK\surface-defect-detection\data\images\train\ksdd2_20816_aug2.png,0.063319,0.061335,0.126638,0.013975,29.000102000000002,8.9999,0.0017697660499999999,9.06175313059034,small
train,ksdd2_20827,E:\Data (Drive)\IUH\DL\GK\surface-defect-detection\data\images\train\ksdd2_20827.png,0.880435,0.453198,0.23913,0.070203,54.999900000000004,45.000123,0.016787643390000002,3.406264689543182,medium
train,ksdd2_20827_aug1,E:\Data (Drive)\IUH\DL\GK\surface-defect-detection\data\images\train\ksdd2_20827_aug1.png,0.119565,0.453198,0.23913,0.070203,54.999900000000004,45.000123,0.016787643390000002,3.406264689543182,medium
train,ksdd2_20827_aug2,E:\Data (Drive)\IUH\DL\GK\surface-defect-detection\data\images\train\ksdd2_20827_aug2.png,0.880435,0.546802,0.23913,0.070203,54.999900000000004,45.000123,0.016787643390000002,3.406264689543182,medium
train,ksdd2_20829,E:\Data (Drive)\IUH\DL\GK\surface-defect-detection\data\images\train\ksdd2_20829.png,0.069565,0.939739,0.13913,0.039088,31.9999,24.000031999999997,0.00543831344,3.559404420794106,small
train,ksdd2_20829_aug1,E:\Data (Drive)\IUH\DL\GK\surface-defect-detection\data\images\train\ksdd2_20829_aug1.png,0.930435,0.939739,0.13913,0.039088,31.9999,24.000031999999997,0.00543831344,3.559404420794106,small
train,ksdd2_20829_aug2,E:\Data (Drive)\IUH\DL\GK\surface-defect-detection\data\images\train\ksdd2_20829_aug2.png,0.069565,0.060261,0.13913,0.039088,31.9999,24.000031999999997,0.00543831344,3.559404420794106,small
train,ksdd2_20834,E:\Data (Drive)\IUH\DL\GK\surface-defect-detection\data\images\train\ksdd2_20834.png,0.722944,0.260664,0.337662,0.148499,77.999922,93.999867,0.050142469338,2.2738334938282416,large
train,ksdd2_20834_aug1,E:\Data (Drive)\IUH\DL\GK\surface-defect-detection\data\images\train\ksdd2_20834_aug1.png,0.277056,0.260664,0.337662,0.148499,77.999922,93.999867,0.050142469338,2.2738334938282416,large
train,ksdd2_20834_aug2,E:\Data (Drive)\IUH\DL\GK\surface-defect-detection\data\images\train\ksdd2_20834_aug2.png,0.722944,0.739336,0.337662,0.148499,77.999922,93.999867,0.050142469338,2.2738334938282416,large
train,ksdd2_20857,E:\Data (Drive)\IUH\DL\GK\surface-defect-detection\data\images\train\ksdd2_20857.png,0.562771,0.536378,0.805195,0.091331,186.000045,58.999826,0.073539264545,8.816228881759754,large
train,ksdd2_20857_aug1,E:\Data (Drive)\IUH\DL\GK\surface-defect-detection\data\images\train\ksdd2_20857_aug1.png,0.437229,0.536378,0.805195,0.091331,186.000045,58.999826,0.073539264545,8.816228881759754,large
train,ksdd2_20857_aug2,E:\Data (Drive)\IUH\DL\GK\surface-defect-detection\data\images\train\ksdd2_20857_aug2.png,0.562771,0.463622,0.805195,0.091331,186.000045,58.999826,0.073539264545,8.816228881759754,large
train,ksdd2_20881,E:\Data (Drive)\IUH\DL\GK\surface-defect-detection\data\images\train\ksdd2_20881.png,0.635965,0.836991,0.72807,0.166144,165.99996,105.999872,0.12096446207999999,4.382162461479199,large
train,ksdd2_20881_aug1,E:\Data (Drive)\IUH\DL\GK\surface-defect-detection\data\images\train\ksdd2_20881_aug1.png,0.364035,0.836991,0.72807,0.166144,165.99996,105.999872,0.12096446207999999,4.382162461479199,large
train,ksdd2_20881_aug2,E:\Data (Drive)\IUH\DL\GK\surface-defect-detection\data\images\train\ksdd2_20881_aug2.png,0.635965,0.163009,0.72807,0.166144,165.99996,105.999872,0.12096446207999999,4.382162461479199,large
train,ksdd2_20891,E:\Data (Drive)\IUH\DL\GK\surface-defect-detection\data\images\train\ksdd2_20891.png,0.315789,0.951969,0.140351,0.077165,32.000028,48.999775,0.010830184915,1.8188427395840083,medium
train,ksdd2_20891_aug1,E:\Data (Drive)\IUH\DL\GK\surface-defect-detection\data\images\train\ksdd2_20891_aug1.png,0.684211,0.951969,0.140351,0.077165,32.000028,48.999775,0.010830184915,1.8188427395840083,medium
train,ksdd2_20891_aug2,E:\Data (Drive)\IUH\DL\GK\surface-defect-detection\data\images\train\ksdd2_20891_aug2.png,0.315789,0.048031,0.140351,0.077165,32.000028,48.999775,0.010830184915,1.8188427395840083,medium
train,ksdd2_20892,E:\Data (Drive)\IUH\DL\GK\surface-defect-detection\data\images\train\ksdd2_20892.png,0.701717,0.488152,0.381974,0.060032,88.99994199999999,38.000256,0.022930663168,6.362839818763326,medium
train,ksdd2_20892_aug1,E:\Data (Drive)\IUH\DL\GK\surface-defect-detection\data\images\train\ksdd2_20892_aug1.png,0.298283,0.488152,0.381974,0.060032,88.99994199999999,38.000256,0.022930663168,6.362839818763326,medium
train,ksdd2_20892_aug2,E:\Data (Drive)\IUH\DL\GK\surface-defect-detection\data\images\train\ksdd2_20892_aug2.png,0.701717,0.511848,0.381974,0.060032,88.99994199999999,38.000256,0.022930663168,6.362839818763326,medium
train,ksdd2_20941,E:\Data (Drive)\IUH\DL\GK\surface-defect-detection\data\images\train\ksdd2_20941.png,0.426407,0.612069,0.290043,0.051724,66.999933,32.999912,0.015002184132,5.607512953367876,medium
train,ksdd2_20941_aug1,E:\Data (Drive)\IUH\DL\GK\surface-defect-detection\data\images\train\ksdd2_20941_aug1.png,0.573593,0.612069,0.290043,0.051724,66.999933,32.999912,0.015002184132,5.607512953367876,medium
train,ksdd2_20941_aug2,E:\Data (Drive)\IUH\DL\GK\surface-defect-detection\data\images\train\ksdd2_20941_aug2.png,0.426407,0.387931,0.290043,0.051724,66.999933,32.999912,0.015002184132,5.607512953367876,medium
train,ksdd2_20952,E:\Data (Drive)\IUH\DL\GK\surface-defect-detection\data\images\train\ksdd2_20952.png,0.606522,0.183121,0.786957,0.146497,181.00011,92.00011599999999,0.11528683962899999,5.371830139866346,large
train,ksdd2_20952_aug1,E:\Data (Drive)\IUH\DL\GK\surface-defect-detection\data\images\train\ksdd2_20952_aug1.png,0.393478,0.183121,0.786957,0.146497,181.00011,92.00011599999999,0.11528683962899999,5.371830139866346,large
train,ksdd2_20952_aug2,E:\Data (Drive)\IUH\DL\GK\surface-defect-detection\data\images\train\ksdd2_20952_aug2.png,0.606522,0.816879,0.786957,0.146497,181.00011,92.00011599999999,0.11528683962899999,5.371830139866346,large
train,ksdd2_20956,E:\Data (Drive)\IUH\DL\GK\surface-defect-detection\data\images\train\ksdd2_20956.png,0.20524,0.684628,0.209607,0.095087,48.000003,59.999897000000004,0.019930900809,2.20437073416976,medium
train,ksdd2_20956_aug1,E:\Data (Drive)\IUH\DL\GK\surface-defect-detection\data\images\train\ksdd2_20956_aug1.png,0.79476,0.684628,0.209607,0.095087,48.000003,59.999897000000004,0.019930900809,2.20437073416976,medium
train,ksdd2_20956_aug2,E:\Data (Drive)\IUH\DL\GK\surface-defect-detection\data\images\train\ksdd2_20956_aug2.png,0.20524,0.315372,0.209607,0.095087,48.000003,59.999897000000004,0.019930900809,2.20437073416976,medium
train,ksdd2_20959,E:\Data (Drive)\IUH\DL\GK\surface-defect-detection\data\images\train\ksdd2_20959.png,0.891775,0.80739,0.21645,0.133648,49.99995,85.00012799999999,0.028928109599999998,1.6195528552615828,medium
train,ksdd2_20959_aug1,E:\Data (Drive)\IUH\DL\GK\surface-defect-detection\data\images\train\ksdd2_20959_aug1.png,0.108225,0.80739,0.21645,0.133648,49.99995,85.00012799999999,0.028928109599999998,1.6195528552615828,medium
train,ksdd2_20959_aug2,E:\Data (Drive)\IUH\DL\GK\surface-defect-detection\data\images\train\ksdd2_20959_aug2.png,0.891775,0.19261,0.21645,0.133648,49.99995,85.00012799999999,0.028928109599999998,1.6195528552615828,medium
train,ksdd2_20969,E:\Data (Drive)\IUH\DL\GK\surface-defect-detection\data\images\train\ksdd2_20969.png,0.464758,0.671244,0.559471,0.114701,126.99991700000001,70.99991899999999,0.064171883171,4.877647099850917,large
train,ksdd2_20969_aug1,E:\Data (Drive)\IUH\DL\GK\surface-defect-detection\data\images\train\ksdd2_20969_aug1.png,0.535242,0.671244,0.559471,0.114701,126.99991700000001,70.99991899999999,0.064171883171,4.877647099850917,large
train,ksdd2_20969_aug2,E:\Data (Drive)\IUH\DL\GK\surface-defect-detection\data\images\train\ksdd2_20969_aug2.png,0.464758,0.328756,0.559471,0.114701,126.99991700000001,70.99991899999999,0.064171883171,4.877647099850917,large
train,mt_blowhole_exp1_num_108719,E:\Data (Drive)\IUH\DL\GK\surface-defect-detection\data\images\train\mt_blowhole_exp1_num_108719.png,0.506048,0.601877,0.028226,0.061662,7.0000480000000005,22.999926000000002,0.001740471612,0.45775355972884435,small
train,mt_blowhole_exp1_num_108719_aug1,E:\Data (Drive)\IUH\DL\GK\surface-defect-detection\data\images\train\mt_blowhole_exp1_num_108719_aug1.png,0.493952,0.601877,0.028226,0.061662,7.0000480000000005,22.999926000000002,0.001740471612,0.45775355972884435,small
train,mt_blowhole_exp1_num_108719_aug2,E:\Data (Drive)\IUH\DL\GK\surface-defect-detection\data\images\train\mt_blowhole_exp1_num_108719_aug2.png,0.506048,0.398123,0.028226,0.061662,7.0000480000000005,22.999926000000002,0.001740471612,0.45775355972884435,small
train,mt_blowhole_exp1_num_262480,E:\Data (Drive)\IUH\DL\GK\surface-defect-detection\data\images\train\mt_blowhole_exp1_num_262480.png,0.566327,0.666667,0.030612,0.02439,5.999952,5.99994,0.00074662668,1.2551045510455106,small
train,mt_blowhole_exp1_num_262480_aug1,E:\Data (Drive)\IUH\DL\GK\surface-defect-detection\data\images\train\mt_blowhole_exp1_num_262480_aug1.png,0.433673,0.666667,0.030612,0.02439,5.999952,5.99994,0.00074662668,1.2551045510455106,small
train,mt_blowhole_exp1_num_262480_aug2,E:\Data (Drive)\IUH\DL\GK\surface-defect-detection\data\images\train\mt_blowhole_exp1_num_262480_aug2.png,0.566327,0.333333,0.030612,0.02439,5.999952,5.99994,0.00074662668,1.2551045510455106,small
train,mt_blowhole_exp1_num_265077,E:\Data (Drive)\IUH\DL\GK\surface-defect-detection\data\images\train\mt_blowhole_exp1_num_265077.png,0.939623,0.044944,0.037736,0.039326,10.00004,14.000056,0.001484005936,0.9595687331536388,small
train,mt_blowhole_exp1_num_265077_aug1,E:\Data (Drive)\IUH\DL\GK\surface-defect-detection\data\images\train\mt_blowhole_exp1_num_265077_aug1.png,0.060377,0.044944,0.037736,0.039326,10.00004,14.000056,0.001484005936,0.9595687331536388,small
train,mt_blowhole_exp1_num_265077_aug2,E:\Data (Drive)\IUH\DL\GK\surface-defect-detection\data\images\train\mt_blowhole_exp1_num_265077_aug2.png,0.939623,0.955056,0.037736,0.039326,10.00004,14.000056,0.001484005936,0.9595687331536388,small
train,mt_blowhole_exp1_num_290998,E:\Data (Drive)\IUH\DL\GK\surface-defect-detection\data\images\train\mt_blowhole_exp1_num_290998.png,0.877163,0.901989,0.065744,0.071023,19.000016,25.000096,0.004669336112,0.9256719654196527,small
train,mt_blowhole_exp1_num_290998,E:\Data (Drive)\IUH\DL\GK\surface-defect-detection\data\images\train\mt_blowhole_exp1_num_290998.png,0.915225,0.90767,0.051903,0.09375,14.999967,33.0,0.00486590625,0.553632,small
train,mt_blowhole_exp1_num_290998_aug1,E:\Data (Drive)\IUH\DL\GK\surface-defect-detection\data\images\train\mt_blowhole_exp1_num_290998_aug1.png,0.122837,0.901989,0.065744,0.071023,19.000016,25.000096,0.004669336112,0.9256719654196527,small
train,mt_blowhole_exp1_num_290998_aug1,E:\Data (Drive)\IUH\DL\GK\surface-defect-detection\data\images\train\mt_blowhole_exp1_num_290998_aug1.png,0.084775,0.90767,0.051903,0.09375,14.999967,33.0,0.00486590625,0.553632,small
train,mt_blowhole_exp1_num_290998_aug2,E:\Data (Drive)\IUH\DL\GK\surface-defect-detection\data\images\train\mt_blowhole_exp1_num_290998_aug2.png,0.877163,0.098011,0.065744,0.071023,19.000016,25.000096,0.004669336112,0.9256719654196527,small
train,mt_blowhole_exp1_num_290998_aug2,E:\Data (Drive)\IUH\DL\GK\surface-defect-detection\data\images\train\mt_blowhole_exp1_num_290998_aug2.png,0.915225,0.09233,0.051903,0.09375,14.999967,33.0,0.00486590625,0.553632,small
train,mt_blowhole_exp1_num_297464,E:\Data (Drive)\IUH\DL\GK\surface-defect-detection\data\images\train\mt_blowhole_exp1_num_297464.png,0.957746,0.466667,0.028169,0.02963,5.999997,8.0001,0.00083464747,0.9506918663516706,small
train,mt_blowhole_exp1_num_297464_aug1,E:\Data (Drive)\IUH\DL\GK\surface-defect-detection\data\images\train\mt_blowhole_exp1_num_297464_aug1.png,0.042254,0.466667,0.028169,0.02963,5.999997,8.0001,0.00083464747,0.9506918663516706,small
train,mt_blowhole_exp1_num_297464_aug2,E:\Data (Drive)\IUH\DL\GK\surface-defect-detection\data\images\train\mt_blowhole_exp1_num_297464_aug2.png,0.957746,0.533333,0.028169,0.02963,5.999997,8.0001,0.00083464747,0.9506918663516706,small
train,mt_blowhole_exp1_num_308015,E:\Data (Drive)\IUH\DL\GK\surface-defect-detection\data\images\train\mt_blowhole_exp1_num_308015.png,0.968326,0.711397,0.027149,0.033088,5.999929,8.999936,0.000898306112,0.8205089458413927,small
train,mt_blowhole_exp1_num_308015_aug1,E:\Data (Drive)\IUH\DL\GK\surface-defect-detection\data\images\train\mt_blowhole_exp1_num_308015_aug1.png,0.031674,0.711397,0.027149,0.033088,5.999929,8.999936,0.000898306112,0.8205089458413927,small
train,mt_blowhole_exp1_num_308015_aug2,E:\Data (Drive)\IUH\DL\GK\surface-defect-detection\data\images\train\mt_blowhole_exp1_num_308015_aug2.png,0.968326,0.288603,0.027149,0.033088,5.999929,8.999936,0.000898306112,0.8205089458413927,small
train,mt_blowhole_exp1_num_317483,E:\Data (Drive)\IUH\DL\GK\surface-defect-detection\data\images\train\mt_blowhole_exp1_num_317483.png,0.472477,0.834572,0.06422,0.033457,13.99996,8.999933,0.00214860854,1.9194787338972412,small
train,mt_blowhole_exp1_num_317483_aug1,E:\Data (Drive)\IUH\DL\GK\surface-defect-detection\data\images\train\mt_blowhole_exp1_num_317483_aug1.png,0.527523,0.834572,0.06422,0.033457,13.99996,8.999933,0.00214860854,1.9194787338972412,small
train,mt_blowhole_exp1_num_317483_aug2,E:\Data (Drive)\IUH\DL\GK\surface-defect-detection\data\images\train\mt_blowhole_exp1_num_317483_aug2.png,0.472477,0.165428,0.06422,0.033457,13.99996,8.999933,0.00214860854,1.9194787338972412,small
train,mt_blowhole_exp1_num_327970,E:\Data (Drive)\IUH\DL\GK\surface-defect-detection\data\images\train\mt_blowhole_exp1_num_327970.png,0.155556,0.233524,0.022222,0.04298,7.9999199999999995,15.00002,0.0009551015599999999,0.5170311772917636,small
train,mt_blowhole_exp1_num_327970_aug1,E:\Data (Drive)\IUH\DL\GK\surface-defect-detection\data\images\train\mt_blowhole_exp1_num_327970_aug1.png,0.844444,0.233524,0.022222,0.04298,7.9999199999999995,15.00002,0.0009551015599999999,0.5170311772917636,small
train,mt_blowhole_exp1_num_327970_aug2,E:\Data (Drive)\IUH\DL\GK\surface-defect-detection\data\images\train\mt_blowhole_exp1_num_327970_aug2.png,0.155556,0.766476,0.022222,0.04298,7.9999199999999995,15.00002,0.0009551015599999999,0.5170311772917636,small
train,mt_blowhole_exp1_num_346311,E:\Data (Drive)\IUH\DL\GK\surface-defect-detection\data\images\train\mt_blowhole_exp1_num_346311.png,0.564484,0.161725,0.021825,0.026954,10.9998,9.999934,0.00058827105,0.8097128441047712,small
train,mt_blowhole_exp1_num_346311_aug1,E:\Data (Drive)\IUH\DL\GK\surface-defect-detection\data\images\train\mt_blowhole_exp1_num_346311_aug1.png,0.435516,0.161725,0.021825,0.026954,10.9998,9.999934,0.00058827105,0.8097128441047712,small
train,mt_blowhole_exp1_num_346311_aug2,E:\Data (Drive)\IUH\DL\GK\surface-defect-detection\data\images\train\mt_blowhole_exp1_num_346311_aug2.png,0.564484,0.838275,0.021825,0.026954,10.9998,9.999934,0.00058827105,0.8097128441047712,small
train,mt_blowhole_exp1_num_36290,E:\Data (Drive)\IUH\DL\GK\surface-defect-detection\data\images\train\mt_blowhole_exp1_num_36290.png,0.632479,0.329181,0.153846,0.074733,17.999982000000003,20.999972999999997,0.011497373118,2.058608646782546,medium
train,mt_blowhole_exp1_num_36290_aug1,E:\Data (Drive)\IUH\DL\GK\surface-defect-detection\data\images\train\mt_blowhole_exp1_num_36290_aug1.png,0.367521,0.329181,0.153846,0.074733,17.999982000000003,20.999972999999997,0.011497373118,2.058608646782546,medium
train,mt_blowhole_exp1_num_36290_aug2,E:\Data (Drive)\IUH\DL\GK\surface-defect-detection\data\images\train\mt_blowhole_exp1_num_36290_aug2.png,0.632479,0.670819,0.153846,0.074733,17.999982000000003,20.999972999999997,0.011497373118,2.058608646782546,medium
train,mt_blowhole_exp1_num_3667,E:\Data (Drive)\IUH\DL\GK\surface-defect-detection\data\images\train\mt_blowhole_exp1_num_3667.png,0.590631,0.171543,0.028513,0.034574,13.999883,12.999824,0.000985808462,0.8246948574073003,small
train,mt_blowhole_exp1_num_3667_aug1,E:\Data (Drive)\IUH\DL\GK\surface-defect-detection\data\images\train\mt_blowhole_exp1_num_3667_aug1.png,0.409369,0.171543,0.028513,0.034574,13.999883,12.999824,0.000985808462,0.8246948574073003,small
train,mt_blowhole_exp1_num_3667_aug2,E:\Data (Drive)\IUH\DL\GK\surface-defect-detection\data\images\train\mt_blowhole_exp1_num_3667_aug2.png,0.590631,0.828457,0.028513,0.034574,13.999883,12.999824,0.000985808462,0.8246948574073003,small
train,mt_blowhole_exp1_num_40410,E:\Data (Drive)\IUH\DL\GK\surface-defect-detection\data\images\train\mt_blowhole_exp1_num_40410.png,0.451327,0.505172,0.141593,0.031034,16.000009,8.99986,0.004394197162,4.562512083521299,small
train,mt_blowhole_exp1_num_40410_aug1,E:\Data (Drive)\IUH\DL\GK\surface-defect-detection\data\images\train\mt_blowhole_exp1_num_40410_aug1.png,0.548673,0.505172,0.141593,0.031034,16.000009,8.99986,0.004394197162,4.562512083521299,small
train,mt_blowhole_exp1_num_40410_aug2,E:\Data (Drive)\IUH\DL\GK\surface-defect-detection\data\images\train\mt_blowhole_exp1_num_40410_aug2.png,0.451327,0.494828,0.141593,0.031034,16.000009,8.99986,0.004394197162,4.562512083521299,small
train,mt_blowhole_exp1_num_4727,E:\Data (Drive)\IUH\DL\GK\surface-defect-detection\data\images\train\mt_blowhole_exp1_num_4727.png,0.234513,0.927083,0.132743,0.041667,14.999959,12.000096000000001,0.005531002581,3.1858065135478912,small
train,mt_blowhole_exp1_num_4727_aug1,E:\Data (Drive)\IUH\DL\GK\surface-defect-detection\data\images\train\mt_blowhole_exp1_num_4727_aug1.png,0.765487,0.927083,0.132743,0.041667,14.999959,12.000096000000001,0.005531002581,3.1858065135478912,small
train,mt_blowhole_exp1_num_4727_aug2,E:\Data (Drive)\IUH\DL\GK\surface-defect-detection\data\images\train\mt_blowhole_exp1_num_4727_aug2.png,0.234513,0.072917,0.132743,0.041667,14.999959,12.000096000000001,0.005531002581,3.1858065135478912,small
train,mt_blowhole_exp1_num_4944,E:\Data (Drive)\IUH\DL\GK\surface-defect-detection\data\images\train\mt_blowhole_exp1_num_4944.png,0.543103,0.879433,0.137931,0.042553,15.999996,11.999946,0.005869377843,3.241393086268888,small
train,mt_blowhole_exp1_num_4944_aug1,E:\Data (Drive)\IUH\DL\GK\surface-defect-detection\data\images\train\mt_blowhole_exp1_num_4944_aug1.png,0.456897,0.879433,0.137931,0.042553,15.999996,11.999946,0.005869377843,3.241393086268888,small
train,mt_blowhole_exp1_num_4944_aug2,E:\Data (Drive)\IUH\DL\GK\surface-defect-detection\data\images\train\mt_blowhole_exp1_num_4944_aug2.png,0.543103,0.120567,0.137931,0.042553,15.999996,11.999946,0.005869377843,3.241393086268888,small
train,mt_blowhole_exp1_num_54246,E:\Data (Drive)\IUH\DL\GK\surface-defect-detection\data\images\train\mt_blowhole_exp1_num_54246.png,0.293103,0.127698,0.103448,0.07554,11.999967999999999,21.00012,0.00781446192,1.3694466507810432,small
train,mt_blowhole_exp1_num_54246_aug1,E:\Data (Drive)\IUH\DL\GK\surface-defect-detection\data\images\train\mt_blowhole_exp1_num_54246_aug1.png,0.706897,0.127698,0.103448,0.07554,11.999967999999999,21.00012,0.00781446192,1.3694466507810432,small
train,mt_blowhole_exp1_num_54246_aug2,E:\Data (Drive)\IUH\DL\GK\surface-defect-detection\data\images\train\mt_blowhole_exp1_num_54246_aug2.png,0.293103,0.872302,0.103448,0.07554,11.999967999999999,21.00012,0.00781446192,1.3694466507810432,small
train,mt_blowhole_exp1_num_6984,E:\Data (Drive)\IUH\DL\GK\surface-defect-detection\data\images\train\mt_blowhole_exp1_num_6984.png,0.753165,0.770083,0.033755,0.038781,15.99987,13.999941000000002,0.0013090526550000002,0.8704004538304839,small
train,mt_blowhole_exp1_num_6984_aug1,E:\Data (Drive)\IUH\DL\GK\surface-defect-detection\data\images\train\mt_blowhole_exp1_num_6984_aug1.png,0.246835,0.770083,0.033755,0.038781,15.99987,13.999941000000002,0.0013090526550000002,0.8704004538304839,small
train,mt_blowhole_exp1_num_6984_aug2,E:\Data (Drive)\IUH\DL\GK\surface-defect-detection\data\images\train\mt_blowhole_exp1_num_6984_aug2.png,0.753165,0.229917,0.033755,0.038781,15.99987,13.999941000000002,0.0013090526550000002,0.8704004538304839,small
train,mt_blowhole_exp1_num_9473,E:\Data (Drive)\IUH\DL\GK\surface-defect-detection\data\images\train\mt_blowhole_exp1_num_9473.png,0.433114,0.019634,0.028509,0.02356,13.000104,8.999920000000001,0.0006716720400000001,1.2100594227504244,small
train,mt_blowhole_exp1_num_9473_aug1,E:\Data (Drive)\IUH\DL\GK\surface-defect-detection\data\images\train\mt_blowhole_exp1_num_9473_aug1.png,0.566886,0.019634,0.028509,0.02356,13.000104,8.999920000000001,0.0006716720400000001,1.2100594227504244,small
train,mt_blowhole_exp1_num_9473_aug2,E:\Data (Drive)\IUH\DL\GK\surface-defect-detection\data\images\train\mt_blowhole_exp1_num_9473_aug2.png,0.433114,0.980366,0.028509,0.02356,13.000104,8.999920000000001,0.0006716720400000001,1.2100594227504244,small
train,mt_blowhole_exp2_num_108741,E:\Data (Drive)\IUH\DL\GK\surface-defect-detection\data\images\train\mt_blowhole_exp2_num_108741.png,0.509434,0.593333,0.030189,0.061333,8.000085,22.999875,0.001851581937,0.4922146316012587,small
train,mt_blowhole_exp2_num_108741_aug1,E:\Data (Drive)\IUH\DL\GK\surface-defect-detection\data\images\train\mt_blowhole_exp2_num_108741_aug1.png,0.490566,0.593333,0.030189,0.061333,8.000085,22.999875,0.001851581937,0.4922146316012587,small
train,mt_blowhole_exp2_num_108741_aug2,E:\Data (Drive)\IUH\DL\GK\surface-defect-detection\data\images\train\mt_blowhole_exp2_num_108741_aug2.png,0.509434,0.406667,0.030189,0.061333,8.000085,22.999875,0.001851581937,0.4922146316012587,small
train,mt_blowhole_exp2_num_265103,E:\Data (Drive)\IUH\DL\GK\surface-defect-detection\data\images\train\mt_blowhole_exp2_num_265103.png,0.951362,0.048851,0.042802,0.045977,11.000114,15.999996,0.001967907554,0.9309437327359332,small
train,mt_blowhole_exp2_num_265103_aug1,E:\Data (Drive)\IUH\DL\GK\surface-defect-detection\data\images\train\mt_blowhole_exp2_num_265103_aug1.png,0.048638,0.048851,0.042802,0.045977,11.000114,15.999996,0.001967907554,0.9309437327359332,small
train,mt_blowhole_exp2_num_265103_aug2,E:\Data (Drive)\IUH\DL\GK\surface-defect-detection\data\images\train\mt_blowhole_exp2_num_265103_aug2.png,0.951362,0.951149,0.042802,0.045977,11.000114,15.999996,0.001967907554,0.9309437327359332,small
train,mt_blowhole_exp2_num_308043,E:\Data (Drive)\IUH\DL\GK\surface-defect-detection\data\images\train\mt_blowhole_exp2_num_308043.png,0.96875,0.702166,0.026786,0.032491,6.000064,9.000007,0.000870303926,0.8244129143455111,small
train,mt_blowhole_exp2_num_308043_aug1,E:\Data (Drive)\IUH\DL\GK\surface-defect-detection\data\images\train\mt_blowhole_exp2_num_308043_aug1.png,0.03125,0.702166,0.026786,0.032491,6.000064,9.000007,0.000870303926,0.8244129143455111,small
train,mt_blowhole_exp2_num_308043_aug2,E:\Data (Drive)\IUH\DL\GK\surface-defect-detection\data\images\train\mt_blowhole_exp2_num_308043_aug2.png,0.96875,0.297834,0.026786,0.032491,6.000064,9.000007,0.000870303926,0.8244129143455111,small
train,mt_blowhole_exp2_num_317512,E:\Data (Drive)\IUH\DL\GK\surface-defect-detection\data\images\train\mt_blowhole_exp2_num_317512.png,0.469626,0.845865,0.060748,0.037594,13.000072000000001,10.000004,0.002283760312,1.6158961536415386,small
train,mt_blowhole_exp2_num_317512_aug1,E:\Data (Drive)\IUH\DL\GK\surface-defect-detection\data\images\train\mt_blowhole_exp2_num_317512_aug1.png,0.530374,0.845865,0.060748,0.037594,13.000072000000001,10.000004,0.002283760312,1.6158961536415386,small
train,mt_blowhole_exp2_num_317512_aug2,E:\Data (Drive)\IUH\DL\GK\surface-defect-detection\data\images\train\mt_blowhole_exp2_num_317512_aug2.png,0.469626,0.154135,0.060748,0.037594,13.000072000000001,10.000004,0.002283760312,1.6158961536415386,small
train,mt_blowhole_exp2_num_322630,E:\Data (Drive)\IUH\DL\GK\surface-defect-detection\data\images\train\mt_blowhole_exp2_num_322630.png,0.924528,0.786275,0.04717,0.07451,10.000039999999998,19.00005,0.0035146367,0.6330693866595087,small
train,mt_blowhole_exp2_num_322630_aug1,E:\Data (Drive)\IUH\DL\GK\surface-defect-detection\data\images\train\mt_blowhole_exp2_num_322630_aug1.png,0.075472,0.786275,0.04717,0.07451,10.000039999999998,19.00005,0.0035146367,0.6330693866595087,small
train,mt_blowhole_exp2_num_322630_aug2,E:\Data (Drive)\IUH\DL\GK\surface-defect-detection\data\images\train\mt_blowhole_exp2_num_322630_aug2.png,0.924528,0.213725,0.04717,0.07451,10.000039999999998,19.00005,0.0035146367,0.6330693866595087,small
train,mt_blowhole_exp2_num_327997,E:\Data (Drive)\IUH\DL\GK\surface-defect-detection\data\images\train\mt_blowhole_exp2_num_327997.png,0.147472,0.229345,0.025281,0.042735,9.000036,14.999985,0.0010803835350000001,0.5915759915759916,small
train,mt_blowhole_exp2_num_327997_aug1,E:\Data (Drive)\IUH\DL\GK\surface-defect-detection\data\images\train\mt_blowhole_exp2_num_327997_aug1.png,0.852528,0.229345,0.025281,0.042735,9.000036,14.999985,0.0010803835350000001,0.5915759915759916,small
train,mt_blowhole_exp2_num_327997_aug2,E:\Data (Drive)\IUH\DL\GK\surface-defect-detection\data\images\train\mt_blowhole_exp2_num_327997_aug2.png,0.147472,0.770655,0.025281,0.042735,9.000036,14.999985,0.0010803835350000001,0.5915759915759916,small
train,mt_blowhole_exp2_num_36302,E:\Data (Drive)\IUH\DL\GK\surface-defect-detection\data\images\train\mt_blowhole_exp2_num_36302.png,0.617647,0.335714,0.12605,0.071429,14.99995,20.000120000000003,0.00900362545,1.7646894118635286,small
train,mt_blowhole_exp2_num_36302_aug1,E:\Data (Drive)\IUH\DL\GK\surface-defect-detection\data\images\train\mt_blowhole_exp2_num_36302_aug1.png,0.382353,0.335714,0.12605,0.071429,14.99995,20.000120000000003,0.00900362545,1.7646894118635286,small
train,mt_blowhole_exp2_num_36302_aug2,E:\Data (Drive)\IUH\DL\GK\surface-defect-detection\data\images\train\mt_blowhole_exp2_num_36302_aug2.png,0.617647,0.664286,0.12605,0.071429,14.99995,20.000120000000003,0.00900362545,1.7646894118635286,small
train,mt_blowhole_exp2_num_40424,E:\Data (Drive)\IUH\DL\GK\surface-defect-detection\data\images\train\mt_blowhole_exp2_num_40424.png,0.42381,0.4947,0.142857,0.028269,14.999985,8.000126999999999,0.0040384245330000006,5.0534861509073545,small
train,mt_blowhole_exp2_num_40424_aug1,E:\Data (Drive)\IUH\DL\GK\surface-defect-detection\data\images\train\mt_blowhole_exp2_num_40424_aug1.png,0.57619,0.4947,0.142857,0.028269,14.999985,8.000126999999999,0.0040384245330000006,5.0534861509073545,small
train,mt_blowhole_exp2_num_40424_aug2,E:\Data (Drive)\IUH\DL\GK\surface-defect-detection\data\images\train\mt_blowhole_exp2_num_40424_aug2.png,0.42381,0.5053,0.142857,0.028269,14.999985,8.000126999999999,0.0040384245330000006,5.0534861509073545,small
train,mt_blowhole_exp2_num_4964,E:\Data (Drive)\IUH\DL\GK\surface-defect-detection\data\images\train\mt_blowhole_exp2_num_4964.png,0.552632,0.877224,0.140351,0.046263,16.000014,12.999903,0.006493058313,3.033763482696756,small
train,mt_blowhole_exp2_num_4964_aug1,E:\Data (Drive)\IUH\DL\GK\surface-defect-detection\data\images\train\mt_blowhole_exp2_num_4964_aug1.png,0.447368,0.877224,0.140351,0.046263,16.000014,12.999903,0.006493058313,3.033763482696756,small
train,mt_blowhole_exp2_num_4964_aug2,E:\Data (Drive)\IUH\DL\GK\surface-defect-detection\data\images\train\mt_blowhole_exp2_num_4964_aug2.png,0.552632,0.122776,0.140351,0.046263,16.000014,12.999903,0.006493058313,3.033763482696756,small
train,mt_blowhole_exp2_num_51697,E:\Data (Drive)\IUH\DL\GK\surface-defect-detection\data\images\train\mt_blowhole_exp2_num_51697.png,0.344538,0.12069,0.10084,0.027586,11.99996,7.99994,0.00278177224,3.6554774160806205,small
train,mt_blowhole_exp2_num_51697_aug1,E:\Data (Drive)\IUH\DL\GK\surface-defect-detection\data\images\train\mt_blowhole_exp2_num_51697_aug1.png,0.655462,0.12069,0.10084,0.027586,11.99996,7.99994,0.00278177224,3.6554774160806205,small
train,mt_blowhole_exp2_num_51697_aug2,E:\Data (Drive)\IUH\DL\GK\surface-defect-detection\data\images\train\mt_blowhole_exp2_num_51697_aug2.png,0.344538,0.87931,0.10084,0.027586,11.99996,7.99994,0.00278177224,3.6554774160806205,small
train,mt_blowhole_exp2_num_54273,E:\Data (Drive)\IUH\DL\GK\surface-defect-detection\data\images\train\mt_blowhole_exp2_num_54273.png,0.297414,0.124088,0.094828,0.072993,11.000048,20.000082,0.006921780204,1.2991382735330783,small
train,mt_blowhole_exp2_num_54273_aug1,E:\Data (Drive)\IUH\DL\GK\surface-defect-detection\data\images\train\mt_blowhole_exp2_num_54273_aug1.png,0.702586,0.124088,0.094828,0.072993,11.000048,20.000082,0.006921780204,1.2991382735330783,small
train,mt_blowhole_exp2_num_54273_aug2,E:\Data (Drive)\IUH\DL\GK\surface-defect-detection\data\images\train\mt_blowhole_exp2_num_54273_aug2.png,0.297414,0.875912,0.094828,0.072993,11.000048,20.000082,0.006921780204,1.2991382735330783,small
train,mt_blowhole_exp2_num_7009,E:\Data (Drive)\IUH\DL\GK\surface-defect-detection\data\images\train\mt_blowhole_exp2_num_7009.png,0.75,0.759722,0.027197,0.041667,13.000166,15.00012,0.001133217399,0.6527227782177742,small
train,mt_blowhole_exp2_num_7009_aug1,E:\Data (Drive)\IUH\DL\GK\surface-defect-detection\data\images\train\mt_blowhole_exp2_num_7009_aug1.png,0.25,0.759722,0.027197,0.041667,13.000166,15.00012,0.001133217399,0.6527227782177742,small
train,mt_blowhole_exp2_num_7009_aug2,E:\Data (Drive)\IUH\DL\GK\surface-defect-detection\data\images\train\mt_blowhole_exp2_num_7009_aug2.png,0.75,0.240278,0.027197,0.041667,13.000166,15.00012,0.001133217399,0.6527227782177742,small
train,mt_blowhole_exp2_num_9496,E:\Data (Drive)\IUH\DL\GK\surface-defect-detection\data\images\train\mt_blowhole_exp2_num_9496.png,0.327684,0.032995,0.033898,0.025381,11.999892,10.000114,0.000860365138,1.33556597454789,small
train,mt_blowhole_exp2_num_9496_aug1,E:\Data (Drive)\IUH\DL\GK\surface-defect-detection\data\images\train\mt_blowhole_exp2_num_9496_aug1.png,0.672316,0.032995,0.033898,0.025381,11.999892,10.000114,0.000860365138,1.33556597454789,small
train,mt_blowhole_exp2_num_9496_aug2,E:\Data (Drive)\IUH\DL\GK\surface-defect-detection\data\images\train\mt_blowhole_exp2_num_9496_aug2.png,0.327684,0.967005,0.033898,0.025381,11.999892,10.000114,0.000860365138,1.33556597454789,small
train,mt_blowhole_exp3_num_262601,E:\Data (Drive)\IUH\DL\GK\surface-defect-detection\data\images\train\mt_blowhole_exp3_num_262601.png,0.556872,0.662791,0.033175,0.03876,6.999925000000001,10.00008,0.0012858630000000002,0.8559081527347782,small
train,mt_blowhole_exp3_num_262601_aug1,E:\Data (Drive)\IUH\DL\GK\surface-defect-detection\data\images\train\mt_blowhole_exp3_num_262601_aug1.png,0.443128,0.662791,0.033175,0.03876,6.999925000000001,10.00008,0.0012858630000000002,0.8559081527347782,small
train,mt_blowhole_exp3_num_262601_aug2,E:\Data (Drive)\IUH\DL\GK\surface-defect-detection\data\images\train\mt_blowhole_exp3_num_262601_aug2.png,0.556872,0.337209,0.033175,0.03876,6.999925000000001,10.00008,0.0012858630000000002,0.8559081527347782,small
train,mt_blowhole_exp3_num_265117,E:\Data (Drive)\IUH\DL\GK\surface-defect-detection\data\images\train\mt_blowhole_exp3_num_265117.png,0.927126,0.077225,0.040486,0.034031,10.000042,12.999842,0.001377779066,1.1896799976492023,small
train,mt_blowhole_exp3_num_265117_aug1,E:\Data (Drive)\IUH\DL\GK\surface-defect-detection\data\images\train\mt_blowhole_exp3_num_265117_aug1.png,0.072874,0.077225,0.040486,0.034031,10.000042,12.999842,0.001377779066,1.1896799976492023,small
train,mt_blowhole_exp3_num_265117_aug2,E:\Data (Drive)\IUH\DL\GK\surface-defect-detection\data\images\train\mt_blowhole_exp3_num_265117_aug2.png,0.927126,0.922775,0.040486,0.034031,10.000042,12.999842,0.001377779066,1.1896799976492023,small
train,mt_blowhole_exp3_num_291038,E:\Data (Drive)\IUH\DL\GK\surface-defect-detection\data\images\train\mt_blowhole_exp3_num_291038.png,0.875862,0.888406,0.068966,0.066667,20.00014,23.000115,0.004597756322,1.034484827575862,small
train,mt_blowhole_exp3_num_291038,E:\Data (Drive)\IUH\DL\GK\surface-defect-detection\data\images\train\mt_blowhole_exp3_num_291038.png,0.924138,0.884058,0.048276,0.081159,14.00004,27.999854999999997,0.003918031884,0.5948323660961816,small
train,mt_blowhole_exp3_num_291038_aug1,E:\Data (Drive)\IUH\DL\GK\surface-defect-detection\data\images\train\mt_blowhole_exp3_num_291038_aug1.png,0.124138,0.888406,0.068966,0.066667,20.00014,23.000115,0.004597756322,1.034484827575862,small
train,mt_blowhole_exp3_num_291038_aug1,E:\Data (Drive)\IUH\DL\GK\surface-defect-detection\data\images\train\mt_blowhole_exp3_num_291038_aug1.png,0.075862,0.884058,0.048276,0.081159,14.00004,27.999854999999997,0.003918031884,0.5948323660961816,small
train,mt_blowhole_exp3_num_291038_aug2,E:\Data (Drive)\IUH\DL\GK\surface-defect-detection\data\images\train\mt_blowhole_exp3_num_291038_aug2.png,0.875862,0.111594,0.068966,0.066667,20.00014,23.000115,0.004597756322,1.034484827575862,small
train,mt_blowhole_exp3_num_291038_aug2,E:\Data (Drive)\IUH\DL\GK\surface-defect-detection\data\images\train\mt_blowhole_exp3_num_291038_aug2.png,0.924138,0.115942,0.048276,0.081159,14.00004,27.999854999999997,0.003918031884,0.5948323660961816,small
train,mt_blowhole_exp3_num_297506,E:\Data (Drive)\IUH\DL\GK\surface-defect-detection\data\images\train\mt_blowhole_exp3_num_297506.png,0.941176,0.472015,0.027149,0.026119,5.999929,6.999892,0.000709104731,1.0394348941383666,small
train,mt_blowhole_exp3_num_297506_aug1,E:\Data (Drive)\IUH\DL\GK\surface-defect-detection\data\images\train\mt_blowhole_exp3_num_297506_aug1.png,0.058824,0.472015,0.027149,0.026119,5.999929,6.999892,0.000709104731,1.0394348941383666,small
train,mt_blowhole_exp3_num_297506_aug2,E:\Data (Drive)\IUH\DL\GK\surface-defect-detection\data\images\train\mt_blowhole_exp3_num_297506_aug2.png,0.941176,0.527985,0.027149,0.026119,5.999929,6.999892,0.000709104731,1.0394348941383666,small
train,mt_blowhole_exp3_num_308061,E:\Data (Drive)\IUH\DL\GK\surface-defect-detection\data\images\train\mt_blowhole_exp3_num_308061.png,0.975336,0.715054,0.022422,0.032258,5.000106000000001,8.999982000000001,0.0007232888760000001,0.6950833901667803,small
train,mt_blowhole_exp3_num_308061_aug1,E:\Data (Drive)\IUH\DL\GK\surface-defect-detection\data\images\train\mt_blowhole_exp3_num_308061_aug1.png,0.024664,0.715054,0.022422,0.032258,5.000106000000001,8.999982000000001,0.0007232888760000001,0.6950833901667803,small
train,mt_blowhole_exp3_num_308061_aug2,E:\Data (Drive)\IUH\DL\GK\surface-defect-detection\data\images\train\mt_blowhole_exp3_num_308061_aug2.png,0.975336,0.284946,0.022422,0.032258,5.000106000000001,8.999982000000001,0.0007232888760000001,0.6950833901667803,small
train,mt_blowhole_exp3_num_322643,E:\Data (Drive)\IUH\DL\GK\surface-defect-detection\data\images\train\mt_blowhole_exp3_num_322643.png,0.92723,0.779693,0.051643,0.08046,10.999959,21.00006,0.00415519578,0.6418468804374845,small
train,mt_blowhole_exp3_num_322643_aug1,E:\Data (Drive)\IUH\DL\GK\surface-defect-detection\data\images\train\mt_blowhole_exp3_num_322643_aug1.png,0.07277,0.779693,0.051643,0.08046,10.999959,21.00006,0.00415519578,0.6418468804374845,small
train,mt_blowhole_exp3_num_322643_aug2,E:\Data (Drive)\IUH\DL\GK\surface-defect-detection\data\images\train\mt_blowhole_exp3_num_322643_aug2.png,0.92723,0.220307,0.051643,0.08046,10.999959,21.00006,0.00415519578,0.6418468804374845,small
train,mt_blowhole_exp3_num_328014,E:\Data (Drive)\IUH\DL\GK\surface-defect-detection\data\images\train\mt_blowhole_exp3_num_328014.png,0.149296,0.218391,0.028169,0.045977,9.999995,15.999996,0.001295126113,0.6126759031689758,small
train,mt_blowhole_exp3_num_328014_aug1,E:\Data (Drive)\IUH\DL\GK\surface-defect-detection\data\images\train\mt_blowhole_exp3_num_328014_aug1.png,0.850704,0.218391,0.028169,0.045977,9.999995,15.999996,0.001295126113,0.6126759031689758,small
train,mt_blowhole_exp3_num_328014_aug2,E:\Data (Drive)\IUH\DL\GK\surface-defect-detection\data\images\train\mt_blowhole_exp3_num_328014_aug2.png,0.149296,0.781609,0.028169,0.045977,9.999995,15.999996,0.001295126113,0.6126759031689758,small
train,mt_blowhole_exp3_num_3710,E:\Data (Drive)\IUH\DL\GK\surface-defect-detection\data\images\train\mt_blowhole_exp3_num_3710.png,0.590625,0.163488,0.022917,0.032698,11.00016,12.000166,0.000749340066,0.7008685546516606,small
train,mt_blowhole_exp3_num_3710_aug1,E:\Data (Drive)\IUH\DL\GK\surface-defect-detection\data\images\train\mt_blowhole_exp3_num_3710_aug1.png,0.409375,0.163488,0.022917,0.032698,11.00016,12.000166,0.000749340066,0.7008685546516606,small
train,mt_blowhole_exp3_num_3710_aug2,E:\Data (Drive)\IUH\DL\GK\surface-defect-detection\data\images\train\mt_blowhole_exp3_num_3710_aug2.png,0.590625,0.836512,0.022917,0.032698,11.00016,12.000166,0.000749340066,0.7008685546516606,small
train,mt_blowhole_exp3_num_4764,E:\Data (Drive)\IUH\DL\GK\surface-defect-detection\data\images\train\mt_blowhole_exp3_num_4764.png,0.252066,0.92931,0.157025,0.044828,19.000025,13.00012,0.0070391167,3.502833050771839,small
train,mt_blowhole_exp3_num_4764_aug1,E:\Data (Drive)\IUH\DL\GK\surface-defect-detection\data\images\train\mt_blowhole_exp3_num_4764_aug1.png,0.747934,0.92931,0.157025,0.044828,19.000025,13.00012,0.0070391167,3.502833050771839,small
train,mt_blowhole_exp3_num_4764_aug2,E:\Data (Drive)\IUH\DL\GK\surface-defect-detection\data\images\train\mt_blowhole_exp3_num_4764_aug2.png,0.252066,0.07069,0.157025,0.044828,19.000025,13.00012,0.0070391167,3.502833050771839,small
train,mt_blowhole_exp3_num_51711,E:\Data (Drive)\IUH\DL\GK\surface-defect-detection\data\images\train\mt_blowhole_exp3_num_51711.png,0.360169,0.125,0.110169,0.03169,12.999942,8.999960000000002,0.0034912556100000006,3.476459450930893,small
train,mt_blowhole_exp3_num_51711_aug1,E:\Data (Drive)\IUH\DL\GK\surface-defect-detection\data\images\train\mt_blowhole_exp3_num_51711_aug1.png,0.639831,0.125,0.110169,0.03169,12.999942,8.999960000000002,0.0034912556100000006,3.476459450930893,small
train,mt_blowhole_exp3_num_51711_aug2,E:\Data (Drive)\IUH\DL\GK\surface-defect-detection\data\images\train\mt_blowhole_exp3_num_51711_aug2.png,0.360169,0.875,0.110169,0.03169,12.999942,8.999960000000002,0.0034912556100000006,3.476459450930893,small
train,mt_blowhole_exp3_num_54291,E:\Data (Drive)\IUH\DL\GK\surface-defect-detection\data\images\train\mt_blowhole_exp3_num_54291.png,0.29918,0.114964,0.090164,0.076642,11.000008,20.999908,0.006910349287999999,1.1764306776963023,small
train,mt_blowhole_exp3_num_54291_aug1,E:\Data (Drive)\IUH\DL\GK\surface-defect-detection\data\images\train\mt_blowhole_exp3_num_54291_aug1.png,0.70082,0.114964,0.090164,0.076642,11.000008,20.999908,0.006910349287999999,1.1764306776963023,small
train,mt_blowhole_exp3_num_54291_aug2,E:\Data (Drive)\IUH\DL\GK\surface-defect-detection\data\images\train\mt_blowhole_exp3_num_54291_aug2.png,0.29918,0.885036,0.090164,0.076642,11.000008,20.999908,0.006910349287999999,1.1764306776963023,small
train,mt_blowhole_exp3_num_7023,E:\Data (Drive)\IUH\DL\GK\surface-defect-detection\data\images\train\mt_blowhole_exp3_num_7023.png,0.755765,0.754795,0.031447,0.041096,15.000219000000001,15.00004,0.0012923459120000001,0.7652082927778859,small
train,mt_blowhole_exp3_num_7023_aug1,E:\Data (Drive)\IUH\DL\GK\surface-defect-detection\data\images\train\mt_blowhole_exp3_num_7023_aug1.png,0.244235,0.754795,0.031447,0.041096,15.000219000000001,15.00004,0.0012923459120000001,0.7652082927778859,small
train,mt_blowhole_exp3_num_7023_aug2,E:\Data (Drive)\IUH\DL\GK\surface-defect-detection\data\images\train\mt_blowhole_exp3_num_7023_aug2.png,0.755765,0.245205,0.031447,0.041096,15.000219000000001,15.00004,0.0012923459120000001,0.7652082927778859,small
train,mt_blowhole_exp3_num_853,E:\Data (Drive)\IUH\DL\GK\surface-defect-detection\data\images\train\mt_blowhole_exp3_num_853.png,0.94898,0.963889,0.036735,0.072222,18.000149999999998,25.99992,0.0026530751699999997,0.5086400265846972,small
train,mt_blowhole_exp3_num_853_aug1,E:\Data (Drive)\IUH\DL\GK\surface-defect-detection\data\images\train\mt_blowhole_exp3_num_853_aug1.png,0.05102,0.963889,0.036735,0.072222,18.000149999999998,25.99992,0.0026530751699999997,0.5086400265846972,small
train,mt_blowhole_exp3_num_853_aug2,E:\Data (Drive)\IUH\DL\GK\surface-defect-detection\data\images\train\mt_blowhole_exp3_num_853_aug2.png,0.94898,0.036111,0.036735,0.072222,18.000149999999998,25.99992,0.0026530751699999997,0.5086400265846972,small
train,mt_blowhole_exp4_num_262626,E:\Data (Drive)\IUH\DL\GK\surface-defect-detection\data\images\train\mt_blowhole_exp4_num_262626.png,0.559585,0.668,0.041451,0.032,8.000043,8.0,0.001326432,1.29534375,small
train,mt_blowhole_exp4_num_262626_aug1,E:\Data (Drive)\IUH\DL\GK\surface-defect-detection\data\images\train\mt_blowhole_exp4_num_262626_aug1.png,0.440415,0.668,0.041451,0.032,8.000043,8.0,0.001326432,1.29534375,small
train,mt_blowhole_exp4_num_262626_aug2,E:\Data (Drive)\IUH\DL\GK\surface-defect-detection\data\images\train\mt_blowhole_exp4_num_262626_aug2.png,0.559585,0.332,0.041451,0.032,8.000043,8.0,0.001326432,1.29534375,small
train,mt_blowhole_exp4_num_291052,E:\Data (Drive)\IUH\DL\GK\surface-defect-detection\data\images\train\mt_blowhole_exp4_num_291052.png,0.880872,0.889368,0.097315,0.083333,28.99987,28.999884,0.008109550895,1.1677846711386846,small
train,mt_blowhole_exp4_num_291052_aug1,E:\Data (Drive)\IUH\DL\GK\surface-defect-detection\data\images\train\mt_blowhole_exp4_num_291052_aug1.png,0.119128,0.889368,0.097315,0.083333,28.99987,28.999884,0.008109550895,1.1677846711386846,small
train,mt_blowhole_exp4_num_291052_aug2,E:\Data (Drive)\IUH\DL\GK\surface-defect-detection\data\images\train\mt_blowhole_exp4_num_291052_aug2.png,0.880872,0.110632,0.097315,0.083333,28.99987,28.999884,0.008109550895,1.1677846711386846,small
train,mt_blowhole_exp4_num_297524,E:\Data (Drive)\IUH\DL\GK\surface-defect-detection\data\images\train\mt_blowhole_exp4_num_297524.png,0.952055,0.465074,0.022831,0.025735,4.999989,6.99992,0.000587555785,0.8871575675150573,small
train,mt_blowhole_exp4_num_297524_aug1,E:\Data (Drive)\IUH\DL\GK\surface-defect-detection\data\images\train\mt_blowhole_exp4_num_297524_aug1.png,0.047945,0.465074,0.022831,0.025735,4.999989,6.99992,0.000587555785,0.8871575675150573,small
train,mt_blowhole_exp4_num_297524_aug2,E:\Data (Drive)\IUH\DL\GK\surface-defect-detection\data\images\train\mt_blowhole_exp4_num_297524_aug2.png,0.952055,0.534926,0.022831,0.025735,4.999989,6.99992,0.000587555785,0.8871575675150573,small
train,mt_blowhole_exp4_num_322656,E:\Data (Drive)\IUH\DL\GK\surface-defect-detection\data\images\train\mt_blowhole_exp4_num_322656.png,0.918224,0.782609,0.051402,0.079051,11.000028,19.999903,0.004063379502,0.6502384536565003,small
train,mt_blowhole_exp4_num_322656_aug1,E:\Data (Drive)\IUH\DL\GK\surface-defect-detection\data\images\train\mt_blowhole_exp4_num_322656_aug1.png,0.081776,0.782609,0.051402,0.079051,11.000028,19.999903,0.004063379502,0.6502384536565003,small
train,mt_blowhole_exp4_num_322656_aug2,E:\Data (Drive)\IUH\DL\GK\surface-defect-detection\data\images\train\mt_blowhole_exp4_num_322656_aug2.png,0.918224,0.217391,0.051402,0.079051,11.000028,19.999903,0.004063379502,0.6502384536565003,small
train,mt_blowhole_exp4_num_3724,E:\Data (Drive)\IUH\DL\GK\surface-defect-detection\data\images\train\mt_blowhole_exp4_num_3724.png,0.610294,0.1703,0.027311,0.029973,13.000036,11.000091,0.0008185926029999999,0.9111867347279218,small
train,mt_blowhole_exp4_num_3724_aug1,E:\Data (Drive)\IUH\DL\GK\surface-defect-detection\data\images\train\mt_blowhole_exp4_num_3724_aug1.png,0.389706,0.1703,0.027311,0.029973,13.000036,11.000091,0.0008185926029999999,0.9111867347279218,small
train,mt_blowhole_exp4_num_3724_aug2,E:\Data (Drive)\IUH\DL\GK\surface-defect-detection\data\images\train\mt_blowhole_exp4_num_3724_aug2.png,0.610294,0.8297,0.027311,0.029973,13.000036,11.000091,0.0008185926029999999,0.9111867347279218,small
train,mt_blowhole_exp4_num_4779,E:\Data (Drive)\IUH\DL\GK\surface-defect-detection\data\images\train\mt_blowhole_exp4_num_4779.png,0.282787,0.935764,0.139344,0.045139,16.999968,13.000032,0.006289848816,3.0869979396973792,small
train,mt_blowhole_exp4_num_4779_aug1,E:\Data (Drive)\IUH\DL\GK\surface-defect-detection\data\images\train\mt_blowhole_exp4_num_4779_aug1.png,0.717213,0.935764,0.139344,0.045139,16.999968,13.000032,0.006289848816,3.0869979396973792,small
train,mt_blowhole_exp4_num_4779_aug2,E:\Data (Drive)\IUH\DL\GK\surface-defect-detection\data\images\train\mt_blowhole_exp4_num_4779_aug2.png,0.282787,0.064236,0.139344,0.045139,16.999968,13.000032,0.006289848816,3.0869979396973792,small
train,mt_blowhole_exp4_num_54308,E:\Data (Drive)\IUH\DL\GK\surface-defect-detection\data\images\train\mt_blowhole_exp4_num_54308.png,0.317797,0.101852,0.09322,0.077778,10.99996,21.00006,0.00725046516,1.1985394327444778,small
train,mt_blowhole_exp4_num_54308_aug1,E:\Data (Drive)\IUH\DL\GK\surface-defect-detection\data\images\train\mt_blowhole_exp4_num_54308_aug1.png,0.682203,0.101852,0.09322,0.077778,10.99996,21.00006,0.00725046516,1.1985394327444778,small
train,mt_blowhole_exp4_num_54308_aug2,E:\Data (Drive)\IUH\DL\GK\surface-defect-detection\data\images\train\mt_blowhole_exp4_num_54308_aug2.png,0.317797,0.898148,0.09322,0.077778,10.99996,21.00006,0.00725046516,1.1985394327444778,small
train,mt_blowhole_exp4_num_9520,E:\Data (Drive)\IUH\DL\GK\surface-defect-detection\data\images\train\mt_blowhole_exp4_num_9520.png,0.426097,0.023316,0.030023,0.025907,12.999959,10.000102,0.000777805861,1.1588759794650094,small
train,mt_blowhole_exp4_num_9520_aug1,E:\Data (Drive)\IUH\DL\GK\surface-defect-detection\data\images\train\mt_blowhole_exp4_num_9520_aug1.png,0.573903,0.023316,0.030023,0.025907,12.999959,10.000102,0.000777805861,1.1588759794650094,small
train,mt_blowhole_exp4_num_9520_aug2,E:\Data (Drive)\IUH\DL\GK\surface-defect-detection\data\images\train\mt_blowhole_exp4_num_9520_aug2.png,0.426097,0.976684,0.030023,0.025907,12.999959,10.000102,0.000777805861,1.1588759794650094,small
train,mt_blowhole_exp5_num_108791,E:\Data (Drive)\IUH\DL\GK\surface-defect-detection\data\images\train\mt_blowhole_exp5_num_108791.png,0.503937,0.596817,0.031496,0.06366,7.999984,23.999819999999996,0.00200503536,0.49475337731699665,small
train,mt_blowhole_exp5_num_108791_aug1,E:\Data (Drive)\IUH\DL\GK\surface-defect-detection\data\images\train\mt_blowhole_exp5_num_108791_aug1.png,0.496063,0.596817,0.031496,0.06366,7.999984,23.999819999999996,0.00200503536,0.49475337731699665,small
train,mt_blowhole_exp5_num_108791_aug2,E:\Data (Drive)\IUH\DL\GK\surface-defect-detection\data\images\train\mt_blowhole_exp5_num_108791_aug2.png,0.503937,0.403183,0.031496,0.06366,7.999984,23.999819999999996,0.00200503536,0.49475337731699665,small
train,mt_blowhole_exp5_num_262654,E:\Data (Drive)\IUH\DL\GK\surface-defect-detection\data\images\train\mt_blowhole_exp5_num_262654.png,0.574176,0.677165,0.038462,0.023622,7.000084,5.999988,0.0009085493640000001,1.628227923122513,small
train,mt_blowhole_exp5_num_262654_aug1,E:\Data (Drive)\IUH\DL\GK\surface-defect-detection\data\images\train\mt_blowhole_exp5_num_262654_aug1.png,0.425824,0.677165,0.038462,0.023622,7.000084,5.999988,0.0009085493640000001,1.628227923122513,small
train,mt_blowhole_exp5_num_262654_aug2,E:\Data (Drive)\IUH\DL\GK\surface-defect-detection\data\images\train\mt_blowhole_exp5_num_262654_aug2.png,0.574176,0.322835,0.038462,0.023622,7.000084,5.999988,0.0009085493640000001,1.628227923122513,small
train,mt_blowhole_exp5_num_265149,E:\Data (Drive)\IUH\DL\GK\surface-defect-detection\data\images\train\mt_blowhole_exp5_num_265149.png,0.948473,0.051389,0.041985,0.041667,11.000070000000001,15.00012,0.001749388995,1.0076319389444883,small
train,mt_blowhole_exp5_num_265149_aug1,E:\Data (Drive)\IUH\DL\GK\surface-defect-detection\data\images\train\mt_blowhole_exp5_num_265149_aug1.png,0.051527,0.051389,0.041985,0.041667,11.000070000000001,15.00012,0.001749388995,1.0076319389444883,small
train,mt_blowhole_exp5_num_265149_aug2,E:\Data (Drive)\IUH\DL\GK\surface-defect-detection\data\images\train\mt_blowhole_exp5_num_265149_aug2.png,0.948473,0.948611,0.041985,0.041667,11.000070000000001,15.00012,0.001749388995,1.0076319389444883,small
train,mt_blowhole_exp5_num_291077,E:\Data (Drive)\IUH\DL\GK\surface-defect-detection\data\images\train\mt_blowhole_exp5_num_291077.png,0.866102,0.883427,0.071186,0.075843,20.99987,27.000107999999997,0.0053989597979999995,0.9385968382052399,small
train,mt_blowhole_exp5_num_291077,E:\Data (Drive)\IUH\DL\GK\surface-defect-detection\data\images\train\mt_blowhole_exp5_num_291077.png,0.916949,0.880618,0.050847,0.087079,14.999865000000002,31.000124,0.004427705913000001,0.5839180514245685,small
train,mt_blowhole_exp5_num_291077_aug1,E:\Data (Drive)\IUH\DL\GK\surface-defect-detection\data\images\train\mt_blowhole_exp5_num_291077_aug1.png,0.133898,0.883427,0.071186,0.075843,20.99987,27.000107999999997,0.0053989597979999995,0.9385968382052399,small
train,mt_blowhole_exp5_num_291077_aug1,E:\Data (Drive)\IUH\DL\GK\surface-defect-detection\data\images\train\mt_blowhole_exp5_num_291077_aug1.png,0.083051,0.880618,0.050847,0.087079,14.999865000000002,31.000124,0.004427705913000001,0.5839180514245685,small
train,mt_blowhole_exp5_num_291077_aug2,E:\Data (Drive)\IUH\DL\GK\surface-defect-detection\data\images\train\mt_blowhole_exp5_num_291077_aug2.png,0.866102,0.116573,0.071186,0.075843,20.99987,27.000107999999997,0.0053989597979999995,0.9385968382052399,small
train,mt_blowhole_exp5_num_291077_aug2,E:\Data (Drive)\IUH\DL\GK\surface-defect-detection\data\images\train\mt_blowhole_exp5_num_291077_aug2.png,0.916949,0.119382,0.050847,0.087079,14.999865000000002,31.000124,0.004427705913000001,0.5839180514245685,small
train,mt_blowhole_exp5_num_308098,E:\Data (Drive)\IUH\DL\GK\surface-defect-detection\data\images\train\mt_blowhole_exp5_num_308098.png,0.975,0.705036,0.022727,0.035971,4.9999400000000005,9.999938,0.0008175129170000001,0.6318145172500069,small
train,mt_blowhole_exp5_num_308098_aug1,E:\Data (Drive)\IUH\DL\GK\surface-defect-detection\data\images\train\mt_blowhole_exp5_num_308098_aug1.png,0.025,0.705036,0.022727,0.035971,4.9999400000000005,9.999938,0.0008175129170000001,0.6318145172500069,small
train,mt_blowhole_exp5_num_308098_aug2,E:\Data (Drive)\IUH\DL\GK\surface-defect-detection\data\images\train\mt_blowhole_exp5_num_308098_aug2.png,0.975,0.294964,0.022727,0.035971,4.9999400000000005,9.999938,0.0008175129170000001,0.6318145172500069,small
train,mt_blowhole_exp5_num_317558,E:\Data (Drive)\IUH\DL\GK\surface-defect-detection\data\images\train\mt_blowhole_exp5_num_317558.png,0.465438,0.839483,0.064516,0.03321,13.999972000000001,8.999910000000002,0.0021425763600000005,1.9426678711231555,small
train,mt_blowhole_exp5_num_317558_aug1,E:\Data (Drive)\IUH\DL\GK\surface-defect-detection\data\images\train\mt_blowhole_exp5_num_317558_aug1.png,0.534562,0.839483,0.064516,0.03321,13.999972000000001,8.999910000000002,0.0021425763600000005,1.9426678711231555,small
train,mt_blowhole_exp5_num_317558_aug2,E:\Data (Drive)\IUH\DL\GK\surface-defect-detection\data\images\train\mt_blowhole_exp5_num_317558_aug2.png,0.465438,0.160517,0.064516,0.03321,13.999972000000001,8.999910000000002,0.0021425763600000005,1.9426678711231555,small
train,mt_blowhole_exp5_num_322672,E:\Data (Drive)\IUH\DL\GK\surface-defect-detection\data\images\train\mt_blowhole_exp5_num_322672.png,0.916667,0.795276,0.046296,0.07874,9.999936,19.99996,0.00364534704,0.5879603759207518,small
train,mt_blowhole_exp5_num_322672_aug1,E:\Data (Drive)\IUH\DL\GK\surface-defect-detection\data\images\train\mt_blowhole_exp5_num_322672_aug1.png,0.083333,0.795276,0.046296,0.07874,9.999936,19.99996,0.00364534704,0.5879603759207518,small
train,mt_blowhole_exp5_num_322672_aug2,E:\Data (Drive)\IUH\DL\GK\surface-defect-detection\data\images\train\mt_blowhole_exp5_num_322672_aug2.png,0.916667,0.204724,0.046296,0.07874,9.999936,19.99996,0.00364534704,0.5879603759207518,small
train,mt_blowhole_exp5_num_346381,E:\Data (Drive)\IUH\DL\GK\surface-defect-detection\data\images\train\mt_blowhole_exp5_num_346381.png,0.566667,0.156593,0.019608,0.027473,10.00008,10.000172000000001,0.000538690584,0.7137189240345067,small
train,mt_blowhole_exp5_num_346381_aug1,E:\Data (Drive)\IUH\DL\GK\surface-defect-detection\data\images\train\mt_blowhole_exp5_num_346381_aug1.png,0.433333,0.156593,0.019608,0.027473,10.00008,10.000172000000001,0.000538690584,0.7137189240345067,small
train,mt_blowhole_exp5_num_346381_aug2,E:\Data (Drive)\IUH\DL\GK\surface-defect-detection\data\images\train\mt_blowhole_exp5_num_346381_aug2.png,0.566667,0.843407,0.019608,0.027473,10.00008,10.000172000000001,0.000538690584,0.7137189240345067,small
train,mt_blowhole_exp5_num_3746,E:\Data (Drive)\IUH\DL\GK\surface-defect-detection\data\images\train\mt_blowhole_exp5_num_3746.png,0.606695,0.1759,0.025105,0.030471,12.00019,11.000031,0.000764974455,0.823898132650717,small
train,mt_blowhole_exp5_num_3746_aug1,E:\Data (Drive)\IUH\DL\GK\surface-defect-detection\data\images\train\mt_blowhole_exp5_num_3746_aug1.png,0.393305,0.1759,0.025105,0.030471,12.00019,11.000031,0.000764974455,0.823898132650717,small
train,mt_blowhole_exp5_num_3746_aug2,E:\Data (Drive)\IUH\DL\GK\surface-defect-detection\data\images\train\mt_blowhole_exp5_num_3746_aug2.png,0.606695,0.8241,0.025105,0.030471,12.00019,11.000031,0.000764974455,0.823898132650717,small
train,mt_blowhole_exp5_num_40480,E:\Data (Drive)\IUH\DL\GK\surface-defect-detection\data\images\train\mt_blowhole_exp5_num_40480.png,0.469828,0.505357,0.12931,0.032143,14.999960000000002,9.00004,0.00415641133,4.022959897956009,small
train,mt_blowhole_exp5_num_40480_aug1,E:\Data (Drive)\IUH\DL\GK\surface-defect-detection\data\images\train\mt_blowhole_exp5_num_40480_aug1.png,0.530172,0.505357,0.12931,0.032143,14.999960000000002,9.00004,0.00415641133,4.022959897956009,small
train,mt_blowhole_exp5_num_40480_aug2,E:\Data (Drive)\IUH\DL\GK\surface-defect-detection\data\images\train\mt_blowhole_exp5_num_40480_aug2.png,0.469828,0.494643,0.12931,0.032143,14.999960000000002,9.00004,0.00415641133,4.022959897956009,small
train,mt_blowhole_exp5_num_4801,E:\Data (Drive)\IUH\DL\GK\surface-defect-detection\data\images\train\mt_blowhole_exp5_num_4801.png,0.25,0.927083,0.119048,0.041667,15.000048,12.000096000000001,0.0049603730160000005,2.857129142966856,small
train,mt_blowhole_exp5_num_4801_aug1,E:\Data (Drive)\IUH\DL\GK\surface-defect-detection\data\images\train\mt_blowhole_exp5_num_4801_aug1.png,0.75,0.927083,0.119048,0.041667,15.000048,12.000096000000001,0.0049603730160000005,2.857129142966856,small
train,mt_blowhole_exp5_num_4801_aug2,E:\Data (Drive)\IUH\DL\GK\surface-defect-detection\data\images\train\mt_blowhole_exp5_num_4801_aug2.png,0.25,0.072917,0.119048,0.041667,15.000048,12.000096000000001,0.0049603730160000005,2.857129142966856,small
train,mt_blowhole_exp5_num_5022,E:\Data (Drive)\IUH\DL\GK\surface-defect-detection\data\images\train\mt_blowhole_exp5_num_5022.png,0.554167,0.866319,0.141667,0.045139,17.00004,13.000032,0.006394706712999999,3.138461197633975,small
train,mt_blowhole_exp5_num_5022_aug1,E:\Data (Drive)\IUH\DL\GK\surface-defect-detection\data\images\train\mt_blowhole_exp5_num_5022_aug1.png,0.445833,0.866319,0.141667,0.045139,17.00004,13.000032,0.006394706712999999,3.138461197633975,small
train,mt_blowhole_exp5_num_5022_aug2,E:\Data (Drive)\IUH\DL\GK\surface-defect-detection\data\images\train\mt_blowhole_exp5_num_5022_aug2.png,0.554167,0.133681,0.141667,0.045139,17.00004,13.000032,0.006394706712999999,3.138461197633975,small
train,mt_blowhole_exp5_num_51739,E:\Data (Drive)\IUH\DL\GK\surface-defect-detection\data\images\train\mt_blowhole_exp5_num_51739.png,0.338843,0.120629,0.099174,0.031469,12.000054,9.000134,0.003120906606,3.151482411261877,small
train,mt_blowhole_exp5_num_51739_aug1,E:\Data (Drive)\IUH\DL\GK\surface-defect-detection\data\images\train\mt_blowhole_exp5_num_51739_aug1.png,0.661157,0.120629,0.099174,0.031469,12.000054,9.000134,0.003120906606,3.151482411261877,small
train,mt_blowhole_exp5_num_51739_aug2,E:\Data (Drive)\IUH\DL\GK\surface-defect-detection\data\images\train\mt_blowhole_exp5_num_51739_aug2.png,0.338843,0.879371,0.099174,0.031469,12.000054,9.000134,0.003120906606,3.151482411261877,small
train,mt_blowhole_exp5_num_54331,E:\Data (Drive)\IUH\DL\GK\surface-defect-detection\data\images\train\mt_blowhole_exp5_num_54331.png,0.303279,0.135088,0.098361,0.073684,12.000042,20.99994,0.007247631924,1.3349030997231421,small
train,mt_blowhole_exp5_num_54331_aug1,E:\Data (Drive)\IUH\DL\GK\surface-defect-detection\data\images\train\mt_blowhole_exp5_num_54331_aug1.png,0.696721,0.135088,0.098361,0.073684,12.000042,20.99994,0.007247631924,1.3349030997231421,small
train,mt_blowhole_exp5_num_54331_aug2,E:\Data (Drive)\IUH\DL\GK\surface-defect-detection\data\images\train\mt_blowhole_exp5_num_54331_aug2.png,0.303279,0.864912,0.098361,0.073684,12.000042,20.99994,0.007247631924,1.3349030997231421,small
train,mt_blowhole_exp5_num_7054,E:\Data (Drive)\IUH\DL\GK\surface-defect-detection\data\images\train\mt_blowhole_exp5_num_7054.png,0.745851,0.760989,0.03112,0.038462,14.999839999999999,14.000168,0.00119693744,0.8091102906765117,small
train,mt_blowhole_exp5_num_7054_aug1,E:\Data (Drive)\IUH\DL\GK\surface-defect-detection\data\images\train\mt_blowhole_exp5_num_7054_aug1.png,0.254149,0.760989,0.03112,0.038462,14.999839999999999,14.000168,0.00119693744,0.8091102906765117,small
train,mt_blowhole_exp5_num_7054_aug2,E:\Data (Drive)\IUH\DL\GK\surface-defect-detection\data\images\train\mt_blowhole_exp5_num_7054_aug2.png,0.745851,0.239011,0.03112,0.038462,14.999839999999999,14.000168,0.00119693744,0.8091102906765117,small
train,mt_blowhole_exp5_num_9549,E:\Data (Drive)\IUH\DL\GK\surface-defect-detection\data\images\train\mt_blowhole_exp5_num_9549.png,0.45122,0.026923,0.028825,0.028205,13.000075,10.99995,0.000813009125,1.0219819180996277,small
train,mt_blowhole_exp5_num_9549_aug1,E:\Data (Drive)\IUH\DL\GK\surface-defect-detection\data\images\train\mt_blowhole_exp5_num_9549_aug1.png,0.54878,0.026923,0.028825,0.028205,13.000075,10.99995,0.000813009125,1.0219819180996277,small
train,mt_blowhole_exp5_num_9549_aug2,E:\Data (Drive)\IUH\DL\GK\surface-defect-detection\data\images\train\mt_blowhole_exp5_num_9549_aug2.png,0.45122,0.973077,0.028825,0.028205,13.000075,10.99995,0.000813009125,1.0219819180996277,small
train,mt_blowhole_exp6_num_108812,E:\Data (Drive)\IUH\DL\GK\surface-defect-detection\data\images\train\mt_blowhole_exp6_num_108812.png,0.505859,0.604839,0.035156,0.05914,8.999936,22.00008,0.00207912584,0.5944538383496788,small
train,mt_blowhole_exp6_num_108812_aug1,E:\Data (Drive)\IUH\DL\GK\surface-defect-detection\data\images\train\mt_blowhole_exp6_num_108812_aug1.png,0.494141,0.604839,0.035156,0.05914,8.999936,22.00008,0.00207912584,0.5944538383496788,small
train,mt_blowhole_exp6_num_108812_aug2,E:\Data (Drive)\IUH\DL\GK\surface-defect-detection\data\images\train\mt_blowhole_exp6_num_108812_aug2.png,0.505859,0.395161,0.035156,0.05914,8.999936,22.00008,0.00207912584,0.5944538383496788,small
train,mt_blowhole_exp6_num_262705,E:\Data (Drive)\IUH\DL\GK\surface-defect-detection\data\images\train\mt_blowhole_exp6_num_262705.png,0.564865,0.698795,0.037838,0.032129,7.00003,8.000121,0.0012156971019999998,1.1776899374396963,small
train,mt_blowhole_exp6_num_262705_aug1,E:\Data (Drive)\IUH\DL\GK\surface-defect-detection\data\images\train\mt_blowhole_exp6_num_262705_aug1.png,0.435135,0.698795,0.037838,0.032129,7.00003,8.000121,0.0012156971019999998,1.1776899374396963,small
train,mt_blowhole_exp6_num_262705_aug2,E:\Data (Drive)\IUH\DL\GK\surface-defect-detection\data\images\train\mt_blowhole_exp6_num_262705_aug2.png,0.564865,0.301205,0.037838,0.032129,7.00003,8.000121,0.0012156971019999998,1.1776899374396963,small
train,mt_blowhole_exp6_num_265182,E:\Data (Drive)\IUH\DL\GK\surface-defect-detection\data\images\train\mt_blowhole_exp6_num_265182.png,0.910256,0.076923,0.051282,0.038462,11.999988,14.000168,0.0019724082840000003,1.3333160002079973,small
train,mt_blowhole_exp6_num_265182_aug1,E:\Data (Drive)\IUH\DL\GK\surface-defect-detection\data\images\train\mt_blowhole_exp6_num_265182_aug1.png,0.089744,0.076923,0.051282,0.038462,11.999988,14.000168,0.0019724082840000003,1.3333160002079973,small
train,mt_blowhole_exp6_num_265182_aug2,E:\Data (Drive)\IUH\DL\GK\surface-defect-detection\data\images\train\mt_blowhole_exp6_num_265182_aug2.png,0.910256,0.923077,0.051282,0.038462,11.999988,14.000168,0.0019724082840000003,1.3333160002079973,small
train,mt_blowhole_exp6_num_291134,E:\Data (Drive)\IUH\DL\GK\surface-defect-detection\data\images\train\mt_blowhole_exp6_num_291134.png,0.877517,0.885154,0.104027,0.078431,31.000045999999998,27.999867000000002,0.008158941636999999,1.3263505501651132,small
train,mt_blowhole_exp6_num_291134_aug1,E:\Data (Drive)\IUH\DL\GK\surface-defect-detection\data\images\train\mt_blowhole_exp6_num_291134_aug1.png,0.122483,0.885154,0.104027,0.078431,31.000045999999998,27.999867000000002,0.008158941636999999,1.3263505501651132,small
train,mt_blowhole_exp6_num_291134_aug2,E:\Data (Drive)\IUH\DL\GK\surface-defect-detection\data\images\train\mt_blowhole_exp6_num_291134_aug2.png,0.877517,0.114846,0.104027,0.078431,31.000045999999998,27.999867000000002,0.008158941636999999,1.3263505501651132,small
train,mt_blowhole_exp6_num_297601,E:\Data (Drive)\IUH\DL\GK\surface-defect-detection\data\images\train\mt_blowhole_exp6_num_297601.png,0.947248,0.46679,0.022936,0.02583,5.0000480000000005,6.99993,0.0005924368800000001,0.8879597367402247,small
train,mt_blowhole_exp6_num_297601_aug1,E:\Data (Drive)\IUH\DL\GK\surface-defect-detection\data\images\train\mt_blowhole_exp6_num_297601_aug1.png,0.052752,0.46679,0.022936,0.02583,5.0000480000000005,6.99993,0.0005924368800000001,0.8879597367402247,small
train,mt_blowhole_exp6_num_297601_aug2,E:\Data (Drive)\IUH\DL\GK\surface-defect-detection\data\images\train\mt_blowhole_exp6_num_297601_aug2.png,0.947248,0.53321,0.022936,0.02583,5.0000480000000005,6.99993,0.0005924368800000001,0.8879597367402247,small
train,mt_blowhole_exp6_num_308130,E:\Data (Drive)\IUH\DL\GK\surface-defect-detection\data\images\train\mt_blowhole_exp6_num_308130.png,0.975,0.707273,0.031818,0.032727,6.99996,8.999925,0.0010413076859999999,0.9722247685397378,small
train,mt_blowhole_exp6_num_308130_aug1,E:\Data (Drive)\IUH\DL\GK\surface-defect-detection\data\images\train\mt_blowhole_exp6_num_308130_aug1.png,0.025,0.707273,0.031818,0.032727,6.99996,8.999925,0.0010413076859999999,0.9722247685397378,small
train,mt_blowhole_exp6_num_308130_aug2,E:\Data (Drive)\IUH\DL\GK\surface-defect-detection\data\images\train\mt_blowhole_exp6_num_308130_aug2.png,0.975,0.292727,0.031818,0.032727,6.99996,8.999925,0.0010413076859999999,0.9722247685397378,small
train,mt_blowhole_exp6_num_317592,E:\Data (Drive)\IUH\DL\GK\surface-defect-detection\data\images\train\mt_blowhole_exp6_num_317592.png,0.48,0.844569,0.062222,0.041199,13.99995,11.000133,0.002563484178,1.5102793757130029,small
train,mt_blowhole_exp6_num_317592_aug1,E:\Data (Drive)\IUH\DL\GK\surface-defect-detection\data\images\train\mt_blowhole_exp6_num_317592_aug1.png,0.52,0.844569,0.062222,0.041199,13.99995,11.000133,0.002563484178,1.5102793757130029,small
train,mt_blowhole_exp6_num_317592_aug2,E:\Data (Drive)\IUH\DL\GK\surface-defect-detection\data\images\train\mt_blowhole_exp6_num_317592_aug2.png,0.48,0.155431,0.062222,0.041199,13.99995,11.000133,0.002563484178,1.5102793757130029,small
train,mt_blowhole_exp6_num_322697,E:\Data (Drive)\IUH\DL\GK\surface-defect-detection\data\images\train\mt_blowhole_exp6_num_322697.png,0.909314,0.788382,0.053922,0.091286,11.000088,21.999926000000002,0.004922323692,0.5906929868764104,small
train,mt_blowhole_exp6_num_322697_aug1,E:\Data (Drive)\IUH\DL\GK\surface-defect-detection\data\images\train\mt_blowhole_exp6_num_322697_aug1.png,0.090686,0.788382,0.053922,0.091286,11.000088,21.999926000000002,0.004922323692,0.5906929868764104,small
train,mt_blowhole_exp6_num_322697_aug2,E:\Data (Drive)\IUH\DL\GK\surface-defect-detection\data\images\train\mt_blowhole_exp6_num_322697_aug2.png,0.909314,0.211618,0.053922,0.091286,11.000088,21.999926000000002,0.004922323692,0.5906929868764104,small
train,mt_blowhole_exp6_num_328105,E:\Data (Drive)\IUH\DL\GK\surface-defect-detection\data\images\train\mt_blowhole_exp6_num_328105.png,0.155989,0.237069,0.033426,0.048851,11.999934,17.000148,0.001632893526,0.6842439254058258,small
train,mt_blowhole_exp6_num_328105_aug1,E:\Data (Drive)\IUH\DL\GK\surface-defect-detection\data\images\train\mt_blowhole_exp6_num_328105_aug1.png,0.844011,0.237069,0.033426,0.048851,11.999934,17.000148,0.001632893526,0.6842439254058258,small
train,mt_blowhole_exp6_num_328105_aug2,E:\Data (Drive)\IUH\DL\GK\surface-defect-detection\data\images\train\mt_blowhole_exp6_num_328105_aug2.png,0.155989,0.762931,0.033426,0.048851,11.999934,17.000148,0.001632893526,0.6842439254058258,small
train,mt_blowhole_exp6_num_346414,E:\Data (Drive)\IUH\DL\GK\surface-defect-detection\data\images\train\mt_blowhole_exp6_num_346414.png,0.571862,0.168848,0.018219,0.02356,9.000186,8.999920000000001,0.00042923964,0.77330220713073,small
train,mt_blowhole_exp6_num_346414_aug1,E:\Data (Drive)\IUH\DL\GK\surface-defect-detection\data\images\train\mt_blowhole_exp6_num_346414_aug1.png,0.428138,0.168848,0.018219,0.02356,9.000186,8.999920000000001,0.00042923964,0.77330220713073,small
train,mt_blowhole_exp6_num_346414_aug2,E:\Data (Drive)\IUH\DL\GK\surface-defect-detection\data\images\train\mt_blowhole_exp6_num_346414_aug2.png,0.571862,0.831152,0.018219,0.02356,9.000186,8.999920000000001,0.00042923964,0.77330220713073,small
train,mt_blowhole_exp6_num_3789,E:\Data (Drive)\IUH\DL\GK\surface-defect-detection\data\images\train\mt_blowhole_exp6_num_3789.png,0.610874,0.162568,0.027719,0.035519,13.000211,12.999954,0.0009845511610000002,0.7803992229510965,small
train,mt_blowhole_exp6_num_3789_aug1,E:\Data (Drive)\IUH\DL\GK\surface-defect-detection\data\images\train\mt_blowhole_exp6_num_3789_aug1.png,0.389126,0.162568,0.027719,0.035519,13.000211,12.999954,0.0009845511610000002,0.7803992229510965,small
train,mt_blowhole_exp6_num_3789_aug2,E:\Data (Drive)\IUH\DL\GK\surface-defect-detection\data\images\train\mt_blowhole_exp6_num_3789_aug2.png,0.610874,0.837432,0.027719,0.035519,13.000211,12.999954,0.0009845511610000002,0.7803992229510965,small
train,mt_blowhole_exp6_num_5106,E:\Data (Drive)\IUH\DL\GK\surface-defect-detection\data\images\train\mt_blowhole_exp6_num_5106.png,0.524793,0.878092,0.157025,0.038869,19.000025,10.999927,0.006103404725,4.039851809925648,small
train,mt_blowhole_exp6_num_5106_aug1,E:\Data (Drive)\IUH\DL\GK\surface-defect-detection\data\images\train\mt_blowhole_exp6_num_5106_aug1.png,0.475207,0.878092,0.157025,0.038869,19.000025,10.999927,0.006103404725,4.039851809925648,small
train,mt_blowhole_exp6_num_5106_aug2,E:\Data (Drive)\IUH\DL\GK\surface-defect-detection\data\images\train\mt_blowhole_exp6_num_5106_aug2.png,0.524793,0.121908,0.157025,0.038869,19.000025,10.999927,0.006103404725,4.039851809925648,small
train,mt_blowhole_exp6_num_51771,E:\Data (Drive)\IUH\DL\GK\surface-defect-detection\data\images\train\mt_blowhole_exp6_num_51771.png,0.365546,0.121908,0.109244,0.031802,13.000036,8.999965999999999,0.0034741776879999996,3.435129866046161,small
train,mt_blowhole_exp6_num_51771_aug1,E:\Data (Drive)\IUH\DL\GK\surface-defect-detection\data\images\train\mt_blowhole_exp6_num_51771_aug1.png,0.634454,0.121908,0.109244,0.031802,13.000036,8.999965999999999,0.0034741776879999996,3.435129866046161,small
train,mt_blowhole_exp6_num_51771_aug2,E:\Data (Drive)\IUH\DL\GK\surface-defect-detection\data\images\train\mt_blowhole_exp6_num_51771_aug2.png,0.365546,0.878092,0.109244,0.031802,13.000036,8.999965999999999,0.0034741776879999996,3.435129866046161,small
train,mt_blowhole_exp6_num_7102,E:\Data (Drive)\IUH\DL\GK\surface-defect-detection\data\images\train\mt_blowhole_exp6_num_7102.png,0.746347,0.754032,0.031315,0.040323,14.999885,15.000155999999999,0.0012627147450000001,0.7766039233191976,small
train,mt_blowhole_exp6_num_7102_aug1,E:\Data (Drive)\IUH\DL\GK\surface-defect-detection\data\images\train\mt_blowhole_exp6_num_7102_aug1.png,0.253653,0.754032,0.031315,0.040323,14.999885,15.000155999999999,0.0012627147450000001,0.7766039233191976,small
train,mt_blowhole_exp6_num_7102_aug2,E:\Data (Drive)\IUH\DL\GK\surface-defect-detection\data\images\train\mt_blowhole_exp6_num_7102_aug2.png,0.746347,0.245968,0.031315,0.040323,14.999885,15.000155999999999,0.0012627147450000001,0.7766039233191976,small
train,mt_blowhole_exp6_num_9594,E:\Data (Drive)\IUH\DL\GK\surface-defect-detection\data\images\train\mt_blowhole_exp6_num_9594.png,0.242525,0.035714,0.046512,0.027473,14.000112,10.000172000000001,0.001277824176,1.6930076802678993,small
train,mt_blowhole_exp6_num_9594_aug1,E:\Data (Drive)\IUH\DL\GK\surface-defect-detection\data\images\train\mt_blowhole_exp6_num_9594_aug1.png,0.757475,0.035714,0.046512,0.027473,14.000112,10.000172000000001,0.001277824176,1.6930076802678993,small
train,mt_blowhole_exp6_num_9594_aug2,E:\Data (Drive)\IUH\DL\GK\surface-defect-detection\data\images\train\mt_blowhole_exp6_num_9594_aug2.png,0.242525,0.964286,0.046512,0.027473,14.000112,10.000172000000001,0.001277824176,1.6930076802678993,small
train,mt_break_exp1_num_116934,E:\Data (Drive)\IUH\DL\GK\surface-defect-detection\data\images\train\mt_break_exp1_num_116934.png,0.024493,0.48583,0.048986,0.574899,28.999712000000002,142.000053,0.028162002414000003,0.08520801045053131,medium
train,mt_break_exp1_num_116934_aug1,E:\Data (Drive)\IUH\DL\GK\surface-defect-detection\data\images\train\mt_break_exp1_num_116934_aug1.png,0.975507,0.48583,0.048986,0.574899,28.999712000000002,142.000053,0.028162002414000003,0.08520801045053131,medium
train,mt_break_exp1_num_116934_aug2,E:\Data (Drive)\IUH\DL\GK\surface-defect-detection\data\images\train\mt_break_exp1_num_116934_aug2.png,0.024493,0.51417,0.048986,0.574899,28.999712000000002,142.000053,0.028162002414000003,0.08520801045053131,medium
train,mt_break_exp1_num_241889,E:\Data (Drive)\IUH\DL\GK\surface-defect-detection\data\images\train\mt_break_exp1_num_241889.png,0.055556,0.031716,0.100529,0.063433,18.999981,17.000044000000003,0.0063768560569999995,1.5848060157961943,small
train,mt_break_exp1_num_241889_aug1,E:\Data (Drive)\IUH\DL\GK\surface-defect-detection\data\images\train\mt_break_exp1_num_241889_aug1.png,0.944444,0.031716,0.100529,0.063433,18.999981,17.000044000000003,0.0063768560569999995,1.5848060157961943,small
train,mt_break_exp1_num_241889_aug2,E:\Data (Drive)\IUH\DL\GK\surface-defect-detection\data\images\train\mt_break_exp1_num_241889_aug2.png,0.055556,0.968284,0.100529,0.063433,18.999981,17.000044000000003,0.0063768560569999995,1.5848060157961943,small
train,mt_break_exp1_num_26106,E:\Data (Drive)\IUH\DL\GK\surface-defect-detection\data\images\train\mt_break_exp1_num_26106.png,0.118908,0.056634,0.194932,0.113269,100.00011599999999,35.000121,0.022079752708,1.720965136091958,medium
train,mt_break_exp1_num_26106_aug1,E:\Data (Drive)\IUH\DL\GK\surface-defect-detection\data\images\train\mt_break_exp1_num_26106_aug1.png,0.881092,0.056634,0.194932,0.113269,100.00011599999999,35.000121,0.022079752708,1.720965136091958,medium
train,mt_break_exp1_num_26106_aug2,E:\Data (Drive)\IUH\DL\GK\surface-defect-detection\data\images\train\mt_break_exp1_num_26106_aug2.png,0.118908,0.943366,0.194932,0.113269,100.00011599999999,35.000121,0.022079752708,1.720965136091958,medium
train,mt_break_exp1_num_271361,E:\Data (Drive)\IUH\DL\GK\surface-defect-detection\data\images\train\mt_break_exp1_num_271361.png,0.096774,0.071174,0.0553,0.142349,12.0001,40.000069,0.0078718997,0.3884818298688435,small
train,mt_break_exp1_num_271361_aug1,E:\Data (Drive)\IUH\DL\GK\surface-defect-detection\data\images\train\mt_break_exp1_num_271361_aug1.png,0.903226,0.071174,0.0553,0.142349,12.0001,40.000069,0.0078718997,0.3884818298688435,small
train,mt_break_exp1_num_271361_aug2,E:\Data (Drive)\IUH\DL\GK\surface-defect-detection\data\images\train\mt_break_exp1_num_271361_aug2.png,0.096774,0.928826,0.0553,0.142349,12.0001,40.000069,0.0078718997,0.3884818298688435,small
train,mt_break_exp1_num_284482,E:\Data (Drive)\IUH\DL\GK\surface-defect-detection\data\images\train\mt_break_exp1_num_284482.png,0.5,0.6703,1.0,0.659401,253.0,242.000167,0.659401,1.5165278790902652,large
train,mt_break_exp1_num_284482_aug1,E:\Data (Drive)\IUH\DL\GK\surface-defect-detection\data\images\train\mt_break_exp1_num_284482_aug1.png,0.5,0.6703,1.0,0.659401,253.0,242.000167,0.659401,1.5165278790902652,large
train,mt_break_exp1_num_284482_aug2,E:\Data (Drive)\IUH\DL\GK\surface-defect-detection\data\images\train\mt_break_exp1_num_284482_aug2.png,0.5,0.3297,1.0,0.659401,253.0,242.000167,0.659401,1.5165278790902652,large
train,mt_break_exp1_num_304290,E:\Data (Drive)\IUH\DL\GK\surface-defect-detection\data\images\train\mt_break_exp1_num_304290.png,0.824519,0.496169,0.350962,0.992337,73.000096,258.999957,0.348272578194,0.35367218999190797,large
train,mt_break_exp1_num_304290_aug1,E:\Data (Drive)\IUH\DL\GK\surface-defect-detection\data\images\train\mt_break_exp1_num_304290_aug1.png,0.175481,0.496169,0.350962,0.992337,73.000096,258.999957,0.348272578194,0.35367218999190797,large
train,mt_break_exp1_num_304290_aug2,E:\Data (Drive)\IUH\DL\GK\surface-defect-detection\data\images\train\mt_break_exp1_num_304290_aug2.png,0.824519,0.503831,0.350962,0.992337,73.000096,258.999957,0.348272578194,0.35367218999190797,large
train,mt_break_exp1_num_348629,E:\Data (Drive)\IUH\DL\GK\surface-defect-detection\data\images\train\mt_break_exp1_num_348629.png,0.075195,0.049598,0.080078,0.08311,40.999936,31.000030000000002,0.00665528258,0.9635182288533268,small
train,mt_break_exp1_num_348629_aug1,E:\Data (Drive)\IUH\DL\GK\surface-defect-detection\data\images\train\mt_break_exp1_num_348629_aug1.png,0.924805,0.049598,0.080078,0.08311,40.999936,31.000030000000002,0.00665528258,0.9635182288533268,small
train,mt_break_exp1_num_348629_aug2,E:\Data (Drive)\IUH\DL\GK\surface-defect-detection\data\images\train\mt_break_exp1_num_348629_aug2.png,0.075195,0.950402,0.080078,0.08311,40.999936,31.000030000000002,0.00665528258,0.9635182288533268,small
train,mt_break_exp1_num_356718,E:\Data (Drive)\IUH\DL\GK\surface-defect-detection\data\images\train\mt_break_exp1_num_356718.png,0.934524,0.958777,0.103175,0.045213,52.0002,17.000088,0.0046648512750000004,2.2819764227102826,small
train,mt_break_exp1_num_356718_aug1,E:\Data (Drive)\IUH\DL\GK\surface-defect-detection\data\images\train\mt_break_exp1_num_356718_aug1.png,0.065476,0.958777,0.103175,0.045213,52.0002,17.000088,0.0046648512750000004,2.2819764227102826,small
train,mt_break_exp1_num_356718_aug2,E:\Data (Drive)\IUH\DL\GK\surface-defect-detection\data\images\train\mt_break_exp1_num_356718_aug2.png,0.934524,0.041223,0.103175,0.045213,52.0002,17.000088,0.0046648512750000004,2.2819764227102826,small
train,mt_break_exp1_num_62553,E:\Data (Drive)\IUH\DL\GK\surface-defect-detection\data\images\train\mt_break_exp1_num_62553.png,0.808696,0.116725,0.243478,0.233449,27.99997,66.99986299999999,0.056839695621999996,1.0429601326199727,large
train,mt_break_exp1_num_62553_aug1,E:\Data (Drive)\IUH\DL\GK\surface-defect-detection\data\images\train\mt_break_exp1_num_62553_aug1.png,0.191304,0.116725,0.243478,0.233449,27.99997,66.99986299999999,0.056839695621999996,1.0429601326199727,large
train,mt_break_exp1_num_62553_aug2,E:\Data (Drive)\IUH\DL\GK\surface-defect-detection\data\images\train\mt_break_exp1_num_62553_aug2.png,0.808696,0.883275,0.243478,0.233449,27.99997,66.99986299999999,0.056839695621999996,1.0429601326199727,large
train,mt_break_exp1_num_98080,E:\Data (Drive)\IUH\DL\GK\surface-defect-detection\data\images\train\mt_break_exp1_num_98080.png,0.700512,0.984962,0.018771,0.030075,10.999806,7.99995,0.000564537825,0.6241396508728179,small
train,mt_break_exp1_num_98080,E:\Data (Drive)\IUH\DL\GK\surface-defect-detection\data\images\train\mt_break_exp1_num_98080.png,0.836177,0.975564,0.071672,0.048872,41.999792,12.999952,0.003502753984,1.4665247994761827,small
train,mt_break_exp1_num_98080,E:\Data (Drive)\IUH\DL\GK\surface-defect-detection\data\images\train\mt_break_exp1_num_98080.png,0.958191,0.917293,0.022184,0.165414,12.999823999999998,44.000124,0.003669544176,0.13411198568440397,small
train,mt_break_exp1_num_98080,E:\Data (Drive)\IUH\DL\GK\surface-defect-detection\data\images\train\mt_break_exp1_num_98080.png,0.650171,0.016917,0.105802,0.033835,61.99997199999999,9.00011,0.0035798106699999996,3.1269986700162553,small
train,mt_break_exp1_num_98080_aug1,E:\Data (Drive)\IUH\DL\GK\surface-defect-detection\data\images\train\mt_break_exp1_num_98080_aug1.png,0.299488,0.984962,0.018771,0.030075,10.999806,7.99995,0.000564537825,0.6241396508728179,small
train,mt_break_exp1_num_98080_aug1,E:\Data (Drive)\IUH\DL\GK\surface-defect-detection\data\images\train\mt_break_exp1_num_98080_aug1.png,0.163823,0.975564,0.071672,0.048872,41.999792,12.999952,0.003502753984,1.4665247994761827,small
train,mt_break_exp1_num_98080_aug1,E:\Data (Drive)\IUH\DL\GK\surface-defect-detection\data\images\train\mt_break_exp1_num_98080_aug1.png,0.041809,0.917293,0.022184,0.165414,12.999823999999998,44.000124,0.003669544176,0.13411198568440397,small
train,mt_break_exp1_num_98080_aug1,E:\Data (Drive)\IUH\DL\GK\surface-defect-detection\data\images\train\mt_break_exp1_num_98080_aug1.png,0.349829,0.016917,0.105802,0.033835,61.99997199999999,9.00011,0.0035798106699999996,3.1269986700162553,small
train,mt_break_exp1_num_98080_aug2,E:\Data (Drive)\IUH\DL\GK\surface-defect-detection\data\images\train\mt_break_exp1_num_98080_aug2.png,0.700512,0.015038,0.018771,0.030075,10.999806,7.99995,0.000564537825,0.6241396508728179,small
train,mt_break_exp1_num_98080_aug2,E:\Data (Drive)\IUH\DL\GK\surface-defect-detection\data\images\train\mt_break_exp1_num_98080_aug2.png,0.836177,0.024436,0.071672,0.048872,41.999792,12.999952,0.003502753984,1.4665247994761827,small
train,mt_break_exp1_num_98080_aug2,E:\Data (Drive)\IUH\DL\GK\surface-defect-detection\data\images\train\mt_break_exp1_num_98080_aug2.png,0.958191,0.082707,0.022184,0.165414,12.999823999999998,44.000124,0.003669544176,0.13411198568440397,small
train,mt_break_exp1_num_98080_aug2,E:\Data (Drive)\IUH\DL\GK\surface-defect-detection\data\images\train\mt_break_exp1_num_98080_aug2.png,0.650171,0.983083,0.105802,0.033835,61.99997199999999,9.00011,0.0035798106699999996,3.1269986700162553,small
train,mt_break_exp2_num_194202,E:\Data (Drive)\IUH\DL\GK\surface-defect-detection\data\images\train\mt_break_exp2_num_194202.png,0.87234,0.930982,0.255319,0.138037,47.99997200000001,45.000062,0.035243468803,1.8496417627157937,medium
train,mt_break_exp2_num_194202,E:\Data (Drive)\IUH\DL\GK\surface-defect-detection\data\images\train\mt_break_exp2_num_194202.png,0.215426,0.032209,0.069149,0.064417,13.000012,20.999942,0.004454371133,1.0734588695530682,small
train,mt_break_exp2_num_194202_aug1,E:\Data (Drive)\IUH\DL\GK\surface-defect-detection\data\images\train\mt_break_exp2_num_194202_aug1.png,0.12766,0.930982,0.255319,0.138037,47.99997200000001,45.000062,0.035243468803,1.8496417627157937,medium
train,mt_break_exp2_num_194202_aug1,E:\Data (Drive)\IUH\DL\GK\surface-defect-detection\data\images\train\mt_break_exp2_num_194202_aug1.png,0.784574,0.032209,0.069149,0.064417,13.000012,20.999942,0.004454371133,1.0734588695530682,small
train,mt_break_exp2_num_194202_aug2,E:\Data (Drive)\IUH\DL\GK\surface-defect-detection\data\images\train\mt_break_exp2_num_194202_aug2.png,0.87234,0.069018,0.255319,0.138037,47.99997200000001,45.000062,0.035243468803,1.8496417627157937,medium
train,mt_break_exp2_num_194202_aug2,E:\Data (Drive)\IUH\DL\GK\surface-defect-detection\data\images\train\mt_break_exp2_num_194202_aug2.png,0.215426,0.967791,0.069149,0.064417,13.000012,20.999942,0.004454371133,1.0734588695530682,small
train,mt_break_exp2_num_241913,E:\Data (Drive)\IUH\DL\GK\surface-defect-detection\data\images\train\mt_break_exp2_num_241913.png,0.075916,0.042279,0.13089,0.084559,24.99999,23.000048,0.01106792751,1.5479132913113922,medium
train,mt_break_exp2_num_241913_aug1,E:\Data (Drive)\IUH\DL\GK\surface-defect-detection\data\images\train\mt_break_exp2_num_241913_aug1.png,0.924084,0.042279,0.13089,0.084559,24.99999,23.000048,0.01106792751,1.5479132913113922,medium
train,mt_break_exp2_num_241913_aug2,E:\Data (Drive)\IUH\DL\GK\surface-defect-detection\data\images\train\mt_break_exp2_num_241913_aug2.png,0.075916,0.957721,0.13089,0.084559,24.99999,23.000048,0.01106792751,1.5479132913113922,medium
train,mt_break_exp2_num_26130,E:\Data (Drive)\IUH\DL\GK\surface-defect-detection\data\images\train\mt_break_exp2_num_26130.png,0.116896,0.070288,0.206287,0.140575,105.000083,43.999975,0.028998795025,1.4674515383247375,medium
train,mt_break_exp2_num_26130_aug1,E:\Data (Drive)\IUH\DL\GK\surface-defect-detection\data\images\train\mt_break_exp2_num_26130_aug1.png,0.883104,0.070288,0.206287,0.140575,105.000083,43.999975,0.028998795025,1.4674515383247375,medium
train,mt_break_exp2_num_26130_aug2,E:\Data (Drive)\IUH\DL\GK\surface-defect-detection\data\images\train\mt_break_exp2_num_26130_aug2.png,0.116896,0.929712,0.206287,0.140575,105.000083,43.999975,0.028998795025,1.4674515383247375,medium
train,mt_break_exp2_num_271384,E:\Data (Drive)\IUH\DL\GK\surface-defect-detection\data\images\train\mt_break_exp2_num_271384.png,0.083721,0.074205,0.065116,0.14841,13.999939999999999,42.000029999999995,0.009663865559999998,0.438757496125598,small
train,mt_break_exp2_num_271384_aug1,E:\Data (Drive)\IUH\DL\GK\surface-defect-detection\data\images\train\mt_break_exp2_num_271384_aug1.png,0.916279,0.074205,0.065116,0.14841,13.999939999999999,42.000029999999995,0.009663865559999998,0.438757496125598,small
train,mt_break_exp2_num_271384_aug2,E:\Data (Drive)\IUH\DL\GK\surface-defect-detection\data\images\train\mt_break_exp2_num_271384_aug2.png,0.083721,0.925795,0.065116,0.14841,13.999939999999999,42.000029999999995,0.009663865559999998,0.438757496125598,small
train,mt_break_exp2_num_276373,E:\Data (Drive)\IUH\DL\GK\surface-defect-detection\data\images\train\mt_break_exp2_num_276373.png,0.491304,0.019531,0.052174,0.039062,12.00002,14.999808,0.002038020788,1.3356714965951564,small
train,mt_break_exp2_num_276373,E:\Data (Drive)\IUH\DL\GK\surface-defect-detection\data\images\train\mt_break_exp2_num_276373.png,0.371739,0.010417,0.091304,0.020833,20.99992,7.999872,0.001902136232,4.3826621225939615,small
train,mt_break_exp2_num_276373_aug1,E:\Data (Drive)\IUH\DL\GK\surface-defect-detection\data\images\train\mt_break_exp2_num_276373_aug1.png,0.508696,0.019531,0.052174,0.039062,12.00002,14.999808,0.002038020788,1.3356714965951564,small
train,mt_break_exp2_num_276373_aug1,E:\Data (Drive)\IUH\DL\GK\surface-defect-detection\data\images\train\mt_break_exp2_num_276373_aug1.png,0.628261,0.010417,0.091304,0.020833,20.99992,7.999872,0.001902136232,4.3826621225939615,small
train,mt_break_exp2_num_276373_aug2,E:\Data (Drive)\IUH\DL\GK\surface-defect-detection\data\images\train\mt_break_exp2_num_276373_aug2.png,0.491304,0.980469,0.052174,0.039062,12.00002,14.999808,0.002038020788,1.3356714965951564,small
train,mt_break_exp2_num_276373_aug2,E:\Data (Drive)\IUH\DL\GK\surface-defect-detection\data\images\train\mt_break_exp2_num_276373_aug2.png,0.371739,0.989583,0.091304,0.020833,20.99992,7.999872,0.001902136232,4.3826621225939615,small
train,mt_break_exp2_num_284506,E:\Data (Drive)\IUH\DL\GK\surface-defect-detection\data\images\train\mt_break_exp2_num_284506.png,0.5,0.658263,1.0,0.683473,253.0,243.999861,0.683473,1.4631155875945356,large
train,mt_break_exp2_num_284506_aug1,E:\Data (Drive)\IUH\DL\GK\surface-defect-detection\data\images\train\mt_break_exp2_num_284506_aug1.png,0.5,0.658263,1.0,0.683473,253.0,243.999861,0.683473,1.4631155875945356,large
train,mt_break_exp2_num_284506_aug2,E:\Data (Drive)\IUH\DL\GK\surface-defect-detection\data\images\train\mt_break_exp2_num_284506_aug2.png,0.5,0.341737,1.0,0.683473,253.0,243.999861,0.683473,1.4631155875945356,large
train,mt_break_exp2_num_320673,E:\Data (Drive)\IUH\DL\GK\surface-defect-detection\data\images\train\mt_break_exp2_num_320673.png,0.915789,0.875,0.105263,0.078358,19.999969999999998,20.999944,0.008248198153999999,1.3433599632456164,small
train,mt_break_exp2_num_320673_aug1,E:\Data (Drive)\IUH\DL\GK\surface-defect-detection\data\images\train\mt_break_exp2_num_320673_aug1.png,0.084211,0.875,0.105263,0.078358,19.999969999999998,20.999944,0.008248198153999999,1.3433599632456164,small
train,mt_break_exp2_num_320673_aug2,E:\Data (Drive)\IUH\DL\GK\surface-defect-detection\data\images\train\mt_break_exp2_num_320673_aug2.png,0.915789,0.125,0.105263,0.078358,19.999969999999998,20.999944,0.008248198153999999,1.3433599632456164,small
train,mt_break_exp2_num_62577,E:\Data (Drive)\IUH\DL\GK\surface-defect-detection\data\images\train\mt_break_exp2_num_62577.png,0.768293,0.125,0.268293,0.25,33.000039,71.0,0.06707325,1.073172,large
train,mt_break_exp2_num_62577_aug1,E:\Data (Drive)\IUH\DL\GK\surface-defect-detection\data\images\train\mt_break_exp2_num_62577_aug1.png,0.231707,0.125,0.268293,0.25,33.000039,71.0,0.06707325,1.073172,large
train,mt_break_exp2_num_62577_aug2,E:\Data (Drive)\IUH\DL\GK\surface-defect-detection\data\images\train\mt_break_exp2_num_62577_aug2.png,0.768293,0.875,0.268293,0.25,33.000039,71.0,0.06707325,1.073172,large
train,mt_break_exp2_num_98102,E:\Data (Drive)\IUH\DL\GK\surface-defect-detection\data\images\train\mt_break_exp2_num_98102.png,0.382743,0.982759,0.022124,0.034483,10.000048000000001,10.00007,0.0007629018920000001,0.641591508859438,small
train,mt_break_exp2_num_98102,E:\Data (Drive)\IUH\DL\GK\surface-defect-detection\data\images\train\mt_break_exp2_num_98102.png,0.637168,0.960345,0.030973,0.07931,13.999796,22.9999,0.0024564686300000004,0.39053082839490605,small
train,mt_break_exp2_num_98102,E:\Data (Drive)\IUH\DL\GK\surface-defect-detection\data\images\train\mt_break_exp2_num_98102.png,0.801991,0.948276,0.099558,0.096552,45.000215999999995,28.00008,0.009612524015999999,1.0311334824757643,small
train,mt_break_exp2_num_98102,E:\Data (Drive)\IUH\DL\GK\surface-defect-detection\data\images\train\mt_break_exp2_num_98102.png,0.948009,0.9,0.064159,0.2,28.999867999999996,58.0,0.012831799999999999,0.32079499999999994,medium
train,mt_break_exp2_num_98102,E:\Data (Drive)\IUH\DL\GK\surface-defect-detection\data\images\train\mt_break_exp2_num_98102.png,0.544248,0.02931,0.181416,0.058621,82.00003199999999,17.00009,0.010634787336,3.0947271455621705,medium
train,mt_break_exp2_num_98102_aug1,E:\Data (Drive)\IUH\DL\GK\surface-defect-detection\data\images\train\mt_break_exp2_num_98102_aug1.png,0.617257,0.982759,0.022124,0.034483,10.000048000000001,10.00007,0.0007629018920000001,0.641591508859438,small
train,mt_break_exp2_num_98102_aug1,E:\Data (Drive)\IUH\DL\GK\surface-defect-detection\data\images\train\mt_break_exp2_num_98102_aug1.png,0.362832,0.960345,0.030973,0.07931,13.999796,22.9999,0.0024564686300000004,0.39053082839490605,small
train,mt_break_exp2_num_98102_aug1,E:\Data (Drive)\IUH\DL\GK\surface-defect-detection\data\images\train\mt_break_exp2_num_98102_aug1.png,0.198009,0.948276,0.099558,0.096552,45.000215999999995,28.00008,0.009612524015999999,1.0311334824757643,small
train,mt_break_exp2_num_98102_aug1,E:\Data (Drive)\IUH\DL\GK\surface-defect-detection\data\images\train\mt_break_exp2_num_98102_aug1.png,0.051991,0.9,0.064159,0.2,28.999867999999996,58.0,0.012831799999999999,0.32079499999999994,medium
train,mt_break_exp2_num_98102_aug1,E:\Data (Drive)\IUH\DL\GK\surface-defect-detection\data\images\train\mt_break_exp2_num_98102_aug1.png,0.455752,0.02931,0.181416,0.058621,82.00003199999999,17.00009,0.010634787336,3.0947271455621705,medium
train,mt_break_exp2_num_98102_aug2,E:\Data (Drive)\IUH\DL\GK\surface-defect-detection\data\images\train\mt_break_exp2_num_98102_aug2.png,0.382743,0.017241,0.022124,0.034483,10.000048000000001,10.00007,0.0007629018920000001,0.641591508859438,small
train,mt_break_exp2_num_98102_aug2,E:\Data (Drive)\IUH\DL\GK\surface-defect-detection\data\images\train\mt_break_exp2_num_98102_aug2.png,0.637168,0.039655,0.030973,0.07931,13.999796,22.9999,0.0024564686300000004,0.39053082839490605,small
train,mt_break_exp2_num_98102_aug2,E:\Data (Drive)\IUH\DL\GK\surface-defect-detection\data\images\train\mt_break_exp2_num_98102_aug2.png,0.801991,0.051724,0.099558,0.096552,45.000215999999995,28.00008,0.009612524015999999,1.0311334824757643,small
train,mt_break_exp2_num_98102_aug2,E:\Data (Drive)\IUH\DL\GK\surface-defect-detection\data\images\train\mt_break_exp2_num_98102_aug2.png,0.948009,0.1,0.064159,0.2,28.999867999999996,58.0,0.012831799999999999,0.32079499999999994,medium
train,mt_break_exp2_num_98102_aug2,E:\Data (Drive)\IUH\DL\GK\surface-defect-detection\data\images\train\mt_break_exp2_num_98102_aug2.png,0.544248,0.97069,0.181416,0.058621,82.00003199999999,17.00009,0.010634787336,3.0947271455621705,medium
train,mt_break_exp3_num_105826,E:\Data (Drive)\IUH\DL\GK\surface-defect-detection\data\images\train\mt_break_exp3_num_105826.png,0.980519,0.40873,0.016234,0.444444,10.000143999999999,111.999888,0.0072151038959999995,0.03652653652653652,small
train,mt_break_exp3_num_105826_aug1,E:\Data (Drive)\IUH\DL\GK\surface-defect-detection\data\images\train\mt_break_exp3_num_105826_aug1.png,0.019481,0.40873,0.016234,0.444444,10.000143999999999,111.999888,0.0072151038959999995,0.03652653652653652,small
train,mt_break_exp3_num_105826_aug2,E:\Data (Drive)\IUH\DL\GK\surface-defect-detection\data\images\train\mt_break_exp3_num_105826_aug2.png,0.980519,0.59127,0.016234,0.444444,10.000143999999999,111.999888,0.0072151038959999995,0.03652653652653652,small
train,mt_break_exp3_num_241926,E:\Data (Drive)\IUH\DL\GK\surface-defect-detection\data\images\train\mt_break_exp3_num_241926.png,0.093909,0.057143,0.086294,0.085714,16.999917999999997,23.99992,0.007396603916,1.0067666892222973,small
train,mt_break_exp3_num_241926_aug1,E:\Data (Drive)\IUH\DL\GK\surface-defect-detection\data\images\train\mt_break_exp3_num_241926_aug1.png,0.906091,0.057143,0.086294,0.085714,16.999917999999997,23.99992,0.007396603916,1.0067666892222973,small
train,mt_break_exp3_num_241926_aug2,E:\Data (Drive)\IUH\DL\GK\surface-defect-detection\data\images\train\mt_break_exp3_num_241926_aug2.png,0.093909,0.942857,0.086294,0.085714,16.999917999999997,23.99992,0.007396603916,1.0067666892222973,small
train,mt_break_exp3_num_271400,E:\Data (Drive)\IUH\DL\GK\surface-defect-detection\data\images\train\mt_break_exp3_num_271400.png,0.079545,0.076642,0.059091,0.153285,13.00002,42.00009,0.009057763935,0.3854976025051375,small
train,mt_break_exp3_num_271400_aug1,E:\Data (Drive)\IUH\DL\GK\surface-defect-detection\data\images\train\mt_break_exp3_num_271400_aug1.png,0.920455,0.076642,0.059091,0.153285,13.00002,42.00009,0.009057763935,0.3854976025051375,small
train,mt_break_exp3_num_271400_aug2,E:\Data (Drive)\IUH\DL\GK\surface-defect-detection\data\images\train\mt_break_exp3_num_271400_aug2.png,0.079545,0.923358,0.059091,0.153285,13.00002,42.00009,0.009057763935,0.3854976025051375,small
train,mt_break_exp3_num_320689,E:\Data (Drive)\IUH\DL\GK\surface-defect-detection\data\images\train\mt_break_exp3_num_320689.png,0.898515,0.883019,0.094059,0.075472,18.999918,20.00008,0.007098820848,1.2462767648929405,small
train,mt_break_exp3_num_320689_aug1,E:\Data (Drive)\IUH\DL\GK\surface-defect-detection\data\images\train\mt_break_exp3_num_320689_aug1.png,0.101485,0.883019,0.094059,0.075472,18.999918,20.00008,0.007098820848,1.2462767648929405,small
train,mt_break_exp3_num_320689_aug2,E:\Data (Drive)\IUH\DL\GK\surface-defect-detection\data\images\train\mt_break_exp3_num_320689_aug2.png,0.898515,0.116981,0.094059,0.075472,18.999918,20.00008,0.007098820848,1.2462767648929405,small
train,mt_break_exp3_num_348661,E:\Data (Drive)\IUH\DL\GK\surface-defect-detection\data\images\train\mt_break_exp3_num_348661.png,0.087426,0.065104,0.064833,0.067708,32.999997,25.999872000000003,0.004389712764,0.9575382524960122,small
train,mt_break_exp3_num_348661_aug1,E:\Data (Drive)\IUH\DL\GK\surface-defect-detection\data\images\train\mt_break_exp3_num_348661_aug1.png,0.912574,0.065104,0.064833,0.067708,32.999997,25.999872000000003,0.004389712764,0.9575382524960122,small
train,mt_break_exp3_num_348661_aug2,E:\Data (Drive)\IUH\DL\GK\surface-defect-detection\data\images\train\mt_break_exp3_num_348661_aug2.png,0.087426,0.934896,0.064833,0.067708,32.999997,25.999872000000003,0.004389712764,0.9575382524960122,small
train,mt_break_exp3_num_62592,E:\Data (Drive)\IUH\DL\GK\surface-defect-detection\data\images\train\mt_break_exp3_num_62592.png,0.772358,0.116071,0.211382,0.232143,25.999986,65.00004,0.049070851625999994,0.910568055035043,medium
train,mt_break_exp3_num_62592_aug1,E:\Data (Drive)\IUH\DL\GK\surface-defect-detection\data\images\train\mt_break_exp3_num_62592_aug1.png,0.227642,0.116071,0.211382,0.232143,25.999986,65.00004,0.049070851625999994,0.910568055035043,medium
train,mt_break_exp3_num_62592_aug2,E:\Data (Drive)\IUH\DL\GK\surface-defect-detection\data\images\train\mt_break_exp3_num_62592_aug2.png,0.772358,0.883929,0.211382,0.232143,25.999986,65.00004,0.049070851625999994,0.910568055035043,medium
train,mt_break_exp3_num_77583,E:\Data (Drive)\IUH\DL\GK\surface-defect-detection\data\images\train\mt_break_exp3_num_77583.png,0.935216,0.885776,0.086379,0.228448,52.000158,52.999936000000005,0.019733109792,0.3781123056450483,medium
train,mt_break_exp3_num_77583,E:\Data (Drive)\IUH\DL\GK\surface-defect-detection\data\images\train\mt_break_exp3_num_77583.png,0.090532,0.528017,0.181063,0.943966,108.999926,219.000112,0.170917315858,0.19181093386838086,large
train,mt_break_exp3_num_77583_aug1,E:\Data (Drive)\IUH\DL\GK\surface-defect-detection\data\images\train\mt_break_exp3_num_77583_aug1.png,0.064784,0.885776,0.086379,0.228448,52.000158,52.999936000000005,0.019733109792,0.3781123056450483,medium
train,mt_break_exp3_num_77583_aug1,E:\Data (Drive)\IUH\DL\GK\surface-defect-detection\data\images\train\mt_break_exp3_num_77583_aug1.png,0.909468,0.528017,0.181063,0.943966,108.999926,219.000112,0.170917315858,0.19181093386838086,large
train,mt_break_exp3_num_77583_aug2,E:\Data (Drive)\IUH\DL\GK\surface-defect-detection\data\images\train\mt_break_exp3_num_77583_aug2.png,0.935216,0.114224,0.086379,0.228448,52.000158,52.999936000000005,0.019733109792,0.3781123056450483,medium
train,mt_break_exp3_num_77583_aug2,E:\Data (Drive)\IUH\DL\GK\surface-defect-detection\data\images\train\mt_break_exp3_num_77583_aug2.png,0.090532,0.471983,0.181063,0.943966,108.999926,219.000112,0.170917315858,0.19181093386838086,large
train,mt_break_exp3_num_98116,E:\Data (Drive)\IUH\DL\GK\surface-defect-detection\data\images\train\mt_break_exp3_num_98116.png,0.356667,0.973684,0.015556,0.032895,7.0002,10.00008,0.00051171462,0.4728986168110655,small
train,mt_break_exp3_num_98116,E:\Data (Drive)\IUH\DL\GK\surface-defect-detection\data\images\train\mt_break_exp3_num_98116.png,0.612222,0.950658,0.028889,0.078947,13.00005,23.999888000000002,0.002280699883,0.36592904100219137,small
train,mt_break_exp3_num_98116,E:\Data (Drive)\IUH\DL\GK\surface-defect-detection\data\images\train\mt_break_exp3_num_98116.png,0.777778,0.940789,0.088889,0.085526,40.00005,25.999904,0.007602320614,1.0393213759558495,small
train,mt_break_exp3_num_98116,E:\Data (Drive)\IUH\DL\GK\surface-defect-detection\data\images\train\mt_break_exp3_num_98116.png,0.925556,0.891447,0.055556,0.184211,25.0002,56.000144000000006,0.010234026316,0.3015889387713003,medium
train,mt_break_exp3_num_98116,E:\Data (Drive)\IUH\DL\GK\surface-defect-detection\data\images\train\mt_break_exp3_num_98116.png,0.52,0.046053,0.168889,0.085526,76.00005,25.999904,0.014444400614000001,1.974709445081028,medium
train,mt_break_exp3_num_98116_aug1,E:\Data (Drive)\IUH\DL\GK\surface-defect-detection\data\images\train\mt_break_exp3_num_98116_aug1.png,0.643333,0.973684,0.015556,0.032895,7.0002,10.00008,0.00051171462,0.4728986168110655,small
train,mt_break_exp3_num_98116_aug1,E:\Data (Drive)\IUH\DL\GK\surface-defect-detection\data\images\train\mt_break_exp3_num_98116_aug1.png,0.387778,0.950658,0.028889,0.078947,13.00005,23.999888000000002,0.002280699883,0.36592904100219137,small
train,mt_break_exp3_num_98116_aug1,E:\Data (Drive)\IUH\DL\GK\surface-defect-detection\data\images\train\mt_break_exp3_num_98116_aug1.png,0.222222,0.940789,0.088889,0.085526,40.00005,25.999904,0.007602320614,1.0393213759558495,small
train,mt_break_exp3_num_98116_aug1,E:\Data (Drive)\IUH\DL\GK\surface-defect-detection\data\images\train\mt_break_exp3_num_98116_aug1.png,0.074444,0.891447,0.055556,0.184211,25.0002,56.000144000000006,0.010234026316,0.3015889387713003,medium
train,mt_break_exp3_num_98116_aug1,E:\Data (Drive)\IUH\DL\GK\surface-defect-detection\data\images\train\mt_break_exp3_num_98116_aug1.png,0.48,0.046053,0.168889,0.085526,76.00005,25.999904,0.014444400614000001,1.974709445081028,medium
train,mt_break_exp3_num_98116_aug2,E:\Data (Drive)\IUH\DL\GK\surface-defect-detection\data\images\train\mt_break_exp3_num_98116_aug2.png,0.356667,0.026316,0.015556,0.032895,7.0002,10.00008,0.00051171462,0.4728986168110655,small
train,mt_break_exp3_num_98116_aug2,E:\Data (Drive)\IUH\DL\GK\surface-defect-detection\data\images\train\mt_break_exp3_num_98116_aug2.png,0.612222,0.049342,0.028889,0.078947,13.00005,23.999888000000002,0.002280699883,0.36592904100219137,small
train,mt_break_exp3_num_98116_aug2,E:\Data (Drive)\IUH\DL\GK\surface-defect-detection\data\images\train\mt_break_exp3_num_98116_aug2.png,0.777778,0.059211,0.088889,0.085526,40.00005,25.999904,0.007602320614,1.0393213759558495,small
train,mt_break_exp3_num_98116_aug2,E:\Data (Drive)\IUH\DL\GK\surface-defect-detection\data\images\train\mt_break_exp3_num_98116_aug2.png,0.925556,0.108553,0.055556,0.184211,25.0002,56.000144000000006,0.010234026316,0.3015889387713003,medium
train,mt_break_exp3_num_98116_aug2,E:\Data (Drive)\IUH\DL\GK\surface-defect-detection\data\images\train\mt_break_exp3_num_98116_aug2.png,0.52,0.953947,0.168889,0.085526,76.00005,25.999904,0.014444400614000001,1.974709445081028,medium
train,mt_break_exp4_num_105851,E:\Data (Drive)\IUH\DL\GK\surface-defect-detection\data\images\train\mt_break_exp4_num_105851.png,0.969256,0.408273,0.019417,0.442446,11.999706,122.999988,0.008590973982,0.04388558151729251,small
train,mt_break_exp4_num_105851_aug1,E:\Data (Drive)\IUH\DL\GK\surface-defect-detection\data\images\train\mt_break_exp4_num_105851_aug1.png,0.030744,0.408273,0.019417,0.442446,11.999706,122.999988,0.008590973982,0.04388558151729251,small
train,mt_break_exp4_num_105851_aug2,E:\Data (Drive)\IUH\DL\GK\surface-defect-detection\data\images\train\mt_break_exp4_num_105851_aug2.png,0.969256,0.591727,0.019417,0.442446,11.999706,122.999988,0.008590973982,0.04388558151729251,small
train,mt_break_exp4_num_116999,E:\Data (Drive)\IUH\DL\GK\surface-defect-detection\data\images\train\mt_break_exp4_num_116999.png,0.028053,0.457249,0.056106,0.513011,34.000236,137.999959,0.028782995166,0.10936607597108054,medium
train,mt_break_exp4_num_116999_aug1,E:\Data (Drive)\IUH\DL\GK\surface-defect-detection\data\images\train\mt_break_exp4_num_116999_aug1.png,0.971947,0.457249,0.056106,0.513011,34.000236,137.999959,0.028782995166,0.10936607597108054,medium
train,mt_break_exp4_num_116999_aug2,E:\Data (Drive)\IUH\DL\GK\surface-defect-detection\data\images\train\mt_break_exp4_num_116999_aug2.png,0.028053,0.542751,0.056106,0.513011,34.000236,137.999959,0.028782995166,0.10936607597108054,medium
train,mt_break_exp4_num_194236,E:\Data (Drive)\IUH\DL\GK\surface-defect-detection\data\images\train\mt_break_exp4_num_194236.png,0.780423,0.884735,0.005291,0.006231,0.999999,2.0001510000000002,3.2968221e-05,0.8491413898250681,small
train,mt_break_exp4_num_194236,E:\Data (Drive)\IUH\DL\GK\surface-defect-detection\data\images\train\mt_break_exp4_num_194236.png,0.873016,0.934579,0.253968,0.130841,47.99995200000001,41.999961000000006,0.03322942708800001,1.9410429452541635,medium
train,mt_break_exp4_num_194236,E:\Data (Drive)\IUH\DL\GK\surface-defect-detection\data\images\train\mt_break_exp4_num_194236.png,0.216931,0.029595,0.074074,0.05919,13.999986,18.99999,0.00438444006,1.2514613955059977,small
train,mt_break_exp4_num_194236_aug1,E:\Data (Drive)\IUH\DL\GK\surface-defect-detection\data\images\train\mt_break_exp4_num_194236_aug1.png,0.219577,0.884735,0.005291,0.006231,0.999999,2.0001510000000002,3.2968221e-05,0.8491413898250681,small
train,mt_break_exp4_num_194236_aug1,E:\Data (Drive)\IUH\DL\GK\surface-defect-detection\data\images\train\mt_break_exp4_num_194236_aug1.png,0.126984,0.934579,0.253968,0.130841,47.99995200000001,41.999961000000006,0.03322942708800001,1.9410429452541635,medium
train,mt_break_exp4_num_194236_aug1,E:\Data (Drive)\IUH\DL\GK\surface-defect-detection\data\images\train\mt_break_exp4_num_194236_aug1.png,0.783069,0.029595,0.074074,0.05919,13.999986,18.99999,0.00438444006,1.2514613955059977,small
train,mt_break_exp4_num_194236_aug2,E:\Data (Drive)\IUH\DL\GK\surface-defect-detection\data\images\train\mt_break_exp4_num_194236_aug2.png,0.780423,0.115265,0.005291,0.006231,0.999999,2.0001510000000002,3.2968221e-05,0.8491413898250681,small
train,mt_break_exp4_num_194236_aug2,E:\Data (Drive)\IUH\DL\GK\surface-defect-detection\data\images\train\mt_break_exp4_num_194236_aug2.png,0.873016,0.065421,0.253968,0.130841,47.99995200000001,41.999961000000006,0.03322942708800001,1.9410429452541635,medium
train,mt_break_exp4_num_194236_aug2,E:\Data (Drive)\IUH\DL\GK\surface-defect-detection\data\images\train\mt_break_exp4_num_194236_aug2.png,0.216931,0.970405,0.074074,0.05919,13.999986,18.99999,0.00438444006,1.2514613955059977,small
train,mt_break_exp4_num_241939,E:\Data (Drive)\IUH\DL\GK\surface-defect-detection\data\images\train\mt_break_exp4_num_241939.png,0.100985,0.040293,0.093596,0.080586,18.999988,21.999978000000002,0.007542527256,1.1614424341697067,small
train,mt_break_exp4_num_241939_aug1,E:\Data (Drive)\IUH\DL\GK\surface-defect-detection\data\images\train\mt_break_exp4_num_241939_aug1.png,0.899015,0.040293,0.093596,0.080586,18.999988,21.999978000000002,0.007542527256,1.1614424341697067,small
train,mt_break_exp4_num_241939_aug2,E:\Data (Drive)\IUH\DL\GK\surface-defect-detection\data\images\train\mt_break_exp4_num_241939_aug2.png,0.100985,0.959707,0.093596,0.080586,18.999988,21.999978000000002,0.007542527256,1.1614424341697067,small
train,mt_break_exp4_num_26163,E:\Data (Drive)\IUH\DL\GK\surface-defect-detection\data\images\train\mt_break_exp4_num_26163.png,0.152256,0.065079,0.18797,0.130159,100.00004,41.000085,0.02446598723,1.4441567621140299,medium
train,mt_break_exp4_num_26163_aug1,E:\Data (Drive)\IUH\DL\GK\surface-defect-detection\data\images\train\mt_break_exp4_num_26163_aug1.png,0.847744,0.065079,0.18797,0.130159,100.00004,41.000085,0.02446598723,1.4441567621140299,medium
train,mt_break_exp4_num_26163_aug2,E:\Data (Drive)\IUH\DL\GK\surface-defect-detection\data\images\train\mt_break_exp4_num_26163_aug2.png,0.152256,0.934921,0.18797,0.130159,100.00004,41.000085,0.02446598723,1.4441567621140299,medium
train,mt_break_exp4_num_271416,E:\Data (Drive)\IUH\DL\GK\surface-defect-detection\data\images\train\mt_break_exp4_num_271416.png,0.098624,0.069643,0.059633,0.139286,12.999994,39.00008,0.008306042037999999,0.4281334807518344,small
train,mt_break_exp4_num_271416_aug1,E:\Data (Drive)\IUH\DL\GK\surface-defect-detection\data\images\train\mt_break_exp4_num_271416_aug1.png,0.901376,0.069643,0.059633,0.139286,12.999994,39.00008,0.008306042037999999,0.4281334807518344,small
train,mt_break_exp4_num_271416_aug2,E:\Data (Drive)\IUH\DL\GK\surface-defect-detection\data\images\train\mt_break_exp4_num_271416_aug2.png,0.098624,0.930357,0.059633,0.139286,12.999994,39.00008,0.008306042037999999,0.4281334807518344,small
train,mt_break_exp4_num_276401,E:\Data (Drive)\IUH\DL\GK\surface-defect-detection\data\images\train\mt_break_exp4_num_276401.png,0.477679,0.021684,0.0625,0.043367,14.0,16.999864000000002,0.0027104375,1.441188000092236,small
train,mt_break_exp4_num_276401,E:\Data (Drive)\IUH\DL\GK\surface-defect-detection\data\images\train\mt_break_exp4_num_276401.png,0.345982,0.014031,0.058036,0.028061,13.000064,10.999912,0.001628548196,2.0682085456683654,small
train,mt_break_exp4_num_276401_aug1,E:\Data (Drive)\IUH\DL\GK\surface-defect-detection\data\images\train\mt_break_exp4_num_276401_aug1.png,0.522321,0.021684,0.0625,0.043367,14.0,16.999864000000002,0.0027104375,1.441188000092236,small
train,mt_break_exp4_num_276401_aug1,E:\Data (Drive)\IUH\DL\GK\surface-defect-detection\data\images\train\mt_break_exp4_num_276401_aug1.png,0.654018,0.014031,0.058036,0.028061,13.000064,10.999912,0.001628548196,2.0682085456683654,small
train,mt_break_exp4_num_276401_aug2,E:\Data (Drive)\IUH\DL\GK\surface-defect-detection\data\images\train\mt_break_exp4_num_276401_aug2.png,0.477679,0.978316,0.0625,0.043367,14.0,16.999864000000002,0.0027104375,1.441188000092236,small
train,mt_break_exp4_num_276401_aug2,E:\Data (Drive)\IUH\DL\GK\surface-defect-detection\data\images\train\mt_break_exp4_num_276401_aug2.png,0.345982,0.985969,0.058036,0.028061,13.000064,10.999912,0.001628548196,2.0682085456683654,small
train,mt_break_exp4_num_284532,E:\Data (Drive)\IUH\DL\GK\surface-defect-detection\data\images\train\mt_break_exp4_num_284532.png,0.5,0.671271,1.0,0.657459,247.0,238.000158,0.657459,1.5210073936169404,large
train,mt_break_exp4_num_284532_aug1,E:\Data (Drive)\IUH\DL\GK\surface-defect-detection\data\images\train\mt_break_exp4_num_284532_aug1.png,0.5,0.671271,1.0,0.657459,247.0,238.000158,0.657459,1.5210073936169404,large
train,mt_break_exp4_num_284532_aug2,E:\Data (Drive)\IUH\DL\GK\surface-defect-detection\data\images\train\mt_break_exp4_num_284532_aug2.png,0.5,0.328729,1.0,0.657459,247.0,238.000158,0.657459,1.5210073936169404,large
train,mt_break_exp4_num_348673,E:\Data (Drive)\IUH\DL\GK\surface-defect-detection\data\images\train\mt_break_exp4_num_348673.png,0.087209,0.060847,0.062016,0.068783,32.000256,25.999973999999998,0.004265646528,0.9016181323873632,small
train,mt_break_exp4_num_348673_aug1,E:\Data (Drive)\IUH\DL\GK\surface-defect-detection\data\images\train\mt_break_exp4_num_348673_aug1.png,0.912791,0.060847,0.062016,0.068783,32.000256,25.999973999999998,0.004265646528,0.9016181323873632,small
train,mt_break_exp4_num_348673_aug2,E:\Data (Drive)\IUH\DL\GK\surface-defect-detection\data\images\train\mt_break_exp4_num_348673_aug2.png,0.087209,0.939153,0.062016,0.068783,32.000256,25.999973999999998,0.004265646528,0.9016181323873632,small
train,mt_break_exp4_num_62606,E:\Data (Drive)\IUH\DL\GK\surface-defect-detection\data\images\train\mt_break_exp4_num_62606.png,0.804167,0.111702,0.225,0.223404,27.0,62.999928,0.0502659,1.0071440081645808,large
train,mt_break_exp4_num_62606_aug1,E:\Data (Drive)\IUH\DL\GK\surface-defect-detection\data\images\train\mt_break_exp4_num_62606_aug1.png,0.195833,0.111702,0.225,0.223404,27.0,62.999928,0.0502659,1.0071440081645808,large
train,mt_break_exp4_num_62606_aug2,E:\Data (Drive)\IUH\DL\GK\surface-defect-detection\data\images\train\mt_break_exp4_num_62606_aug2.png,0.804167,0.888298,0.225,0.223404,27.0,62.999928,0.0502659,1.0071440081645808,large
train,mt_break_exp4_num_98305,E:\Data (Drive)\IUH\DL\GK\surface-defect-detection\data\images\train\mt_break_exp4_num_98305.png,0.413851,0.972924,0.037162,0.054152,10.999952,15.000104,0.002012396624,0.6862535086423401,small
train,mt_break_exp4_num_98305,E:\Data (Drive)\IUH\DL\GK\surface-defect-detection\data\images\train\mt_break_exp4_num_98305.png,0.680743,0.958484,0.158784,0.083032,47.000064,22.999864,0.013184153088,1.9123229598227192,medium
train,mt_break_exp4_num_98305,E:\Data (Drive)\IUH\DL\GK\surface-defect-detection\data\images\train\mt_break_exp4_num_98305.png,0.893581,0.906137,0.084459,0.187726,24.999864000000002,52.000102,0.015855150234000002,0.4499057136464848,medium
train,mt_break_exp4_num_98305,E:\Data (Drive)\IUH\DL\GK\surface-defect-detection\data\images\train\mt_break_exp4_num_98305.png,0.271959,0.021661,0.266892,0.043321,79.000032,11.999917,0.011562028332,6.1607996121973185,medium
train,mt_break_exp4_num_98305_aug1,E:\Data (Drive)\IUH\DL\GK\surface-defect-detection\data\images\train\mt_break_exp4_num_98305_aug1.png,0.586149,0.972924,0.037162,0.054152,10.999952,15.000104,0.002012396624,0.6862535086423401,small
train,mt_break_exp4_num_98305_aug1,E:\Data (Drive)\IUH\DL\GK\surface-defect-detection\data\images\train\mt_break_exp4_num_98305_aug1.png,0.319257,0.958484,0.158784,0.083032,47.000064,22.999864,0.013184153088,1.9123229598227192,medium
train,mt_break_exp4_num_98305_aug1,E:\Data (Drive)\IUH\DL\GK\surface-defect-detection\data\images\train\mt_break_exp4_num_98305_aug1.png,0.106419,0.906137,0.084459,0.187726,24.999864000000002,52.000102,0.015855150234000002,0.4499057136464848,medium
train,mt_break_exp4_num_98305_aug1,E:\Data (Drive)\IUH\DL\GK\surface-defect-detection\data\images\train\mt_break_exp4_num_98305_aug1.png,0.728041,0.021661,0.266892,0.043321,79.000032,11.999917,0.011562028332,6.1607996121973185,medium
train,mt_break_exp4_num_98305_aug2,E:\Data (Drive)\IUH\DL\GK\surface-defect-detection\data\images\train\mt_break_exp4_num_98305_aug2.png,0.413851,0.027076,0.037162,0.054152,10.999952,15.000104,0.002012396624,0.6862535086423401,small
train,mt_break_exp4_num_98305_aug2,E:\Data (Drive)\IUH\DL\GK\surface-defect-detection\data\images\train\mt_break_exp4_num_98305_aug2.png,0.680743,0.041516,0.158784,0.083032,47.000064,22.999864,0.013184153088,1.9123229598227192,medium
train,mt_break_exp4_num_98305_aug2,E:\Data (Drive)\IUH\DL\GK\surface-defect-detection\data\images\train\mt_break_exp4_num_98305_aug2.png,0.893581,0.093863,0.084459,0.187726,24.999864000000002,52.000102,0.015855150234000002,0.4499057136464848,medium
train,mt_break_exp4_num_98305_aug2,E:\Data (Drive)\IUH\DL\GK\surface-defect-detection\data\images\train\mt_break_exp4_num_98305_aug2.png,0.271959,0.978339,0.266892,0.043321,79.000032,11.999917,0.011562028332,6.1607996121973185,medium
train,mt_break_exp5_num_105879,E:\Data (Drive)\IUH\DL\GK\surface-defect-detection\data\images\train\mt_break_exp5_num_105879.png,0.97545,0.38664,0.016367,0.473684,10.000237,116.999948,0.007752786028,0.034552570912253736,small
train,mt_break_exp5_num_105879,E:\Data (Drive)\IUH\DL\GK\surface-defect-detection\data\images\train\mt_break_exp5_num_105879.png,0.986088,0.139676,0.00491,0.012146,3.00001,3.0000620000000002,5.963686000000001e-05,0.40424831220154783,small
train,mt_break_exp5_num_105879_aug1,E:\Data (Drive)\IUH\DL\GK\surface-defect-detection\data\images\train\mt_break_exp5_num_105879_aug1.png,0.02455,0.38664,0.016367,0.473684,10.000237,116.999948,0.007752786028,0.034552570912253736,small
train,mt_break_exp5_num_105879_aug1,E:\Data (Drive)\IUH\DL\GK\surface-defect-detection\data\images\train\mt_break_exp5_num_105879_aug1.png,0.013912,0.139676,0.00491,0.012146,3.00001,3.0000620000000002,5.963686000000001e-05,0.40424831220154783,small
train,mt_break_exp5_num_105879_aug2,E:\Data (Drive)\IUH\DL\GK\surface-defect-detection\data\images\train\mt_break_exp5_num_105879_aug2.png,0.97545,0.61336,0.016367,0.473684,10.000237,116.999948,0.007752786028,0.034552570912253736,small
train,mt_break_exp5_num_105879_aug2,E:\Data (Drive)\IUH\DL\GK\surface-defect-detection\data\images\train\mt_break_exp5_num_105879_aug2.png,0.986088,0.860324,0.00491,0.012146,3.00001,3.0000620000000002,5.963686000000001e-05,0.40424831220154783,small
train,mt_break_exp5_num_149023,E:\Data (Drive)\IUH\DL\GK\surface-defect-detection\data\images\train\mt_break_exp5_num_149023.png,0.222764,0.949438,0.19187,0.101124,118.00005,27.000108,0.01940266188,1.8973735216170247,medium
train,mt_break_exp5_num_149023_aug1,E:\Data (Drive)\IUH\DL\GK\surface-defect-detection\data\images\train\mt_break_exp5_num_149023_aug1.png,0.777236,0.949438,0.19187,0.101124,118.00005,27.000108,0.01940266188,1.8973735216170247,medium
train,mt_break_exp5_num_149023_aug2,E:\Data (Drive)\IUH\DL\GK\surface-defect-detection\data\images\train\mt_break_exp5_num_149023_aug2.png,0.222764,0.050562,0.19187,0.101124,118.00005,27.000108,0.01940266188,1.8973735216170247,medium
train,mt_break_exp5_num_242089,E:\Data (Drive)\IUH\DL\GK\surface-defect-detection\data\images\train\mt_break_exp5_num_242089.png,0.0725,0.047101,0.085,0.07971,17.0,21.99996,0.006775350000000001,1.0663655752101369,small
train,mt_break_exp5_num_242089_aug1,E:\Data (Drive)\IUH\DL\GK\surface-defect-detection\data\images\train\mt_break_exp5_num_242089_aug1.png,0.9275,0.047101,0.085,0.07971,17.0,21.99996,0.006775350000000001,1.0663655752101369,small
train,mt_break_exp5_num_242089_aug2,E:\Data (Drive)\IUH\DL\GK\surface-defect-detection\data\images\train\mt_break_exp5_num_242089_aug2.png,0.0725,0.952899,0.085,0.07971,17.0,21.99996,0.006775350000000001,1.0663655752101369,small
train,mt_break_exp5_num_26212,E:\Data (Drive)\IUH\DL\GK\surface-defect-detection\data\images\train\mt_break_exp5_num_26212.png,0.105422,0.072755,0.210843,0.145511,104.999814,47.000053,0.030679975773,1.4489832383806036,medium
train,mt_break_exp5_num_26212_aug1,E:\Data (Drive)\IUH\DL\GK\surface-defect-detection\data\images\train\mt_break_exp5_num_26212_aug1.png,0.894578,0.072755,0.210843,0.145511,104.999814,47.000053,0.030679975773,1.4489832383806036,medium
train,mt_break_exp5_num_26212_aug2,E:\Data (Drive)\IUH\DL\GK\surface-defect-detection\data\images\train\mt_break_exp5_num_26212_aug2.png,0.105422,0.927245,0.210843,0.145511,104.999814,47.000053,0.030679975773,1.4489832383806036,medium
train,mt_break_exp5_num_276416,E:\Data (Drive)\IUH\DL\GK\surface-defect-detection\data\images\train\mt_break_exp5_num_276416.png,0.501976,0.015584,0.047431,0.031169,12.000043,12.000065,0.001478376839,1.5217363405948219,small
train,mt_break_exp5_num_276416,E:\Data (Drive)\IUH\DL\GK\surface-defect-detection\data\images\train\mt_break_exp5_num_276416.png,0.383399,0.007792,0.047431,0.015584,12.000043,5.99984,0.0007391647040000001,3.0435703285420943,small
train,mt_break_exp5_num_276416_aug1,E:\Data (Drive)\IUH\DL\GK\surface-defect-detection\data\images\train\mt_break_exp5_num_276416_aug1.png,0.498024,0.015584,0.047431,0.031169,12.000043,12.000065,0.001478376839,1.5217363405948219,small
train,mt_break_exp5_num_276416_aug1,E:\Data (Drive)\IUH\DL\GK\surface-defect-detection\data\images\train\mt_break_exp5_num_276416_aug1.png,0.616601,0.007792,0.047431,0.015584,12.000043,5.99984,0.0007391647040000001,3.0435703285420943,small
train,mt_break_exp5_num_276416_aug2,E:\Data (Drive)\IUH\DL\GK\surface-defect-detection\data\images\train\mt_break_exp5_num_276416_aug2.png,0.501976,0.984416,0.047431,0.031169,12.000043,12.000065,0.001478376839,1.5217363405948219,small
train,mt_break_exp5_num_276416_aug2,E:\Data (Drive)\IUH\DL\GK\surface-defect-detection\data\images\train\mt_break_exp5_num_276416_aug2.png,0.383399,0.992208,0.047431,0.015584,12.000043,5.99984,0.0007391647040000001,3.0435703285420943,small
train,mt_break_exp5_num_284552,E:\Data (Drive)\IUH\DL\GK\surface-defect-detection\data\images\train\mt_break_exp5_num_284552.png,0.5,0.669837,1.0,0.660326,257.0,242.999968,0.660326,1.5144034916086904,large
train,mt_break_exp5_num_284552_aug1,E:\Data (Drive)\IUH\DL\GK\surface-defect-detection\data\images\train\mt_break_exp5_num_284552_aug1.png,0.5,0.669837,1.0,0.660326,257.0,242.999968,0.660326,1.5144034916086904,large
train,mt_break_exp5_num_284552_aug2,E:\Data (Drive)\IUH\DL\GK\surface-defect-detection\data\images\train\mt_break_exp5_num_284552_aug2.png,0.5,0.330163,1.0,0.660326,257.0,242.999968,0.660326,1.5144034916086904,large
train,mt_break_exp5_num_348696,E:\Data (Drive)\IUH\DL\GK\surface-defect-detection\data\images\train\mt_break_exp5_num_348696.png,0.077603,0.059055,0.064833,0.070866,32.999997,26.999945999999998,0.004594455378,0.9148674964016595,small
train,mt_break_exp5_num_348696_aug1,E:\Data (Drive)\IUH\DL\GK\surface-defect-detection\data\images\train\mt_break_exp5_num_348696_aug1.png,0.922397,0.059055,0.064833,0.070866,32.999997,26.999945999999998,0.004594455378,0.9148674964016595,small
train,mt_break_exp5_num_348696_aug2,E:\Data (Drive)\IUH\DL\GK\surface-defect-detection\data\images\train\mt_break_exp5_num_348696_aug2.png,0.077603,0.940945,0.064833,0.070866,32.999997,26.999945999999998,0.004594455378,0.9148674964016595,small
train,mt_break_exp5_num_356780,E:\Data (Drive)\IUH\DL\GK\surface-defect-detection\data\images\train\mt_break_exp5_num_356780.png,0.932617,0.950392,0.103516,0.041775,53.000192,15.999825,0.0043243809,2.4779413524835427,small
train,mt_break_exp5_num_356780_aug1,E:\Data (Drive)\IUH\DL\GK\surface-defect-detection\data\images\train\mt_break_exp5_num_356780_aug1.png,0.067383,0.950392,0.103516,0.041775,53.000192,15.999825,0.0043243809,2.4779413524835427,small
train,mt_break_exp5_num_356780_aug2,E:\Data (Drive)\IUH\DL\GK\surface-defect-detection\data\images\train\mt_break_exp5_num_356780_aug2.png,0.932617,0.049608,0.103516,0.041775,53.000192,15.999825,0.0043243809,2.4779413524835427,small
train,mt_break_exp5_num_62619,E:\Data (Drive)\IUH\DL\GK\surface-defect-detection\data\images\train\mt_break_exp5_num_62619.png,0.77459,0.110526,0.221311,0.221053,26.999942,63.000105,0.048921460483,1.001167140911908,medium
train,mt_break_exp5_num_62619_aug1,E:\Data (Drive)\IUH\DL\GK\surface-defect-detection\data\images\train\mt_break_exp5_num_62619_aug1.png,0.22541,0.110526,0.221311,0.221053,26.999942,63.000105,0.048921460483,1.001167140911908,medium
train,mt_break_exp5_num_62619_aug2,E:\Data (Drive)\IUH\DL\GK\surface-defect-detection\data\images\train\mt_break_exp5_num_62619_aug2.png,0.77459,0.889474,0.221311,0.221053,26.999942,63.000105,0.048921460483,1.001167140911908,medium
train,mt_break_exp6_num_105927,E:\Data (Drive)\IUH\DL\GK\surface-defect-detection\data\images\train\mt_break_exp6_num_105927.png,0.98036,0.378968,0.016367,0.464286,10.000237,117.00007199999999,0.007598968962,0.03525197830647489,small
train,mt_break_exp6_num_105927_aug1,E:\Data (Drive)\IUH\DL\GK\surface-defect-detection\data\images\train\mt_break_exp6_num_105927_aug1.png,0.01964,0.378968,0.016367,0.464286,10.000237,117.00007199999999,0.007598968962,0.03525197830647489,small
train,mt_break_exp6_num_105927_aug2,E:\Data (Drive)\IUH\DL\GK\surface-defect-detection\data\images\train\mt_break_exp6_num_105927_aug2.png,0.98036,0.621032,0.016367,0.464286,10.000237,117.00007199999999,0.007598968962,0.03525197830647489,small
train,mt_break_exp6_num_117060,E:\Data (Drive)\IUH\DL\GK\surface-defect-detection\data\images\train\mt_break_exp6_num_117060.png,0.027869,0.472222,0.055738,0.537037,34.00018,144.99999,0.029933368306,0.1037880071577936,medium
train,mt_break_exp6_num_117060_aug1,E:\Data (Drive)\IUH\DL\GK\surface-defect-detection\data\images\train\mt_break_exp6_num_117060_aug1.png,0.972131,0.472222,0.055738,0.537037,34.00018,144.99999,0.029933368306,0.1037880071577936,medium
train,mt_break_exp6_num_117060_aug2,E:\Data (Drive)\IUH\DL\GK\surface-defect-detection\data\images\train\mt_break_exp6_num_117060_aug2.png,0.027869,0.527778,0.055738,0.537037,34.00018,144.99999,0.029933368306,0.1037880071577936,medium
train,mt_break_exp6_num_149097,E:\Data (Drive)\IUH\DL\GK\surface-defect-detection\data\images\train\mt_break_exp6_num_149097.png,0.219931,0.956604,0.213058,0.086792,123.999756,22.999879999999997,0.018491729935999998,2.4548115033643656,medium
train,mt_break_exp6_num_149097_aug1,E:\Data (Drive)\IUH\DL\GK\surface-defect-detection\data\images\train\mt_break_exp6_num_149097_aug1.png,0.780069,0.956604,0.213058,0.086792,123.999756,22.999879999999997,0.018491729935999998,2.4548115033643656,medium
train,mt_break_exp6_num_149097_aug2,E:\Data (Drive)\IUH\DL\GK\surface-defect-detection\data\images\train\mt_break_exp6_num_149097_aug2.png,0.219931,0.043396,0.213058,0.086792,123.999756,22.999879999999997,0.018491729935999998,2.4548115033643656,medium
train,mt_break_exp6_num_271512,E:\Data (Drive)\IUH\DL\GK\surface-defect-detection\data\images\train\mt_break_exp6_num_271512.png,0.061611,0.084483,0.066351,0.155172,14.000060999999999,44.999880000000005,0.010295817371999999,0.42759647359059616,medium
train,mt_break_exp6_num_271512_aug1,E:\Data (Drive)\IUH\DL\GK\surface-defect-detection\data\images\train\mt_break_exp6_num_271512_aug1.png,0.938389,0.084483,0.066351,0.155172,14.000060999999999,44.999880000000005,0.010295817371999999,0.42759647359059616,medium
train,mt_break_exp6_num_271512_aug2,E:\Data (Drive)\IUH\DL\GK\surface-defect-detection\data\images\train\mt_break_exp6_num_271512_aug2.png,0.061611,0.915517,0.066351,0.155172,14.000060999999999,44.999880000000005,0.010295817371999999,0.42759647359059616,medium
train,mt_break_exp6_num_276451,E:\Data (Drive)\IUH\DL\GK\surface-defect-detection\data\images\train\mt_break_exp6_num_276451.png,0.511538,0.011598,0.046154,0.023196,12.00004,9.000048000000001,0.001070588184,1.989739610277634,small
train,mt_break_exp6_num_276451_aug1,E:\Data (Drive)\IUH\DL\GK\surface-defect-detection\data\images\train\mt_break_exp6_num_276451_aug1.png,0.488462,0.011598,0.046154,0.023196,12.00004,9.000048000000001,0.001070588184,1.989739610277634,small
train,mt_break_exp6_num_276451_aug2,E:\Data (Drive)\IUH\DL\GK\surface-defect-detection\data\images\train\mt_break_exp6_num_276451_aug2.png,0.511538,0.988402,0.046154,0.023196,12.00004,9.000048000000001,0.001070588184,1.989739610277634,small
train,mt_break_exp6_num_284593,E:\Data (Drive)\IUH\DL\GK\surface-defect-detection\data\images\train\mt_break_exp6_num_284593.png,0.5,0.668022,1.0,0.663957,263.0,245.000133,0.663957,1.5061216313707062,large
train,mt_break_exp6_num_284593_aug1,E:\Data (Drive)\IUH\DL\GK\surface-defect-detection\data\images\train\mt_break_exp6_num_284593_aug1.png,0.5,0.668022,1.0,0.663957,263.0,245.000133,0.663957,1.5061216313707062,large
train,mt_break_exp6_num_284593_aug2,E:\Data (Drive)\IUH\DL\GK\surface-defect-detection\data\images\train\mt_break_exp6_num_284593_aug2.png,0.5,0.331978,1.0,0.663957,263.0,245.000133,0.663957,1.5061216313707062,large
train,mt_break_exp6_num_320759,E:\Data (Drive)\IUH\DL\GK\surface-defect-detection\data\images\train\mt_break_exp6_num_320759.png,0.886486,0.863095,0.108108,0.083333,19.99998,20.999916000000002,0.009008963964,1.2973011892047568,small
train,mt_break_exp6_num_320759_aug1,E:\Data (Drive)\IUH\DL\GK\surface-defect-detection\data\images\train\mt_break_exp6_num_320759_aug1.png,0.113514,0.863095,0.108108,0.083333,19.99998,20.999916000000002,0.009008963964,1.2973011892047568,small
train,mt_break_exp6_num_320759_aug2,E:\Data (Drive)\IUH\DL\GK\surface-defect-detection\data\images\train\mt_break_exp6_num_320759_aug2.png,0.886486,0.136905,0.108108,0.083333,19.99998,20.999916000000002,0.009008963964,1.2973011892047568,small
train,mt_break_exp6_num_348888,E:\Data (Drive)\IUH\DL\GK\surface-defect-detection\data\images\train\mt_break_exp6_num_348888.png,0.07377,0.057895,0.069672,0.068421,33.999936,25.999979999999997,0.004767027912,1.0182838602183542,small
train,mt_break_exp6_num_348888_aug1,E:\Data (Drive)\IUH\DL\GK\surface-defect-detection\data\images\train\mt_break_exp6_num_348888_aug1.png,0.92623,0.057895,0.069672,0.068421,33.999936,25.999979999999997,0.004767027912,1.0182838602183542,small
train,mt_break_exp6_num_348888_aug2,E:\Data (Drive)\IUH\DL\GK\surface-defect-detection\data\images\train\mt_break_exp6_num_348888_aug2.png,0.07377,0.942105,0.069672,0.068421,33.999936,25.999979999999997,0.004767027912,1.0182838602183542,small
train,mt_break_exp6_num_356817,E:\Data (Drive)\IUH\DL\GK\surface-defect-detection\data\images\train\mt_break_exp6_num_356817.png,0.927875,0.948819,0.116959,0.044619,59.999967,16.999838999999998,0.005218593620999999,2.621282413321679,small
train,mt_break_exp6_num_356817_aug1,E:\Data (Drive)\IUH\DL\GK\surface-defect-detection\data\images\train\mt_break_exp6_num_356817_aug1.png,0.072125,0.948819,0.116959,0.044619,59.999967,16.999838999999998,0.005218593620999999,2.621282413321679,small
train,mt_break_exp6_num_356817_aug2,E:\Data (Drive)\IUH\DL\GK\surface-defect-detection\data\images\train\mt_break_exp6_num_356817_aug2.png,0.927875,0.051181,0.116959,0.044619,59.999967,16.999838999999998,0.005218593620999999,2.621282413321679,small
train,mt_break_exp6_num_62649,E:\Data (Drive)\IUH\DL\GK\surface-defect-detection\data\images\train\mt_break_exp6_num_62649.png,0.769565,0.116838,0.252174,0.233677,29.00001,68.000007,0.058927263798,1.0791562712633251,large
train,mt_break_exp6_num_62649_aug1,E:\Data (Drive)\IUH\DL\GK\surface-defect-detection\data\images\train\mt_break_exp6_num_62649_aug1.png,0.230435,0.116838,0.252174,0.233677,29.00001,68.000007,0.058927263798,1.0791562712633251,large
train,mt_break_exp6_num_62649_aug2,E:\Data (Drive)\IUH\DL\GK\surface-defect-detection\data\images\train\mt_break_exp6_num_62649_aug2.png,0.769565,0.883162,0.252174,0.233677,29.00001,68.000007,0.058927263798,1.0791562712633251,large
train,mt_break_exp6_num_98402,E:\Data (Drive)\IUH\DL\GK\surface-defect-detection\data\images\train\mt_break_exp6_num_98402.png,0.404676,0.947811,0.068345,0.090909,18.99991,26.999973,0.006213175605,0.7517957517957518,small
train,mt_break_exp6_num_98402,E:\Data (Drive)\IUH\DL\GK\surface-defect-detection\data\images\train\mt_break_exp6_num_98402.png,0.660072,0.936027,0.161871,0.094276,45.000138,27.999972,0.015260550395999998,1.7169905384191098,medium
train,mt_break_exp6_num_98402,E:\Data (Drive)\IUH\DL\GK\surface-defect-detection\data\images\train\mt_break_exp6_num_98402.png,0.902878,0.872054,0.086331,0.195286,24.000018,57.999942,0.016859235666,0.4420747006953904,medium
train,mt_break_exp6_num_98402,E:\Data (Drive)\IUH\DL\GK\surface-defect-detection\data\images\train\mt_break_exp6_num_98402.png,0.226619,0.03367,0.323741,0.06734,89.999998,19.99998,0.021800718939999998,4.8075586575586575,medium
train,mt_break_exp6_num_98402_aug1,E:\Data (Drive)\IUH\DL\GK\surface-defect-detection\data\images\train\mt_break_exp6_num_98402_aug1.png,0.595324,0.947811,0.068345,0.090909,18.99991,26.999973,0.006213175605,0.7517957517957518,small
train,mt_break_exp6_num_98402_aug1,E:\Data (Drive)\IUH\DL\GK\surface-defect-detection\data\images\train\mt_break_exp6_num_98402_aug1.png,0.339928,0.936027,0.161871,0.094276,45.000138,27.999972,0.015260550395999998,1.7169905384191098,medium
train,mt_break_exp6_num_98402_aug1,E:\Data (Drive)\IUH\DL\GK\surface-defect-detection\data\images\train\mt_break_exp6_num_98402_aug1.png,0.097122,0.872054,0.086331,0.195286,24.000018,57.999942,0.016859235666,0.4420747006953904,medium
train,mt_break_exp6_num_98402_aug1,E:\Data (Drive)\IUH\DL\GK\surface-defect-detection\data\images\train\mt_break_exp6_num_98402_aug1.png,0.773381,0.03367,0.323741,0.06734,89.999998,19.99998,0.021800718939999998,4.8075586575586575,medium
train,mt_break_exp6_num_98402_aug2,E:\Data (Drive)\IUH\DL\GK\surface-defect-detection\data\images\train\mt_break_exp6_num_98402_aug2.png,0.404676,0.052189,0.068345,0.090909,18.99991,26.999973,0.006213175605,0.7517957517957518,small
train,mt_break_exp6_num_98402_aug2,E:\Data (Drive)\IUH\DL\GK\surface-defect-detection\data\images\train\mt_break_exp6_num_98402_aug2.png,0.660072,0.063973,0.161871,0.094276,45.000138,27.999972,0.015260550395999998,1.7169905384191098,medium
train,mt_break_exp6_num_98402_aug2,E:\Data (Drive)\IUH\DL\GK\surface-defect-detection\data\images\train\mt_break_exp6_num_98402_aug2.png,0.902878,0.127946,0.086331,0.195286,24.000018,57.999942,0.016859235666,0.4420747006953904,medium
train,mt_break_exp6_num_98402_aug2,E:\Data (Drive)\IUH\DL\GK\surface-defect-detection\data\images\train\mt_break_exp6_num_98402_aug2.png,0.226619,0.96633,0.323741,0.06734,89.999998,19.99998,0.021800718939999998,4.8075586575586575,medium
train,mt_crack_exp1_num_249594,E:\Data (Drive)\IUH\DL\GK\surface-defect-detection\data\images\train\mt_crack_exp1_num_249594.png,0.456621,0.481061,0.063927,0.962121,14.000013,253.999944,0.061505509167,0.06644382567265447,large
train,mt_crack_exp1_num_249594_aug1,E:\Data (Drive)\IUH\DL\GK\surface-defect-detection\data\images\train\mt_crack_exp1_num_249594_aug1.png,0.543379,0.481061,0.063927,0.962121,14.000013,253.999944,0.061505509167,0.06644382567265447,large
train,mt_crack_exp1_num_249594_aug2,E:\Data (Drive)\IUH\DL\GK\surface-defect-detection\data\images\train\mt_crack_exp1_num_249594_aug2.png,0.456621,0.518939,0.063927,0.962121,14.000013,253.999944,0.061505509167,0.06644382567265447,large
train,mt_crack_exp1_num_265613,E:\Data (Drive)\IUH\DL\GK\surface-defect-detection\data\images\train\mt_crack_exp1_num_265613.png,0.733202,0.972441,0.027668,0.055118,7.000004000000001,20.999958,0.0015250048240000001,0.5019775753837222,small
train,mt_crack_exp1_num_265613,E:\Data (Drive)\IUH\DL\GK\surface-defect-detection\data\images\train\mt_crack_exp1_num_265613.png,0.407115,0.023622,0.071146,0.047244,17.999938,17.999964000000002,0.0033612216240000003,1.5059266785200236,small
train,mt_crack_exp1_num_265613_aug1,E:\Data (Drive)\IUH\DL\GK\surface-defect-detection\data\images\train\mt_crack_exp1_num_265613_aug1.png,0.266798,0.972441,0.027668,0.055118,7.000004000000001,20.999958,0.0015250048240000001,0.5019775753837222,small
train,mt_crack_exp1_num_265613_aug1,E:\Data (Drive)\IUH\DL\GK\surface-defect-detection\data\images\train\mt_crack_exp1_num_265613_aug1.png,0.592885,0.023622,0.071146,0.047244,17.999938,17.999964000000002,0.0033612216240000003,1.5059266785200236,small
train,mt_crack_exp1_num_265613_aug2,E:\Data (Drive)\IUH\DL\GK\surface-defect-detection\data\images\train\mt_crack_exp1_num_265613_aug2.png,0.733202,0.027559,0.027668,0.055118,7.000004000000001,20.999958,0.0015250048240000001,0.5019775753837222,small
train,mt_crack_exp1_num_265613_aug2,E:\Data (Drive)\IUH\DL\GK\surface-defect-detection\data\images\train\mt_crack_exp1_num_265613_aug2.png,0.407115,0.976378,0.071146,0.047244,17.999938,17.999964000000002,0.0033612216240000003,1.5059266785200236,small
train,mt_crack_exp1_num_276355,E:\Data (Drive)\IUH\DL\GK\surface-defect-detection\data\images\train\mt_crack_exp1_num_276355.png,0.508475,0.015424,0.050847,0.030848,11.999892000000001,11.999872,0.001568528256,1.6483078319502076,small
train,mt_crack_exp1_num_276355,E:\Data (Drive)\IUH\DL\GK\surface-defect-detection\data\images\train\mt_crack_exp1_num_276355.png,0.381356,0.006427,0.042373,0.012853,10.000028,4.999817,0.000544620169,3.296740060686221,small
train,mt_crack_exp1_num_276355_aug1,E:\Data (Drive)\IUH\DL\GK\surface-defect-detection\data\images\train\mt_crack_exp1_num_276355_aug1.png,0.491525,0.015424,0.050847,0.030848,11.999892000000001,11.999872,0.001568528256,1.6483078319502076,small
train,mt_crack_exp1_num_276355_aug1,E:\Data (Drive)\IUH\DL\GK\surface-defect-detection\data\images\train\mt_crack_exp1_num_276355_aug1.png,0.618644,0.006427,0.042373,0.012853,10.000028,4.999817,0.000544620169,3.296740060686221,small
train,mt_crack_exp1_num_276355_aug2,E:\Data (Drive)\IUH\DL\GK\surface-defect-detection\data\images\train\mt_crack_exp1_num_276355_aug2.png,0.508475,0.984576,0.050847,0.030848,11.999892000000001,11.999872,0.001568528256,1.6483078319502076,small
train,mt_crack_exp1_num_276355_aug2,E:\Data (Drive)\IUH\DL\GK\surface-defect-detection\data\images\train\mt_crack_exp1_num_276355_aug2.png,0.381356,0.993573,0.042373,0.012853,10.000028,4.999817,0.000544620169,3.296740060686221,small
train,mt_crack_exp1_num_32128,E:\Data (Drive)\IUH\DL\GK\surface-defect-detection\data\images\train\mt_crack_exp1_num_32128.png,0.204918,0.942105,0.311475,0.115789,37.99995,32.999865,0.036065378775000004,2.6900223682733246,medium
train,mt_crack_exp1_num_32128_aug1,E:\Data (Drive)\IUH\DL\GK\surface-defect-detection\data\images\train\mt_crack_exp1_num_32128_aug1.png,0.795082,0.942105,0.311475,0.115789,37.99995,32.999865,0.036065378775000004,2.6900223682733246,medium
train,mt_crack_exp1_num_32128_aug2,E:\Data (Drive)\IUH\DL\GK\surface-defect-detection\data\images\train\mt_crack_exp1_num_32128_aug2.png,0.204918,0.057895,0.311475,0.115789,37.99995,32.999865,0.036065378775000004,2.6900223682733246,medium
train,mt_crack_exp1_num_342140,E:\Data (Drive)\IUH\DL\GK\surface-defect-detection\data\images\train\mt_crack_exp1_num_342140.png,0.7019,0.057796,0.016627,0.115591,6.999967,42.999852,0.001921931557,0.1438433788097689,small
train,mt_crack_exp1_num_342140,E:\Data (Drive)\IUH\DL\GK\surface-defect-detection\data\images\train\mt_crack_exp1_num_342140.png,0.516627,0.063172,0.026128,0.126344,10.999887999999999,46.999968,0.003301116032,0.20680048122585953,small
train,mt_crack_exp1_num_342140_aug1,E:\Data (Drive)\IUH\DL\GK\surface-defect-detection\data\images\train\mt_crack_exp1_num_342140_aug1.png,0.2981,0.057796,0.016627,0.115591,6.999967,42.999852,0.001921931557,0.1438433788097689,small
train,mt_crack_exp1_num_342140_aug1,E:\Data (Drive)\IUH\DL\GK\surface-defect-detection\data\images\train\mt_crack_exp1_num_342140_aug1.png,0.483373,0.063172,0.026128,0.126344,10.999887999999999,46.999968,0.003301116032,0.20680048122585953,small
train,mt_crack_exp1_num_342140_aug2,E:\Data (Drive)\IUH\DL\GK\surface-defect-detection\data\images\train\mt_crack_exp1_num_342140_aug2.png,0.7019,0.942204,0.016627,0.115591,6.999967,42.999852,0.001921931557,0.1438433788097689,small
train,mt_crack_exp1_num_342140_aug2,E:\Data (Drive)\IUH\DL\GK\surface-defect-detection\data\images\train\mt_crack_exp1_num_342140_aug2.png,0.516627,0.936828,0.026128,0.126344,10.999887999999999,46.999968,0.003301116032,0.20680048122585953,small
train,mt_crack_exp1_num_85781,E:\Data (Drive)\IUH\DL\GK\surface-defect-detection\data\images\train\mt_crack_exp1_num_85781.png,0.536304,0.797521,0.009901,0.404959,6.000006,98.000078,0.004009499059,0.024449388703547768,small
train,mt_crack_exp1_num_85781_aug1,E:\Data (Drive)\IUH\DL\GK\surface-defect-detection\data\images\train\mt_crack_exp1_num_85781_aug1.png,0.463696,0.797521,0.009901,0.404959,6.000006,98.000078,0.004009499059,0.024449388703547768,small
train,mt_crack_exp1_num_85781_aug2,E:\Data (Drive)\IUH\DL\GK\surface-defect-detection\data\images\train\mt_crack_exp1_num_85781_aug2.png,0.536304,0.202479,0.009901,0.404959,6.000006,98.000078,0.004009499059,0.024449388703547768,small
train,mt_crack_exp2_num_116527,E:\Data (Drive)\IUH\DL\GK\surface-defect-detection\data\images\train\mt_crack_exp2_num_116527.png,0.305842,0.17847,0.116838,0.124646,33.999857999999996,44.000038,0.014563389348,0.9373585995539366,medium
train,mt_crack_exp2_num_116527_aug1,E:\Data (Drive)\IUH\DL\GK\surface-defect-detection\data\images\train\mt_crack_exp2_num_116527_aug1.png,0.694158,0.17847,0.116838,0.124646,33.999857999999996,44.000038,0.014563389348,0.9373585995539366,medium
train,mt_crack_exp2_num_116527_aug2,E:\Data (Drive)\IUH\DL\GK\surface-defect-detection\data\images\train\mt_crack_exp2_num_116527_aug2.png,0.305842,0.82153,0.116838,0.124646,33.999857999999996,44.000038,0.014563389348,0.9373585995539366,medium
train,mt_crack_exp2_num_249619,E:\Data (Drive)\IUH\DL\GK\surface-defect-detection\data\images\train\mt_crack_exp2_num_249619.png,0.457014,0.488636,0.063348,0.977273,13.999908,258.000072,0.061908290004,0.06482119121269082,large
train,mt_crack_exp2_num_249619_aug1,E:\Data (Drive)\IUH\DL\GK\surface-defect-detection\data\images\train\mt_crack_exp2_num_249619_aug1.png,0.542986,0.488636,0.063348,0.977273,13.999908,258.000072,0.061908290004,0.06482119121269082,large
train,mt_crack_exp2_num_249619_aug2,E:\Data (Drive)\IUH\DL\GK\surface-defect-detection\data\images\train\mt_crack_exp2_num_249619_aug2.png,0.457014,0.511364,0.063348,0.977273,13.999908,258.000072,0.061908290004,0.06482119121269082,large
train,mt_crack_exp2_num_265639,E:\Data (Drive)\IUH\DL\GK\surface-defect-detection\data\images\train\mt_crack_exp2_num_265639.png,0.721154,0.968668,0.042308,0.062663,11.000079999999999,23.999928999999998,0.0026511462039999997,0.6751671640361936,small
train,mt_crack_exp2_num_265639,E:\Data (Drive)\IUH\DL\GK\surface-defect-detection\data\images\train\mt_crack_exp2_num_265639.png,0.419231,0.022193,0.069231,0.044386,18.00006,16.999838,0.003072887166,1.5597485693687199,small
train,mt_crack_exp2_num_265639_aug1,E:\Data (Drive)\IUH\DL\GK\surface-defect-detection\data\images\train\mt_crack_exp2_num_265639_aug1.png,0.278846,0.968668,0.042308,0.062663,11.000079999999999,23.999928999999998,0.0026511462039999997,0.6751671640361936,small
train,mt_crack_exp2_num_265639_aug1,E:\Data (Drive)\IUH\DL\GK\surface-defect-detection\data\images\train\mt_crack_exp2_num_265639_aug1.png,0.580769,0.022193,0.069231,0.044386,18.00006,16.999838,0.003072887166,1.5597485693687199,small
train,mt_crack_exp2_num_265639_aug2,E:\Data (Drive)\IUH\DL\GK\surface-defect-detection\data\images\train\mt_crack_exp2_num_265639_aug2.png,0.721154,0.031332,0.042308,0.062663,11.000079999999999,23.999928999999998,0.0026511462039999997,0.6751671640361936,small
train,mt_crack_exp2_num_265639_aug2,E:\Data (Drive)\IUH\DL\GK\surface-defect-detection\data\images\train\mt_crack_exp2_num_265639_aug2.png,0.419231,0.977807,0.069231,0.044386,18.00006,16.999838,0.003072887166,1.5597485693687199,small
train,mt_crack_exp2_num_32153,E:\Data (Drive)\IUH\DL\GK\surface-defect-detection\data\images\train\mt_crack_exp2_num_32153.png,0.205882,0.94086,0.294118,0.11828,35.000042,33.000119999999995,0.034788277039999996,2.4866249577274266,medium
train,mt_crack_exp2_num_32153_aug1,E:\Data (Drive)\IUH\DL\GK\surface-defect-detection\data\images\train\mt_crack_exp2_num_32153_aug1.png,0.794118,0.94086,0.294118,0.11828,35.000042,33.000119999999995,0.034788277039999996,2.4866249577274266,medium
train,mt_crack_exp2_num_32153_aug2,E:\Data (Drive)\IUH\DL\GK\surface-defect-detection\data\images\train\mt_crack_exp2_num_32153_aug2.png,0.205882,0.05914,0.294118,0.11828,35.000042,33.000119999999995,0.034788277039999996,2.4866249577274266,medium
train,mt_crack_exp2_num_342162,E:\Data (Drive)\IUH\DL\GK\surface-defect-detection\data\images\train\mt_crack_exp2_num_342162.png,0.697701,0.05914,0.02069,0.11828,9.00015,44.00016,0.0024472132,0.1749239093676023,small
train,mt_crack_exp2_num_342162,E:\Data (Drive)\IUH\DL\GK\surface-defect-detection\data\images\train\mt_crack_exp2_num_342162.png,0.52069,0.081989,0.029885,0.163978,12.999975,60.999816,0.00490048253,0.18225005793460095,small
train,mt_crack_exp2_num_342162_aug1,E:\Data (Drive)\IUH\DL\GK\surface-defect-detection\data\images\train\mt_crack_exp2_num_342162_aug1.png,0.302299,0.05914,0.02069,0.11828,9.00015,44.00016,0.0024472132,0.1749239093676023,small
train,mt_crack_exp2_num_342162_aug1,E:\Data (Drive)\IUH\DL\GK\surface-defect-detection\data\images\train\mt_crack_exp2_num_342162_aug1.png,0.47931,0.081989,0.029885,0.163978,12.999975,60.999816,0.00490048253,0.18225005793460095,small
train,mt_crack_exp2_num_342162_aug2,E:\Data (Drive)\IUH\DL\GK\surface-defect-detection\data\images\train\mt_crack_exp2_num_342162_aug2.png,0.697701,0.94086,0.02069,0.11828,9.00015,44.00016,0.0024472132,0.1749239093676023,small
train,mt_crack_exp2_num_342162_aug2,E:\Data (Drive)\IUH\DL\GK\surface-defect-detection\data\images\train\mt_crack_exp2_num_342162_aug2.png,0.52069,0.918011,0.029885,0.163978,12.999975,60.999816,0.00490048253,0.18225005793460095,small
train,mt_crack_exp2_num_85846,E:\Data (Drive)\IUH\DL\GK\surface-defect-detection\data\images\train\mt_crack_exp2_num_85846.png,0.543002,0.807377,0.013491,0.385246,8.000163,94.000024,0.0051973537859999995,0.035019182548293816,small
train,mt_crack_exp2_num_85846_aug1,E:\Data (Drive)\IUH\DL\GK\surface-defect-detection\data\images\train\mt_crack_exp2_num_85846_aug1.png,0.456998,0.807377,0.013491,0.385246,8.000163,94.000024,0.0051973537859999995,0.035019182548293816,small
train,mt_crack_exp2_num_85846_aug2,E:\Data (Drive)\IUH\DL\GK\surface-defect-detection\data\images\train\mt_crack_exp2_num_85846_aug2.png,0.543002,0.192623,0.013491,0.385246,8.000163,94.000024,0.0051973537859999995,0.035019182548293816,small
train,mt_crack_exp3_num_116541,E:\Data (Drive)\IUH\DL\GK\surface-defect-detection\data\images\train\mt_crack_exp3_num_116541.png,0.309365,0.187328,0.117057,0.121212,35.000043,43.999956,0.014188713084,0.9657212157212157,medium
train,mt_crack_exp3_num_116541_aug1,E:\Data (Drive)\IUH\DL\GK\surface-defect-detection\data\images\train\mt_crack_exp3_num_116541_aug1.png,0.690635,0.187328,0.117057,0.121212,35.000043,43.999956,0.014188713084,0.9657212157212157,medium
train,mt_crack_exp3_num_116541_aug2,E:\Data (Drive)\IUH\DL\GK\surface-defect-detection\data\images\train\mt_crack_exp3_num_116541_aug2.png,0.309365,0.812672,0.117057,0.121212,35.000043,43.999956,0.014188713084,0.9657212157212157,medium
train,mt_crack_exp3_num_249637,E:\Data (Drive)\IUH\DL\GK\surface-defect-detection\data\images\train\mt_crack_exp3_num_249637.png,0.45279,0.465278,0.072961,0.923611,16.999913,265.99996799999997,0.067387582171,0.078995377924256,large
train,mt_crack_exp3_num_249637_aug1,E:\Data (Drive)\IUH\DL\GK\surface-defect-detection\data\images\train\mt_crack_exp3_num_249637_aug1.png,0.54721,0.465278,0.072961,0.923611,16.999913,265.99996799999997,0.067387582171,0.078995377924256,large
train,mt_crack_exp3_num_249637_aug2,E:\Data (Drive)\IUH\DL\GK\surface-defect-detection\data\images\train\mt_crack_exp3_num_249637_aug2.png,0.45279,0.534722,0.072961,0.923611,16.999913,265.99996799999997,0.067387582171,0.078995377924256,large
train,mt_crack_exp3_num_32171,E:\Data (Drive)\IUH\DL\GK\surface-defect-detection\data\images\train\mt_crack_exp3_num_32171.png,0.1875,0.938406,0.308333,0.123188,36.99996,33.999888,0.037982925604000004,2.502946715589181,medium
train,mt_crack_exp3_num_32171_aug1,E:\Data (Drive)\IUH\DL\GK\surface-defect-detection\data\images\train\mt_crack_exp3_num_32171_aug1.png,0.8125,0.938406,0.308333,0.123188,36.99996,33.999888,0.037982925604000004,2.502946715589181,medium
train,mt_crack_exp3_num_32171_aug2,E:\Data (Drive)\IUH\DL\GK\surface-defect-detection\data\images\train\mt_crack_exp3_num_32171_aug2.png,0.1875,0.061594,0.308333,0.123188,36.99996,33.999888,0.037982925604000004,2.502946715589181,medium
train,mt_crack_exp3_num_339854,E:\Data (Drive)\IUH\DL\GK\surface-defect-detection\data\images\train\mt_crack_exp3_num_339854.png,0.284653,0.070292,0.014851,0.114058,5.999804,42.999866000000004,0.0016938753580000002,0.13020568482701783,small
train,mt_crack_exp3_num_339854_aug1,E:\Data (Drive)\IUH\DL\GK\surface-defect-detection\data\images\train\mt_crack_exp3_num_339854_aug1.png,0.715347,0.070292,0.014851,0.114058,5.999804,42.999866000000004,0.0016938753580000002,0.13020568482701783,small
train,mt_crack_exp3_num_339854_aug2,E:\Data (Drive)\IUH\DL\GK\surface-defect-detection\data\images\train\mt_crack_exp3_num_339854_aug2.png,0.284653,0.929708,0.014851,0.114058,5.999804,42.999866000000004,0.0016938753580000002,0.13020568482701783,small
train,mt_crack_exp3_num_342176,E:\Data (Drive)\IUH\DL\GK\surface-defect-detection\data\images\train\mt_crack_exp3_num_342176.png,0.510514,0.098214,0.035047,0.165816,15.000116,64.999872,0.005811353352,0.21136078544893136,small
train,mt_crack_exp3_num_342176,E:\Data (Drive)\IUH\DL\GK\surface-defect-detection\data\images\train\mt_crack_exp3_num_342176.png,0.689252,0.079082,0.023364,0.147959,9.999792,57.999928000000004,0.003456914076,0.1579086098175846,small
train,mt_crack_exp3_num_342176_aug1,E:\Data (Drive)\IUH\DL\GK\surface-defect-detection\data\images\train\mt_crack_exp3_num_342176_aug1.png,0.489486,0.098214,0.035047,0.165816,15.000116,64.999872,0.005811353352,0.21136078544893136,small
train,mt_crack_exp3_num_342176_aug1,E:\Data (Drive)\IUH\DL\GK\surface-defect-detection\data\images\train\mt_crack_exp3_num_342176_aug1.png,0.310748,0.079082,0.023364,0.147959,9.999792,57.999928000000004,0.003456914076,0.1579086098175846,small
train,mt_crack_exp3_num_342176_aug2,E:\Data (Drive)\IUH\DL\GK\surface-defect-detection\data\images\train\mt_crack_exp3_num_342176_aug2.png,0.510514,0.901786,0.035047,0.165816,15.000116,64.999872,0.005811353352,0.21136078544893136,small
train,mt_crack_exp3_num_342176_aug2,E:\Data (Drive)\IUH\DL\GK\surface-defect-detection\data\images\train\mt_crack_exp3_num_342176_aug2.png,0.689252,0.920918,0.023364,0.147959,9.999792,57.999928000000004,0.003456914076,0.1579086098175846,small
train,mt_crack_exp3_num_85897,E:\Data (Drive)\IUH\DL\GK\surface-defect-detection\data\images\train\mt_crack_exp3_num_85897.png,0.538779,0.797959,0.011551,0.404082,6.999906,99.00009,0.004667551182,0.028585782093733452,small
train,mt_crack_exp3_num_85897_aug1,E:\Data (Drive)\IUH\DL\GK\surface-defect-detection\data\images\train\mt_crack_exp3_num_85897_aug1.png,0.461221,0.797959,0.011551,0.404082,6.999906,99.00009,0.004667551182,0.028585782093733452,small
train,mt_crack_exp3_num_85897_aug2,E:\Data (Drive)\IUH\DL\GK\surface-defect-detection\data\images\train\mt_crack_exp3_num_85897_aug2.png,0.538779,0.202041,0.011551,0.404082,6.999906,99.00009,0.004667551182,0.028585782093733452,small
train,mt_crack_exp4_num_116553,E:\Data (Drive)\IUH\DL\GK\surface-defect-detection\data\images\train\mt_crack_exp4_num_116553.png,0.293624,0.185754,0.124161,0.120112,36.999978,43.000096,0.014913226031999998,1.0337102038097776,medium
train,mt_crack_exp4_num_116553_aug1,E:\Data (Drive)\IUH\DL\GK\surface-defect-detection\data\images\train\mt_crack_exp4_num_116553_aug1.png,0.706376,0.185754,0.124161,0.120112,36.999978,43.000096,0.014913226031999998,1.0337102038097776,medium
train,mt_crack_exp4_num_116553_aug2,E:\Data (Drive)\IUH\DL\GK\surface-defect-detection\data\images\train\mt_crack_exp4_num_116553_aug2.png,0.293624,0.814246,0.124161,0.120112,36.999978,43.000096,0.014913226031999998,1.0337102038097776,medium
train,mt_crack_exp4_num_3234,E:\Data (Drive)\IUH\DL\GK\surface-defect-detection\data\images\train\mt_crack_exp4_num_3234.png,0.679128,0.149606,0.056075,0.299213,18.000075,114.000153,0.016778368975,0.18740830110991166,medium
train,mt_crack_exp4_num_3234_aug1,E:\Data (Drive)\IUH\DL\GK\surface-defect-detection\data\images\train\mt_crack_exp4_num_3234_aug1.png,0.320872,0.149606,0.056075,0.299213,18.000075,114.000153,0.016778368975,0.18740830110991166,medium
train,mt_crack_exp4_num_3234_aug2,E:\Data (Drive)\IUH\DL\GK\surface-defect-detection\data\images\train\mt_crack_exp4_num_3234_aug2.png,0.679128,0.850394,0.056075,0.299213,18.000075,114.000153,0.016778368975,0.18740830110991166,medium
train,mt_crack_exp4_num_339867,E:\Data (Drive)\IUH\DL\GK\surface-defect-detection\data\images\train\mt_crack_exp4_num_339867.png,0.185237,0.063014,0.019499,0.120548,7.000140999999999,44.00002,0.002350565452,0.1617529946577297,small
train,mt_crack_exp4_num_339867_aug1,E:\Data (Drive)\IUH\DL\GK\surface-defect-detection\data\images\train\mt_crack_exp4_num_339867_aug1.png,0.814763,0.063014,0.019499,0.120548,7.000140999999999,44.00002,0.002350565452,0.1617529946577297,small
train,mt_crack_exp4_num_339867_aug2,E:\Data (Drive)\IUH\DL\GK\surface-defect-detection\data\images\train\mt_crack_exp4_num_339867_aug2.png,0.185237,0.936986,0.019499,0.120548,7.000140999999999,44.00002,0.002350565452,0.1617529946577297,small
train,mt_crack_exp4_num_342190,E:\Data (Drive)\IUH\DL\GK\surface-defect-detection\data\images\train\mt_crack_exp4_num_342190.png,0.77193,0.069519,0.02924,0.139037,10.000079999999999,51.999838,0.0040654418799999995,0.21030373210008846,small
train,mt_crack_exp4_num_342190,E:\Data (Drive)\IUH\DL\GK\surface-defect-detection\data\images\train\mt_crack_exp4_num_342190.png,0.54386,0.093583,0.046784,0.187166,16.000128,70.000084,0.008756374144,0.24995992861951422,small
train,mt_crack_exp4_num_342190_aug1,E:\Data (Drive)\IUH\DL\GK\surface-defect-detection\data\images\train\mt_crack_exp4_num_342190_aug1.png,0.22807,0.069519,0.02924,0.139037,10.000079999999999,51.999838,0.0040654418799999995,0.21030373210008846,small
train,mt_crack_exp4_num_342190_aug1,E:\Data (Drive)\IUH\DL\GK\surface-defect-detection\data\images\train\mt_crack_exp4_num_342190_aug1.png,0.45614,0.093583,0.046784,0.187166,16.000128,70.000084,0.008756374144,0.24995992861951422,small
train,mt_crack_exp4_num_342190_aug2,E:\Data (Drive)\IUH\DL\GK\surface-defect-detection\data\images\train\mt_crack_exp4_num_342190_aug2.png,0.77193,0.930481,0.02924,0.139037,10.000079999999999,51.999838,0.0040654418799999995,0.21030373210008846,small
train,mt_crack_exp4_num_342190_aug2,E:\Data (Drive)\IUH\DL\GK\surface-defect-detection\data\images\train\mt_crack_exp4_num_342190_aug2.png,0.54386,0.906417,0.046784,0.187166,16.000128,70.000084,0.008756374144,0.24995992861951422,small
train,mt_crack_exp4_num_85602,E:\Data (Drive)\IUH\DL\GK\surface-defect-detection\data\images\train\mt_crack_exp4_num_85602.png,0.541946,0.780769,0.013423,0.438462,8.000107999999999,114.00012000000001,0.005885475426,0.030613827424041305,small
train,mt_crack_exp4_num_85602_aug1,E:\Data (Drive)\IUH\DL\GK\surface-defect-detection\data\images\train\mt_crack_exp4_num_85602_aug1.png,0.458054,0.780769,0.013423,0.438462,8.000107999999999,114.00012000000001,0.005885475426,0.030613827424041305,small
train,mt_crack_exp4_num_85602_aug2,E:\Data (Drive)\IUH\DL\GK\surface-defect-detection\data\images\train\mt_crack_exp4_num_85602_aug2.png,0.541946,0.219231,0.013423,0.438462,8.000107999999999,114.00012000000001,0.005885475426,0.030613827424041305,small
train,mt_crack_exp5_num_339932,E:\Data (Drive)\IUH\DL\GK\surface-defect-detection\data\images\train\mt_crack_exp5_num_339932.png,0.346756,0.04878,0.013423,0.097561,6.000081,36.000009,0.0013095613029999998,0.1375857156035711,small
train,mt_crack_exp5_num_339932_aug1,E:\Data (Drive)\IUH\DL\GK\surface-defect-detection\data\images\train\mt_crack_exp5_num_339932_aug1.png,0.653244,0.04878,0.013423,0.097561,6.000081,36.000009,0.0013095613029999998,0.1375857156035711,small
train,mt_crack_exp5_num_339932_aug2,E:\Data (Drive)\IUH\DL\GK\surface-defect-detection\data\images\train\mt_crack_exp5_num_339932_aug2.png,0.346756,0.95122,0.013423,0.097561,6.000081,36.000009,0.0013095613029999998,0.1375857156035711,small
train,mt_crack_exp5_num_342212,E:\Data (Drive)\IUH\DL\GK\surface-defect-detection\data\images\train\mt_crack_exp5_num_342212.png,0.667092,0.06366,0.028061,0.127321,10.999912,48.00001699999999,0.0035727545809999994,0.2203956927765255,small
train,mt_crack_exp5_num_342212,E:\Data (Drive)\IUH\DL\GK\surface-defect-detection\data\images\train\mt_crack_exp5_num_342212.png,0.469388,0.087533,0.040816,0.175066,15.999872,65.999882,0.007145493855999999,0.23314635623136415,small
train,mt_crack_exp5_num_342212_aug1,E:\Data (Drive)\IUH\DL\GK\surface-defect-detection\data\images\train\mt_crack_exp5_num_342212_aug1.png,0.332908,0.06366,0.028061,0.127321,10.999912,48.00001699999999,0.0035727545809999994,0.2203956927765255,small
train,mt_crack_exp5_num_342212_aug1,E:\Data (Drive)\IUH\DL\GK\surface-defect-detection\data\images\train\mt_crack_exp5_num_342212_aug1.png,0.530612,0.087533,0.040816,0.175066,15.999872,65.999882,0.007145493855999999,0.23314635623136415,small
train,mt_crack_exp5_num_342212_aug2,E:\Data (Drive)\IUH\DL\GK\surface-defect-detection\data\images\train\mt_crack_exp5_num_342212_aug2.png,0.667092,0.93634,0.028061,0.127321,10.999912,48.00001699999999,0.0035727545809999994,0.2203956927765255,small
train,mt_crack_exp5_num_342212_aug2,E:\Data (Drive)\IUH\DL\GK\surface-defect-detection\data\images\train\mt_crack_exp5_num_342212_aug2.png,0.469388,0.912467,0.040816,0.175066,15.999872,65.999882,0.007145493855999999,0.23314635623136415,small
train,mt_crack_exp5_num_88170,E:\Data (Drive)\IUH\DL\GK\surface-defect-detection\data\images\train\mt_crack_exp5_num_88170.png,0.539232,0.803279,0.010017,0.393443,6.000183,96.000092,0.003941118531,0.025459850600976507,small
train,mt_crack_exp5_num_88170_aug1,E:\Data (Drive)\IUH\DL\GK\surface-defect-detection\data\images\train\mt_crack_exp5_num_88170_aug1.png,0.460768,0.803279,0.010017,0.393443,6.000183,96.000092,0.003941118531,0.025459850600976507,small
train,mt_crack_exp5_num_88170_aug2,E:\Data (Drive)\IUH\DL\GK\surface-defect-detection\data\images\train\mt_crack_exp5_num_88170_aug2.png,0.539232,0.196721,0.010017,0.393443,6.000183,96.000092,0.003941118531,0.025459850600976507,small
train,mt_crack_exp6_num_116623,E:\Data (Drive)\IUH\DL\GK\surface-defect-detection\data\images\train\mt_crack_exp6_num_116623.png,0.283217,0.163768,0.125874,0.124638,35.999964000000006,43.00011,0.015688683612,1.009916718817696,medium
train,mt_crack_exp6_num_116623_aug1,E:\Data (Drive)\IUH\DL\GK\surface-defect-detection\data\images\train\mt_crack_exp6_num_116623_aug1.png,0.716783,0.163768,0.125874,0.124638,35.999964000000006,43.00011,0.015688683612,1.009916718817696,medium
train,mt_crack_exp6_num_116623_aug2,E:\Data (Drive)\IUH\DL\GK\surface-defect-detection\data\images\train\mt_crack_exp6_num_116623_aug2.png,0.283217,0.836232,0.125874,0.124638,35.999964000000006,43.00011,0.015688683612,1.009916718817696,medium
train,mt_crack_exp6_num_249821,E:\Data (Drive)\IUH\DL\GK\surface-defect-detection\data\images\train\mt_crack_exp6_num_249821.png,0.437811,0.478102,0.079602,0.956204,16.000002000000002,261.99989600000004,0.07611575080800001,0.08324792617474933,large
train,mt_crack_exp6_num_249821_aug1,E:\Data (Drive)\IUH\DL\GK\surface-defect-detection\data\images\train\mt_crack_exp6_num_249821_aug1.png,0.562189,0.478102,0.079602,0.956204,16.000002000000002,261.99989600000004,0.07611575080800001,0.08324792617474933,large
train,mt_crack_exp6_num_249821_aug2,E:\Data (Drive)\IUH\DL\GK\surface-defect-detection\data\images\train\mt_crack_exp6_num_249821_aug2.png,0.437811,0.521898,0.079602,0.956204,16.000002000000002,261.99989600000004,0.07611575080800001,0.08324792617474933,large
train,mt_crack_exp6_num_265737,E:\Data (Drive)\IUH\DL\GK\surface-defect-detection\data\images\train\mt_crack_exp6_num_265737.png,0.707627,0.963731,0.042373,0.072539,10.000028,28.000054000000002,0.0030736950470000002,0.5841409448710349,small
train,mt_crack_exp6_num_265737,E:\Data (Drive)\IUH\DL\GK\surface-defect-detection\data\images\train\mt_crack_exp6_num_265737.png,0.375,0.024611,0.080508,0.049223,18.999888,19.000078000000002,0.003962845284,1.6355768644739246,small
train,mt_crack_exp6_num_265737_aug1,E:\Data (Drive)\IUH\DL\GK\surface-defect-detection\data\images\train\mt_crack_exp6_num_265737_aug1.png,0.292373,0.963731,0.042373,0.072539,10.000028,28.000054000000002,0.0030736950470000002,0.5841409448710349,small
train,mt_crack_exp6_num_265737_aug1,E:\Data (Drive)\IUH\DL\GK\surface-defect-detection\data\images\train\mt_crack_exp6_num_265737_aug1.png,0.625,0.024611,0.080508,0.049223,18.999888,19.000078000000002,0.003962845284,1.6355768644739246,small
train,mt_crack_exp6_num_265737_aug2,E:\Data (Drive)\IUH\DL\GK\surface-defect-detection\data\images\train\mt_crack_exp6_num_265737_aug2.png,0.707627,0.036269,0.042373,0.072539,10.000028,28.000054000000002,0.0030736950470000002,0.5841409448710349,small
train,mt_crack_exp6_num_265737_aug2,E:\Data (Drive)\IUH\DL\GK\surface-defect-detection\data\images\train\mt_crack_exp6_num_265737_aug2.png,0.375,0.975389,0.080508,0.049223,18.999888,19.000078000000002,0.003962845284,1.6355768644739246,small
train,mt_crack_exp6_num_32235,E:\Data (Drive)\IUH\DL\GK\surface-defect-detection\data\images\train\mt_crack_exp6_num_32235.png,0.179688,0.940972,0.265625,0.118056,34.0,34.000128,0.031358625,2.249991529443654,medium
train,mt_crack_exp6_num_32235_aug1,E:\Data (Drive)\IUH\DL\GK\surface-defect-detection\data\images\train\mt_crack_exp6_num_32235_aug1.png,0.820312,0.940972,0.265625,0.118056,34.0,34.000128,0.031358625,2.249991529443654,medium
train,mt_crack_exp6_num_32235_aug2,E:\Data (Drive)\IUH\DL\GK\surface-defect-detection\data\images\train\mt_crack_exp6_num_32235_aug2.png,0.179688,0.059028,0.265625,0.118056,34.0,34.000128,0.031358625,2.249991529443654,medium
train,mt_crack_exp6_num_3279,E:\Data (Drive)\IUH\DL\GK\surface-defect-detection\data\images\train\mt_crack_exp6_num_3279.png,0.771028,0.151316,0.042056,0.302632,17.999968000000003,115.00016000000001,0.012727491392,0.13896745882788336,medium
train,mt_crack_exp6_num_3279_aug1,E:\Data (Drive)\IUH\DL\GK\surface-defect-detection\data\images\train\mt_crack_exp6_num_3279_aug1.png,0.228972,0.151316,0.042056,0.302632,17.999968000000003,115.00016000000001,0.012727491392,0.13896745882788336,medium
train,mt_crack_exp6_num_3279_aug2,E:\Data (Drive)\IUH\DL\GK\surface-defect-detection\data\images\train\mt_crack_exp6_num_3279_aug2.png,0.771028,0.848684,0.042056,0.302632,17.999968000000003,115.00016000000001,0.012727491392,0.13896745882788336,medium
train,mt_crack_exp6_num_339965,E:\Data (Drive)\IUH\DL\GK\surface-defect-detection\data\images\train\mt_crack_exp6_num_339965.png,0.208101,0.061404,0.013966,0.107769,4.999828,42.999831,0.001505101854,0.12959199769878163,small
train,mt_crack_exp6_num_339965_aug1,E:\Data (Drive)\IUH\DL\GK\surface-defect-detection\data\images\train\mt_crack_exp6_num_339965_aug1.png,0.791899,0.061404,0.013966,0.107769,4.999828,42.999831,0.001505101854,0.12959199769878163,small
train,mt_crack_exp6_num_339965_aug2,E:\Data (Drive)\IUH\DL\GK\surface-defect-detection\data\images\train\mt_crack_exp6_num_339965_aug2.png,0.208101,0.938596,0.013966,0.107769,4.999828,42.999831,0.001505101854,0.12959199769878163,small
train,mt_crack_exp6_num_342249,E:\Data (Drive)\IUH\DL\GK\surface-defect-detection\data\images\train\mt_crack_exp6_num_342249.png,0.701408,0.073201,0.022535,0.136476,7.999925,54.999827999999994,0.0030754866599999996,0.1651206072862628,small
train,mt_crack_exp6_num_342249,E:\Data (Drive)\IUH\DL\GK\surface-defect-detection\data\images\train\mt_crack_exp6_num_342249.png,0.483099,0.099256,0.042254,0.188586,15.00017,76.000158,0.007968512844,0.2240569289342793,small
train,mt_crack_exp6_num_342249_aug1,E:\Data (Drive)\IUH\DL\GK\surface-defect-detection\data\images\train\mt_crack_exp6_num_342249_aug1.png,0.298592,0.073201,0.022535,0.136476,7.999925,54.999827999999994,0.0030754866599999996,0.1651206072862628,small
train,mt_crack_exp6_num_342249_aug1,E:\Data (Drive)\IUH\DL\GK\surface-defect-detection\data\images\train\mt_crack_exp6_num_342249_aug1.png,0.516901,0.099256,0.042254,0.188586,15.00017,76.000158,0.007968512844,0.2240569289342793,small
train,mt_crack_exp6_num_342249_aug2,E:\Data (Drive)\IUH\DL\GK\surface-defect-detection\data\images\train\mt_crack_exp6_num_342249_aug2.png,0.701408,0.926799,0.022535,0.136476,7.999925,54.999827999999994,0.0030754866599999996,0.1651206072862628,small
train,mt_crack_exp6_num_342249_aug2,E:\Data (Drive)\IUH\DL\GK\surface-defect-detection\data\images\train\mt_crack_exp6_num_342249_aug2.png,0.483099,0.900744,0.042254,0.188586,15.00017,76.000158,0.007968512844,0.2240569289342793,small
train,mt_crack_exp6_num_85665,E:\Data (Drive)\IUH\DL\GK\surface-defect-detection\data\images\train\mt_crack_exp6_num_85665.png,0.537037,0.789256,0.013468,0.421488,7.999992000000001,102.000096,0.005676600384,0.031953460122233615,small
train,mt_crack_exp6_num_85665_aug1,E:\Data (Drive)\IUH\DL\GK\surface-defect-detection\data\images\train\mt_crack_exp6_num_85665_aug1.png,0.462963,0.789256,0.013468,0.421488,7.999992000000001,102.000096,0.005676600384,0.031953460122233615,small
train,mt_crack_exp6_num_85665_aug2,E:\Data (Drive)\IUH\DL\GK\surface-defect-detection\data\images\train\mt_crack_exp6_num_85665_aug2.png,0.537037,0.210744,0.013468,0.421488,7.999992000000001,102.000096,0.005676600384,0.031953460122233615,small
train,mt_fray_exp0_num_797,E:\Data (Drive)\IUH\DL\GK\surface-defect-detection\data\images\train\mt_fray_exp0_num_797.png,0.955943,0.973164,0.030738,0.053672,15.000144,18.999888,0.001649769936,0.5727008496050082,small
train,mt_fray_exp0_num_797_aug1,E:\Data (Drive)\IUH\DL\GK\surface-defect-detection\data\images\train\mt_fray_exp0_num_797_aug1.png,0.044057,0.973164,0.030738,0.053672,15.000144,18.999888,0.001649769936,0.5727008496050082,small
train,mt_fray_exp0_num_797_aug2,E:\Data (Drive)\IUH\DL\GK\surface-defect-detection\data\images\train\mt_fray_exp0_num_797_aug2.png,0.955943,0.026836,0.030738,0.053672,15.000144,18.999888,0.001649769936,0.5727008496050082,small
train,mt_fray_exp1_num_258511,E:\Data (Drive)\IUH\DL\GK\surface-defect-detection\data\images\train\mt_fray_exp1_num_258511.png,0.517241,0.533846,0.474138,0.932308,110.000016,303.00010000000003,0.442042650504,0.5085636935433354,large
train,mt_fray_exp1_num_258511_aug1,E:\Data (Drive)\IUH\DL\GK\surface-defect-detection\data\images\train\mt_fray_exp1_num_258511_aug1.png,0.482759,0.533846,0.474138,0.932308,110.000016,303.00010000000003,0.442042650504,0.5085636935433354,large
train,mt_fray_exp1_num_258511_aug2,E:\Data (Drive)\IUH\DL\GK\surface-defect-detection\data\images\train\mt_fray_exp1_num_258511_aug2.png,0.517241,0.466154,0.474138,0.932308,110.000016,303.00010000000003,0.442042650504,0.5085636935433354,large
train,mt_fray_exp1_num_331149,E:\Data (Drive)\IUH\DL\GK\surface-defect-detection\data\images\train\mt_fray_exp1_num_331149.png,0.108401,0.034946,0.124661,0.043011,45.999908999999995,16.000092,0.005361794271,2.898351584478389,small
train,mt_fray_exp1_num_331149_aug1,E:\Data (Drive)\IUH\DL\GK\surface-defect-detection\data\images\train\mt_fray_exp1_num_331149_aug1.png,0.891599,0.034946,0.124661,0.043011,45.999908999999995,16.000092,0.005361794271,2.898351584478389,small
train,mt_fray_exp1_num_331149_aug2,E:\Data (Drive)\IUH\DL\GK\surface-defect-detection\data\images\train\mt_fray_exp1_num_331149_aug2.png,0.108401,0.965054,0.124661,0.043011,45.999908999999995,16.000092,0.005361794271,2.898351584478389,small
train,mt_fray_exp2_num_135572,E:\Data (Drive)\IUH\DL\GK\surface-defect-detection\data\images\train\mt_fray_exp2_num_135572.png,0.138796,0.94332,0.143813,0.11336,86.000174,27.99992,0.01630264168,1.268639731827805,medium
train,mt_fray_exp2_num_135572_aug1,E:\Data (Drive)\IUH\DL\GK\surface-defect-detection\data\images\train\mt_fray_exp2_num_135572_aug1.png,0.861204,0.94332,0.143813,0.11336,86.000174,27.99992,0.01630264168,1.268639731827805,medium
train,mt_fray_exp2_num_135572_aug2,E:\Data (Drive)\IUH\DL\GK\surface-defect-detection\data\images\train\mt_fray_exp2_num_135572_aug2.png,0.138796,0.05668,0.143813,0.11336,86.000174,27.99992,0.01630264168,1.268639731827805,medium
train,mt_fray_exp2_num_136286,E:\Data (Drive)\IUH\DL\GK\surface-defect-detection\data\images\train\mt_fray_exp2_num_136286.png,0.520548,0.441558,0.325342,0.666667,189.999728,154.000077,0.21689477511400002,0.48801275599362204,large
train,mt_fray_exp2_num_136286_aug1,E:\Data (Drive)\IUH\DL\GK\surface-defect-detection\data\images\train\mt_fray_exp2_num_136286_aug1.png,0.479452,0.441558,0.325342,0.666667,189.999728,154.000077,0.21689477511400002,0.48801275599362204,large
train,mt_fray_exp2_num_136286_aug2,E:\Data (Drive)\IUH\DL\GK\surface-defect-detection\data\images\train\mt_fray_exp2_num_136286_aug2.png,0.520548,0.558442,0.325342,0.666667,189.999728,154.000077,0.21689477511400002,0.48801275599362204,large
train,mt_fray_exp2_num_20390,E:\Data (Drive)\IUH\DL\GK\surface-defect-detection\data\images\train\mt_fray_exp2_num_20390.png,0.480226,0.5,0.40678,1.0,216.00018,308.0,0.40678,0.40678,large
train,mt_fray_exp2_num_20390_aug1,E:\Data (Drive)\IUH\DL\GK\surface-defect-detection\data\images\train\mt_fray_exp2_num_20390_aug1.png,0.519774,0.5,0.40678,1.0,216.00018,308.0,0.40678,0.40678,large
train,mt_fray_exp2_num_20390_aug2,E:\Data (Drive)\IUH\DL\GK\surface-defect-detection\data\images\train\mt_fray_exp2_num_20390_aug2.png,0.480226,0.5,0.40678,1.0,216.00018,308.0,0.40678,0.40678,large
train,mt_fray_exp2_num_258536,E:\Data (Drive)\IUH\DL\GK\surface-defect-detection\data\images\train\mt_fray_exp2_num_258536.png,0.536017,0.541787,0.690678,0.916427,163.000008,318.00016899999997,0.632955967506,0.7536639579584626,large
train,mt_fray_exp2_num_258536_aug1,E:\Data (Drive)\IUH\DL\GK\surface-defect-detection\data\images\train\mt_fray_exp2_num_258536_aug1.png,0.463983,0.541787,0.690678,0.916427,163.000008,318.00016899999997,0.632955967506,0.7536639579584626,large
train,mt_fray_exp2_num_258536_aug2,E:\Data (Drive)\IUH\DL\GK\surface-defect-detection\data\images\train\mt_fray_exp2_num_258536_aug2.png,0.536017,0.458213,0.690678,0.916427,163.000008,318.00016899999997,0.632955967506,0.7536639579584626,large
train,mt_fray_exp2_num_77559,E:\Data (Drive)\IUH\DL\GK\surface-defect-detection\data\images\train\mt_fray_exp2_num_77559.png,0.955372,0.860262,0.08595,0.253275,51.99975,57.99997499999999,0.021768986249999997,0.33935445661830027,medium
train,mt_fray_exp2_num_77559,E:\Data (Drive)\IUH\DL\GK\surface-defect-detection\data\images\train\mt_fray_exp2_num_77559.png,0.1,0.556769,0.180165,0.886463,108.999825,203.000027,0.15970960639499998,0.20324029316508416,large
train,mt_fray_exp2_num_77559_aug1,E:\Data (Drive)\IUH\DL\GK\surface-defect-detection\data\images\train\mt_fray_exp2_num_77559_aug1.png,0.044628,0.860262,0.08595,0.253275,51.99975,57.99997499999999,0.021768986249999997,0.33935445661830027,medium
train,mt_fray_exp2_num_77559_aug1,E:\Data (Drive)\IUH\DL\GK\surface-defect-detection\data\images\train\mt_fray_exp2_num_77559_aug1.png,0.9,0.556769,0.180165,0.886463,108.999825,203.000027,0.15970960639499998,0.20324029316508416,large
train,mt_fray_exp2_num_77559_aug2,E:\Data (Drive)\IUH\DL\GK\surface-defect-detection\data\images\train\mt_fray_exp2_num_77559_aug2.png,0.955372,0.139738,0.08595,0.253275,51.99975,57.99997499999999,0.021768986249999997,0.33935445661830027,medium
train,mt_fray_exp2_num_77559_aug2,E:\Data (Drive)\IUH\DL\GK\surface-defect-detection\data\images\train\mt_fray_exp2_num_77559_aug2.png,0.1,0.443231,0.180165,0.886463,108.999825,203.000027,0.15970960639499998,0.20324029316508416,large
train,mt_fray_exp3_num_135593,E:\Data (Drive)\IUH\DL\GK\surface-defect-detection\data\images\train\mt_fray_exp3_num_135593.png,0.155,0.930279,0.13,0.139442,78.0,34.999942000000004,0.01812746,0.9322872592188867,medium
train,mt_fray_exp3_num_135593_aug1,E:\Data (Drive)\IUH\DL\GK\surface-defect-detection\data\images\train\mt_fray_exp3_num_135593_aug1.png,0.845,0.930279,0.13,0.139442,78.0,34.999942000000004,0.01812746,0.9322872592188867,medium
train,mt_fray_exp3_num_135593_aug2,E:\Data (Drive)\IUH\DL\GK\surface-defect-detection\data\images\train\mt_fray_exp3_num_135593_aug2.png,0.155,0.069721,0.13,0.139442,78.0,34.999942000000004,0.01812746,0.9322872592188867,medium
train,mt_fray_exp3_num_136351,E:\Data (Drive)\IUH\DL\GK\surface-defect-detection\data\images\train\mt_fray_exp3_num_136351.png,0.505824,0.458506,0.31614,0.626556,190.00014,150.999996,0.19807941384,0.5045678279355715,large
train,mt_fray_exp3_num_136351_aug1,E:\Data (Drive)\IUH\DL\GK\surface-defect-detection\data\images\train\mt_fray_exp3_num_136351_aug1.png,0.494176,0.458506,0.31614,0.626556,190.00014,150.999996,0.19807941384,0.5045678279355715,large
train,mt_fray_exp3_num_136351_aug2,E:\Data (Drive)\IUH\DL\GK\surface-defect-detection\data\images\train\mt_fray_exp3_num_136351_aug2.png,0.505824,0.541494,0.31614,0.626556,190.00014,150.999996,0.19807941384,0.5045678279355715,large
train,mt_fray_exp3_num_258558,E:\Data (Drive)\IUH\DL\GK\surface-defect-detection\data\images\train\mt_fray_exp3_num_258558.png,0.081349,0.951389,0.154762,0.097222,39.000024,34.99992,0.015046271164000001,1.591841352780235,medium
train,mt_fray_exp3_num_258558,E:\Data (Drive)\IUH\DL\GK\surface-defect-detection\data\images\train\mt_fray_exp3_num_258558.png,0.577381,0.55,0.821429,0.9,207.00010799999998,324.0,0.7392861,0.9126988888888888,large
train,mt_fray_exp3_num_258558_aug1,E:\Data (Drive)\IUH\DL\GK\surface-defect-detection\data\images\train\mt_fray_exp3_num_258558_aug1.png,0.918651,0.951389,0.154762,0.097222,39.000024,34.99992,0.015046271164000001,1.591841352780235,medium
train,mt_fray_exp3_num_258558_aug1,E:\Data (Drive)\IUH\DL\GK\surface-defect-detection\data\images\train\mt_fray_exp3_num_258558_aug1.png,0.422619,0.55,0.821429,0.9,207.00010799999998,324.0,0.7392861,0.9126988888888888,large
train,mt_fray_exp3_num_258558_aug2,E:\Data (Drive)\IUH\DL\GK\surface-defect-detection\data\images\train\mt_fray_exp3_num_258558_aug2.png,0.081349,0.048611,0.154762,0.097222,39.000024,34.99992,0.015046271164000001,1.591841352780235,medium
train,mt_fray_exp3_num_258558_aug2,E:\Data (Drive)\IUH\DL\GK\surface-defect-detection\data\images\train\mt_fray_exp3_num_258558_aug2.png,0.577381,0.45,0.821429,0.9,207.00010799999998,324.0,0.7392861,0.9126988888888888,large
train,mt_fray_exp4_num_136676,E:\Data (Drive)\IUH\DL\GK\surface-defect-detection\data\images\train\mt_fray_exp4_num_136676.png,0.497565,0.421739,0.310065,0.652174,191.00003999999998,150.00002,0.20221633131,0.47543293660894176,large
train,mt_fray_exp4_num_136676_aug1,E:\Data (Drive)\IUH\DL\GK\surface-defect-detection\data\images\train\mt_fray_exp4_num_136676_aug1.png,0.502435,0.421739,0.310065,0.652174,191.00003999999998,150.00002,0.20221633131,0.47543293660894176,large
train,mt_fray_exp4_num_136676_aug2,E:\Data (Drive)\IUH\DL\GK\surface-defect-detection\data\images\train\mt_fray_exp4_num_136676_aug2.png,0.497565,0.578261,0.310065,0.652174,191.00003999999998,150.00002,0.20221633131,0.47543293660894176,large
train,mt_fray_exp4_num_20426,E:\Data (Drive)\IUH\DL\GK\surface-defect-detection\data\images\train\mt_fray_exp4_num_20426.png,0.455067,0.5,0.516252,1.0,269.999796,340.0,0.516252,0.516252,large
train,mt_fray_exp4_num_20426_aug1,E:\Data (Drive)\IUH\DL\GK\surface-defect-detection\data\images\train\mt_fray_exp4_num_20426_aug1.png,0.544933,0.5,0.516252,1.0,269.999796,340.0,0.516252,0.516252,large
train,mt_fray_exp4_num_20426_aug2,E:\Data (Drive)\IUH\DL\GK\surface-defect-detection\data\images\train\mt_fray_exp4_num_20426_aug2.png,0.455067,0.5,0.516252,1.0,269.999796,340.0,0.516252,0.516252,large
train,mt_fray_exp4_num_258590,E:\Data (Drive)\IUH\DL\GK\surface-defect-detection\data\images\train\mt_fray_exp4_num_258590.png,0.5,0.545961,1.0,0.908078,257.0,326.000002,0.908078,1.1012269871090368,large
train,mt_fray_exp4_num_258590_aug1,E:\Data (Drive)\IUH\DL\GK\surface-defect-detection\data\images\train\mt_fray_exp4_num_258590_aug1.png,0.5,0.545961,1.0,0.908078,257.0,326.000002,0.908078,1.1012269871090368,large
train,mt_fray_exp4_num_258590_aug2,E:\Data (Drive)\IUH\DL\GK\surface-defect-detection\data\images\train\mt_fray_exp4_num_258590_aug2.png,0.5,0.454039,1.0,0.908078,257.0,326.000002,0.908078,1.1012269871090368,large
train,mt_fray_exp4_num_77613,E:\Data (Drive)\IUH\DL\GK\surface-defect-detection\data\images\train\mt_fray_exp4_num_77613.png,0.948276,0.852174,0.087028,0.278261,53.000052,64.00003,0.024216498307999997,0.31275672839528357,medium
train,mt_fray_exp4_num_77613,E:\Data (Drive)\IUH\DL\GK\surface-defect-detection\data\images\train\mt_fray_exp4_num_77613.png,0.112479,0.569565,0.224959,0.86087,137.000031,198.0001,0.19366045433,0.2613158781232939,large
train,mt_fray_exp4_num_77613_aug1,E:\Data (Drive)\IUH\DL\GK\surface-defect-detection\data\images\train\mt_fray_exp4_num_77613_aug1.png,0.051724,0.852174,0.087028,0.278261,53.000052,64.00003,0.024216498307999997,0.31275672839528357,medium
train,mt_fray_exp4_num_77613_aug1,E:\Data (Drive)\IUH\DL\GK\surface-defect-detection\data\images\train\mt_fray_exp4_num_77613_aug1.png,0.887521,0.569565,0.224959,0.86087,137.000031,198.0001,0.19366045433,0.2613158781232939,large
train,mt_fray_exp4_num_77613_aug2,E:\Data (Drive)\IUH\DL\GK\surface-defect-detection\data\images\train\mt_fray_exp4_num_77613_aug2.png,0.948276,0.147826,0.087028,0.278261,53.000052,64.00003,0.024216498307999997,0.31275672839528357,medium
train,mt_fray_exp4_num_77613_aug2,E:\Data (Drive)\IUH\DL\GK\surface-defect-detection\data\images\train\mt_fray_exp4_num_77613_aug2.png,0.112479,0.430435,0.224959,0.86087,137.000031,198.0001,0.19366045433,0.2613158781232939,large
train,mt_fray_exp5_num_135651,E:\Data (Drive)\IUH\DL\GK\surface-defect-detection\data\images\train\mt_fray_exp5_num_135651.png,0.147746,0.941296,0.135225,0.117409,80.99977500000001,29.000023,0.015876632025,1.1517430520658554,medium
train,mt_fray_exp5_num_135651_aug1,E:\Data (Drive)\IUH\DL\GK\surface-defect-detection\data\images\train\mt_fray_exp5_num_135651_aug1.png,0.852254,0.941296,0.135225,0.117409,80.99977500000001,29.000023,0.015876632025,1.1517430520658554,medium
train,mt_fray_exp5_num_135651_aug2,E:\Data (Drive)\IUH\DL\GK\surface-defect-detection\data\images\train\mt_fray_exp5_num_135651_aug2.png,0.147746,0.058704,0.135225,0.117409,80.99977500000001,29.000023,0.015876632025,1.1517430520658554,medium
train,mt_fray_exp5_num_136716,E:\Data (Drive)\IUH\DL\GK\surface-defect-detection\data\images\train\mt_fray_exp5_num_136716.png,0.502467,0.4163,0.324013,0.674009,196.999904,153.000043,0.218387678117,0.48072503482891177,large
train,mt_fray_exp5_num_136716_aug1,E:\Data (Drive)\IUH\DL\GK\surface-defect-detection\data\images\train\mt_fray_exp5_num_136716_aug1.png,0.497533,0.4163,0.324013,0.674009,196.999904,153.000043,0.218387678117,0.48072503482891177,large
train,mt_fray_exp5_num_136716_aug2,E:\Data (Drive)\IUH\DL\GK\surface-defect-detection\data\images\train\mt_fray_exp5_num_136716_aug2.png,0.502467,0.5837,0.324013,0.674009,196.999904,153.000043,0.218387678117,0.48072503482891177,large
train,mt_fray_exp5_num_20449,E:\Data (Drive)\IUH\DL\GK\surface-defect-detection\data\images\train\mt_fray_exp5_num_20449.png,0.45207,0.5,0.477124,1.0,218.99991599999998,334.0,0.477124,0.477124,large
train,mt_fray_exp5_num_20449_aug1,E:\Data (Drive)\IUH\DL\GK\surface-defect-detection\data\images\train\mt_fray_exp5_num_20449_aug1.png,0.54793,0.5,0.477124,1.0,218.99991599999998,334.0,0.477124,0.477124,large
train,mt_fray_exp5_num_20449_aug2,E:\Data (Drive)\IUH\DL\GK\surface-defect-detection\data\images\train\mt_fray_exp5_num_20449_aug2.png,0.45207,0.5,0.477124,1.0,218.99991599999998,334.0,0.477124,0.477124,large
train,mt_fray_exp5_num_258619,E:\Data (Drive)\IUH\DL\GK\surface-defect-detection\data\images\train\mt_fray_exp5_num_258619.png,0.541841,0.529155,0.757322,0.941691,180.99995800000002,323.00001299999997,0.713163311502,0.8042149707281901,large
train,mt_fray_exp5_num_258619_aug1,E:\Data (Drive)\IUH\DL\GK\surface-defect-detection\data\images\train\mt_fray_exp5_num_258619_aug1.png,0.458159,0.529155,0.757322,0.941691,180.99995800000002,323.00001299999997,0.713163311502,0.8042149707281901,large
train,mt_fray_exp5_num_258619_aug2,E:\Data (Drive)\IUH\DL\GK\surface-defect-detection\data\images\train\mt_fray_exp5_num_258619_aug2.png,0.541841,0.470845,0.757322,0.941691,180.99995800000002,323.00001299999997,0.713163311502,0.8042149707281901,large
train,mt_fray_exp6_num_20496,E:\Data (Drive)\IUH\DL\GK\surface-defect-detection\data\images\train\mt_fray_exp6_num_20496.png,0.5,0.5,1.0,1.0,423.0,355.0,1.0,1.0,large
train,mt_fray_exp6_num_20496_aug1,E:\Data (Drive)\IUH\DL\GK\surface-defect-detection\data\images\train\mt_fray_exp6_num_20496_aug1.png,0.5,0.5,1.0,1.0,423.0,355.0,1.0,1.0,large
train,mt_fray_exp6_num_20496_aug2,E:\Data (Drive)\IUH\DL\GK\surface-defect-detection\data\images\train\mt_fray_exp6_num_20496_aug2.png,0.5,0.5,1.0,1.0,423.0,355.0,1.0,1.0,large
train,mt_fray_exp6_num_77744,E:\Data (Drive)\IUH\DL\GK\surface-defect-detection\data\images\train\mt_fray_exp6_num_77744.png,0.94967,0.85625,0.09736,0.2875,59.00016,69.0,0.027991,0.3386434782608696,medium
train,mt_fray_exp6_num_77744,E:\Data (Drive)\IUH\DL\GK\surface-defect-detection\data\images\train\mt_fray_exp6_num_77744.png,0.098185,0.55625,0.19637,0.8875,119.00022,213.0,0.17427837499999999,0.22126197183098592,large
train,mt_fray_exp6_num_77744_aug1,E:\Data (Drive)\IUH\DL\GK\surface-defect-detection\data\images\train\mt_fray_exp6_num_77744_aug1.png,0.05033,0.85625,0.09736,0.2875,59.00016,69.0,0.027991,0.3386434782608696,medium
train,mt_fray_exp6_num_77744_aug1,E:\Data (Drive)\IUH\DL\GK\surface-defect-detection\data\images\train\mt_fray_exp6_num_77744_aug1.png,0.901815,0.55625,0.19637,0.8875,119.00022,213.0,0.17427837499999999,0.22126197183098592,large
train,mt_fray_exp6_num_77744_aug2,E:\Data (Drive)\IUH\DL\GK\surface-defect-detection\data\images\train\mt_fray_exp6_num_77744_aug2.png,0.94967,0.14375,0.09736,0.2875,59.00016,69.0,0.027991,0.3386434782608696,medium
train,mt_fray_exp6_num_77744_aug2,E:\Data (Drive)\IUH\DL\GK\surface-defect-detection\data\images\train\mt_fray_exp6_num_77744_aug2.png,0.098185,0.44375,0.19637,0.8875,119.00022,213.0,0.17427837499999999,0.22126197183098592,large
train,mt_uneven_exp1_num_124236,E:\Data (Drive)\IUH\DL\GK\surface-defect-detection\data\images\train\mt_uneven_exp1_num_124236.png,0.5,0.189076,1.0,0.378151,594.0,89.999938,0.378151,2.644446266174094,large
train,mt_uneven_exp1_num_124236_aug1,E:\Data (Drive)\IUH\DL\GK\surface-defect-detection\data\images\train\mt_uneven_exp1_num_124236_aug1.png,0.5,0.189076,1.0,0.378151,594.0,89.999938,0.378151,2.644446266174094,large
train,mt_uneven_exp1_num_124236_aug2,E:\Data (Drive)\IUH\DL\GK\surface-defect-detection\data\images\train\mt_uneven_exp1_num_124236_aug2.png,0.5,0.810924,1.0,0.378151,594.0,89.999938,0.378151,2.644446266174094,large
train,mt_uneven_exp1_num_139798,E:\Data (Drive)\IUH\DL\GK\surface-defect-detection\data\images\train\mt_uneven_exp1_num_139798.png,0.5,0.798354,1.0,0.403292,594.0,97.999956,0.403292,2.4795929500213245,large
train,mt_uneven_exp1_num_139798_aug1,E:\Data (Drive)\IUH\DL\GK\surface-defect-detection\data\images\train\mt_uneven_exp1_num_139798_aug1.png,0.5,0.798354,1.0,0.403292,594.0,97.999956,0.403292,2.4795929500213245,large
train,mt_uneven_exp1_num_139798_aug2,E:\Data (Drive)\IUH\DL\GK\surface-defect-detection\data\images\train\mt_uneven_exp1_num_139798_aug2.png,0.5,0.201646,1.0,0.403292,594.0,97.999956,0.403292,2.4795929500213245,large
train,mt_uneven_exp1_num_155300,E:\Data (Drive)\IUH\DL\GK\surface-defect-detection\data\images\train\mt_uneven_exp1_num_155300.png,0.5,0.774247,1.0,0.451505,181.0,134.99999499999998,0.451505,2.214814896844996,large
train,mt_uneven_exp1_num_155300_aug1,E:\Data (Drive)\IUH\DL\GK\surface-defect-detection\data\images\train\mt_uneven_exp1_num_155300_aug1.png,0.5,0.774247,1.0,0.451505,181.0,134.99999499999998,0.451505,2.214814896844996,large
train,mt_uneven_exp1_num_155300_aug2,E:\Data (Drive)\IUH\DL\GK\surface-defect-detection\data\images\train\mt_uneven_exp1_num_155300_aug2.png,0.5,0.225753,1.0,0.451505,181.0,134.99999499999998,0.451505,2.214814896844996,large
train,mt_uneven_exp1_num_172241,E:\Data (Drive)\IUH\DL\GK\surface-defect-detection\data\images\train\mt_uneven_exp1_num_172241.png,0.5,0.218944,1.0,0.437888,166.0,140.999936,0.437888,2.283688979830459,large
train,mt_uneven_exp1_num_172241_aug1,E:\Data (Drive)\IUH\DL\GK\surface-defect-detection\data\images\train\mt_uneven_exp1_num_172241_aug1.png,0.5,0.218944,1.0,0.437888,166.0,140.999936,0.437888,2.283688979830459,large
train,mt_uneven_exp1_num_172241_aug2,E:\Data (Drive)\IUH\DL\GK\surface-defect-detection\data\images\train\mt_uneven_exp1_num_172241_aug2.png,0.5,0.781056,1.0,0.437888,166.0,140.999936,0.437888,2.283688979830459,large
train,mt_uneven_exp1_num_186826,E:\Data (Drive)\IUH\DL\GK\surface-defect-detection\data\images\train\mt_uneven_exp1_num_186826.png,0.497368,0.644231,0.794737,0.608974,151.00003,189.999888,0.483974169838,1.3050425798145733,large
train,mt_uneven_exp1_num_186826_aug1,E:\Data (Drive)\IUH\DL\GK\surface-defect-detection\data\images\train\mt_uneven_exp1_num_186826_aug1.png,0.502632,0.644231,0.794737,0.608974,151.00003,189.999888,0.483974169838,1.3050425798145733,large
train,mt_uneven_exp1_num_186826_aug2,E:\Data (Drive)\IUH\DL\GK\surface-defect-detection\data\images\train\mt_uneven_exp1_num_186826_aug2.png,0.497368,0.355769,0.794737,0.608974,151.00003,189.999888,0.483974169838,1.3050425798145733,large
train,mt_uneven_exp1_num_24793,E:\Data (Drive)\IUH\DL\GK\surface-defect-detection\data\images\train\mt_uneven_exp1_num_24793.png,0.589041,0.737003,0.821918,0.232416,420.00009800000004,76.000032,0.191026893888,3.536408853091009,large
train,mt_uneven_exp1_num_24793_aug1,E:\Data (Drive)\IUH\DL\GK\surface-defect-detection\data\images\train\mt_uneven_exp1_num_24793_aug1.png,0.410959,0.737003,0.821918,0.232416,420.00009800000004,76.000032,0.191026893888,3.536408853091009,large
train,mt_uneven_exp1_num_24793_aug2,E:\Data (Drive)\IUH\DL\GK\surface-defect-detection\data\images\train\mt_uneven_exp1_num_24793_aug2.png,0.589041,0.262997,0.821918,0.232416,420.00009800000004,76.000032,0.191026893888,3.536408853091009,large
train,mt_uneven_exp1_num_270128,E:\Data (Drive)\IUH\DL\GK\surface-defect-detection\data\images\train\mt_uneven_exp1_num_270128.png,0.422449,0.714485,0.844898,0.398329,207.00001,143.000111,0.33654737544200003,2.1211059199807196,large
train,mt_uneven_exp1_num_270128_aug1,E:\Data (Drive)\IUH\DL\GK\surface-defect-detection\data\images\train\mt_uneven_exp1_num_270128_aug1.png,0.577551,0.714485,0.844898,0.398329,207.00001,143.000111,0.33654737544200003,2.1211059199807196,large
train,mt_uneven_exp1_num_270128_aug2,E:\Data (Drive)\IUH\DL\GK\surface-defect-detection\data\images\train\mt_uneven_exp1_num_270128_aug2.png,0.422449,0.285515,0.844898,0.398329,207.00001,143.000111,0.33654737544200003,2.1211059199807196,large
train,mt_uneven_exp1_num_274094,E:\Data (Drive)\IUH\DL\GK\surface-defect-detection\data\images\train\mt_uneven_exp1_num_274094.png,0.357477,0.166667,0.714953,0.333333,152.99994199999998,89.99991,0.23831742834899997,2.144861144861145,large
train,mt_uneven_exp1_num_274094_aug1,E:\Data (Drive)\IUH\DL\GK\surface-defect-detection\data\images\train\mt_uneven_exp1_num_274094_aug1.png,0.642523,0.166667,0.714953,0.333333,152.99994199999998,89.99991,0.23831742834899997,2.144861144861145,large
train,mt_uneven_exp1_num_274094_aug2,E:\Data (Drive)\IUH\DL\GK\surface-defect-detection\data\images\train\mt_uneven_exp1_num_274094_aug2.png,0.357477,0.833333,0.714953,0.333333,152.99994199999998,89.99991,0.23831742834899997,2.144861144861145,large
train,mt_uneven_exp1_num_311809,E:\Data (Drive)\IUH\DL\GK\surface-defect-detection\data\images\train\mt_uneven_exp1_num_311809.png,0.5,0.95,1.0,0.1,224.0,28.0,0.1,10.0,large
train,mt_uneven_exp1_num_311809_aug1,E:\Data (Drive)\IUH\DL\GK\surface-defect-detection\data\images\train\mt_uneven_exp1_num_311809_aug1.png,0.5,0.95,1.0,0.1,224.0,28.0,0.1,10.0,large
train,mt_uneven_exp1_num_311809_aug2,E:\Data (Drive)\IUH\DL\GK\surface-defect-detection\data\images\train\mt_uneven_exp1_num_311809_aug2.png,0.5,0.05,1.0,0.1,224.0,28.0,0.1,10.0,large
train,mt_uneven_exp1_num_33365,E:\Data (Drive)\IUH\DL\GK\surface-defect-detection\data\images\train\mt_uneven_exp1_num_33365.png,0.5,0.129393,1.0,0.258786,520.0,81.00001800000001,0.258786,3.8641966721538257,large
train,mt_uneven_exp1_num_33365_aug1,E:\Data (Drive)\IUH\DL\GK\surface-defect-detection\data\images\train\mt_uneven_exp1_num_33365_aug1.png,0.5,0.129393,1.0,0.258786,520.0,81.00001800000001,0.258786,3.8641966721538257,large
train,mt_uneven_exp1_num_33365_aug2,E:\Data (Drive)\IUH\DL\GK\surface-defect-detection\data\images\train\mt_uneven_exp1_num_33365_aug2.png,0.5,0.870607,1.0,0.258786,520.0,81.00001800000001,0.258786,3.8641966721538257,large
train,mt_uneven_exp1_num_45007,E:\Data (Drive)\IUH\DL\GK\surface-defect-detection\data\images\train\mt_uneven_exp1_num_45007.png,0.574951,0.856287,0.850099,0.287425,431.000193,95.99995,0.244339705075,2.9576376446029404,large
train,mt_uneven_exp1_num_45007_aug1,E:\Data (Drive)\IUH\DL\GK\surface-defect-detection\data\images\train\mt_uneven_exp1_num_45007_aug1.png,0.425049,0.856287,0.850099,0.287425,431.000193,95.99995,0.244339705075,2.9576376446029404,large
train,mt_uneven_exp1_num_45007_aug2,E:\Data (Drive)\IUH\DL\GK\surface-defect-detection\data\images\train\mt_uneven_exp1_num_45007_aug2.png,0.574951,0.143713,0.850099,0.287425,431.000193,95.99995,0.244339705075,2.9576376446029404,large
train,mt_uneven_exp2_num_109256,E:\Data (Drive)\IUH\DL\GK\surface-defect-detection\data\images\train\mt_uneven_exp2_num_109256.png,0.5,0.741245,1.0,0.51751,607.0,133.00007,0.51751,1.9323298100519797,large
train,mt_uneven_exp2_num_109256_aug1,E:\Data (Drive)\IUH\DL\GK\surface-defect-detection\data\images\train\mt_uneven_exp2_num_109256_aug1.png,0.5,0.741245,1.0,0.51751,607.0,133.00007,0.51751,1.9323298100519797,large
train,mt_uneven_exp2_num_109256_aug2,E:\Data (Drive)\IUH\DL\GK\surface-defect-detection\data\images\train\mt_uneven_exp2_num_109256_aug2.png,0.5,0.258755,1.0,0.51751,607.0,133.00007,0.51751,1.9323298100519797,large
train,mt_uneven_exp2_num_124592,E:\Data (Drive)\IUH\DL\GK\surface-defect-detection\data\images\train\mt_uneven_exp2_num_124592.png,0.5,0.199187,1.0,0.398374,586.0,98.000004,0.398374,2.5102039791753477,large
train,mt_uneven_exp2_num_124592_aug1,E:\Data (Drive)\IUH\DL\GK\surface-defect-detection\data\images\train\mt_uneven_exp2_num_124592_aug1.png,0.5,0.199187,1.0,0.398374,586.0,98.000004,0.398374,2.5102039791753477,large
train,mt_uneven_exp2_num_124592_aug2,E:\Data (Drive)\IUH\DL\GK\surface-defect-detection\data\images\train\mt_uneven_exp2_num_124592_aug2.png,0.5,0.800813,1.0,0.398374,586.0,98.000004,0.398374,2.5102039791753477,large
train,mt_uneven_exp2_num_129056,E:\Data (Drive)\IUH\DL\GK\surface-defect-detection\data\images\train\mt_uneven_exp2_num_129056.png,0.483607,0.069209,0.967213,0.138418,235.99997199999999,48.99997200000001,0.13387968903400002,6.987624441907844,large
train,mt_uneven_exp2_num_129056_aug1,E:\Data (Drive)\IUH\DL\GK\surface-defect-detection\data\images\train\mt_uneven_exp2_num_129056_aug1.png,0.516393,0.069209,0.967213,0.138418,235.99997199999999,48.99997200000001,0.13387968903400002,6.987624441907844,large
train,mt_uneven_exp2_num_129056_aug2,E:\Data (Drive)\IUH\DL\GK\surface-defect-detection\data\images\train\mt_uneven_exp2_num_129056_aug2.png,0.483607,0.930791,0.967213,0.138418,235.99997199999999,48.99997200000001,0.13387968903400002,6.987624441907844,large
train,mt_uneven_exp2_num_139820,E:\Data (Drive)\IUH\DL\GK\surface-defect-detection\data\images\train\mt_uneven_exp2_num_139820.png,0.35596,0.82636,0.228477,0.34728,138.000108,82.99991999999999,0.07934549256,0.6579042847270216,large
train,mt_uneven_exp2_num_139820_aug1,E:\Data (Drive)\IUH\DL\GK\surface-defect-detection\data\images\train\mt_uneven_exp2_num_139820_aug1.png,0.64404,0.82636,0.228477,0.34728,138.000108,82.99991999999999,0.07934549256,0.6579042847270216,large
train,mt_uneven_exp2_num_139820_aug2,E:\Data (Drive)\IUH\DL\GK\surface-defect-detection\data\images\train\mt_uneven_exp2_num_139820_aug2.png,0.35596,0.17364,0.228477,0.34728,138.000108,82.99991999999999,0.07934549256,0.6579042847270216,large
train,mt_uneven_exp2_num_186858,E:\Data (Drive)\IUH\DL\GK\surface-defect-detection\data\images\train\mt_uneven_exp2_num_186858.png,0.056701,0.59164,0.010309,0.012862,1.999946,4.000082,0.00013259435800000002,0.8015083190794589,small
train,mt_uneven_exp2_num_186858,E:\Data (Drive)\IUH\DL\GK\surface-defect-detection\data\images\train\mt_uneven_exp2_num_186858.png,0.520619,0.64791,0.762887,0.581994,148.000078,181.000134,0.443995656678,1.3108159190644577,large
train,mt_uneven_exp2_num_186858_aug1,E:\Data (Drive)\IUH\DL\GK\surface-defect-detection\data\images\train\mt_uneven_exp2_num_186858_aug1.png,0.943299,0.59164,0.010309,0.012862,1.999946,4.000082,0.00013259435800000002,0.8015083190794589,small
train,mt_uneven_exp2_num_186858_aug1,E:\Data (Drive)\IUH\DL\GK\surface-defect-detection\data\images\train\mt_uneven_exp2_num_186858_aug1.png,0.479381,0.64791,0.762887,0.581994,148.000078,181.000134,0.443995656678,1.3108159190644577,large
train,mt_uneven_exp2_num_186858_aug2,E:\Data (Drive)\IUH\DL\GK\surface-defect-detection\data\images\train\mt_uneven_exp2_num_186858_aug2.png,0.056701,0.40836,0.010309,0.012862,1.999946,4.000082,0.00013259435800000002,0.8015083190794589,small
train,mt_uneven_exp2_num_186858_aug2,E:\Data (Drive)\IUH\DL\GK\surface-defect-detection\data\images\train\mt_uneven_exp2_num_186858_aug2.png,0.520619,0.35209,0.762887,0.581994,148.000078,181.000134,0.443995656678,1.3108159190644577,large
train,mt_uneven_exp2_num_24815,E:\Data (Drive)\IUH\DL\GK\surface-defect-detection\data\images\train\mt_uneven_exp2_num_24815.png,0.996047,0.824695,0.007905,0.015244,3.9999300000000004,5.000032,0.00012050382000000001,0.5185646811860404,small
train,mt_uneven_exp2_num_24815,E:\Data (Drive)\IUH\DL\GK\surface-defect-detection\data\images\train\mt_uneven_exp2_num_24815.png,0.27668,0.733232,0.332016,0.216463,168.00009599999998,70.999864,0.07186917940799999,1.5338233323939887,large
train,mt_uneven_exp2_num_24815_aug1,E:\Data (Drive)\IUH\DL\GK\surface-defect-detection\data\images\train\mt_uneven_exp2_num_24815_aug1.png,0.003953,0.824695,0.007905,0.015244,3.9999300000000004,5.000032,0.00012050382000000001,0.5185646811860404,small
train,mt_uneven_exp2_num_24815_aug1,E:\Data (Drive)\IUH\DL\GK\surface-defect-detection\data\images\train\mt_uneven_exp2_num_24815_aug1.png,0.72332,0.733232,0.332016,0.216463,168.00009599999998,70.999864,0.07186917940799999,1.5338233323939887,large
train,mt_uneven_exp2_num_24815_aug2,E:\Data (Drive)\IUH\DL\GK\surface-defect-detection\data\images\train\mt_uneven_exp2_num_24815_aug2.png,0.996047,0.175305,0.007905,0.015244,3.9999300000000004,5.000032,0.00012050382000000001,0.5185646811860404,small
train,mt_uneven_exp2_num_24815_aug2,E:\Data (Drive)\IUH\DL\GK\surface-defect-detection\data\images\train\mt_uneven_exp2_num_24815_aug2.png,0.27668,0.266768,0.332016,0.216463,168.00009599999998,70.999864,0.07186917940799999,1.5338233323939887,large
train,mt_uneven_exp2_num_270153,E:\Data (Drive)\IUH\DL\GK\surface-defect-detection\data\images\train\mt_uneven_exp2_num_270153.png,0.014113,0.939437,0.012097,0.008451,3.000056,3.000105,0.000102231747,1.4314282333451662,small
train,mt_uneven_exp2_num_270153,E:\Data (Drive)\IUH\DL\GK\surface-defect-detection\data\images\train\mt_uneven_exp2_num_270153.png,0.415323,0.722535,0.830645,0.419718,205.99996,148.99989,0.34863665810999994,1.979054984537237,large
train,mt_uneven_exp2_num_270153_aug1,E:\Data (Drive)\IUH\DL\GK\surface-defect-detection\data\images\train\mt_uneven_exp2_num_270153_aug1.png,0.985887,0.939437,0.012097,0.008451,3.000056,3.000105,0.000102231747,1.4314282333451662,small
train,mt_uneven_exp2_num_270153_aug1,E:\Data (Drive)\IUH\DL\GK\surface-defect-detection\data\images\train\mt_uneven_exp2_num_270153_aug1.png,0.584677,0.722535,0.830645,0.419718,205.99996,148.99989,0.34863665810999994,1.979054984537237,large
train,mt_uneven_exp2_num_270153_aug2,E:\Data (Drive)\IUH\DL\GK\surface-defect-detection\data\images\train\mt_uneven_exp2_num_270153_aug2.png,0.014113,0.060563,0.012097,0.008451,3.000056,3.000105,0.000102231747,1.4314282333451662,small
train,mt_uneven_exp2_num_270153_aug2,E:\Data (Drive)\IUH\DL\GK\surface-defect-detection\data\images\train\mt_uneven_exp2_num_270153_aug2.png,0.415323,0.277465,0.830645,0.419718,205.99996,148.99989,0.34863665810999994,1.979054984537237,large
train,mt_uneven_exp2_num_28359,E:\Data (Drive)\IUH\DL\GK\surface-defect-detection\data\images\train\mt_uneven_exp2_num_28359.png,0.835616,0.131024,0.328767,0.262048,167.999937,86.999936,0.086152734816,1.2546060263768468,large
train,mt_uneven_exp2_num_28359_aug1,E:\Data (Drive)\IUH\DL\GK\surface-defect-detection\data\images\train\mt_uneven_exp2_num_28359_aug1.png,0.164384,0.131024,0.328767,0.262048,167.999937,86.999936,0.086152734816,1.2546060263768468,large
train,mt_uneven_exp2_num_28359_aug2,E:\Data (Drive)\IUH\DL\GK\surface-defect-detection\data\images\train\mt_uneven_exp2_num_28359_aug2.png,0.835616,0.868976,0.328767,0.262048,167.999937,86.999936,0.086152734816,1.2546060263768468,large
train,mt_uneven_exp2_num_311834,E:\Data (Drive)\IUH\DL\GK\surface-defect-detection\data\images\train\mt_uneven_exp2_num_311834.png,0.5,0.933692,1.0,0.132616,219.0,36.999864,0.132616,7.540568257223864,large
train,mt_uneven_exp2_num_311834_aug1,E:\Data (Drive)\IUH\DL\GK\surface-defect-detection\data\images\train\mt_uneven_exp2_num_311834_aug1.png,0.5,0.933692,1.0,0.132616,219.0,36.999864,0.132616,7.540568257223864,large
train,mt_uneven_exp2_num_311834_aug2,E:\Data (Drive)\IUH\DL\GK\surface-defect-detection\data\images\train\mt_uneven_exp2_num_311834_aug2.png,0.5,0.066308,1.0,0.132616,219.0,36.999864,0.132616,7.540568257223864,large
train,mt_uneven_exp2_num_313494,E:\Data (Drive)\IUH\DL\GK\surface-defect-detection\data\images\train\mt_uneven_exp2_num_313494.png,0.524096,0.161808,0.831325,0.323615,206.999925,110.999945,0.269029239875,2.5688704170078642,large
train,mt_uneven_exp2_num_313494_aug1,E:\Data (Drive)\IUH\DL\GK\surface-defect-detection\data\images\train\mt_uneven_exp2_num_313494_aug1.png,0.475904,0.161808,0.831325,0.323615,206.999925,110.999945,0.269029239875,2.5688704170078642,large
train,mt_uneven_exp2_num_313494_aug2,E:\Data (Drive)\IUH\DL\GK\surface-defect-detection\data\images\train\mt_uneven_exp2_num_313494_aug2.png,0.524096,0.838192,0.831325,0.323615,206.999925,110.999945,0.269029239875,2.5688704170078642,large
train,mt_uneven_exp2_num_33380,E:\Data (Drive)\IUH\DL\GK\surface-defect-detection\data\images\train\mt_uneven_exp2_num_33380.png,0.5,0.140625,1.0,0.28125,522.0,90.0,0.28125,3.5555555555555554,large
train,mt_uneven_exp2_num_33380_aug1,E:\Data (Drive)\IUH\DL\GK\surface-defect-detection\data\images\train\mt_uneven_exp2_num_33380_aug1.png,0.5,0.140625,1.0,0.28125,522.0,90.0,0.28125,3.5555555555555554,large
train,mt_uneven_exp2_num_33380_aug2,E:\Data (Drive)\IUH\DL\GK\surface-defect-detection\data\images\train\mt_uneven_exp2_num_33380_aug2.png,0.5,0.859375,1.0,0.28125,522.0,90.0,0.28125,3.5555555555555554,large
train,mt_uneven_exp2_num_352504,E:\Data (Drive)\IUH\DL\GK\surface-defect-detection\data\images\train\mt_uneven_exp2_num_352504.png,0.5,0.887838,1.0,0.224324,499.0,82.99988,0.224324,4.457837770367861,large
train,mt_uneven_exp2_num_352504_aug1,E:\Data (Drive)\IUH\DL\GK\surface-defect-detection\data\images\train\mt_uneven_exp2_num_352504_aug1.png,0.5,0.887838,1.0,0.224324,499.0,82.99988,0.224324,4.457837770367861,large
train,mt_uneven_exp2_num_352504_aug2,E:\Data (Drive)\IUH\DL\GK\surface-defect-detection\data\images\train\mt_uneven_exp2_num_352504_aug2.png,0.5,0.112162,1.0,0.224324,499.0,82.99988,0.224324,4.457837770367861,large
train,mt_uneven_exp2_num_45028,E:\Data (Drive)\IUH\DL\GK\surface-defect-detection\data\images\train\mt_uneven_exp2_num_45028.png,0.5,0.795107,1.0,0.183486,505.0,59.999922000000005,0.183486,5.450007085009211,large
train,mt_uneven_exp2_num_45028_aug1,E:\Data (Drive)\IUH\DL\GK\surface-defect-detection\data\images\train\mt_uneven_exp2_num_45028_aug1.png,0.5,0.795107,1.0,0.183486,505.0,59.999922000000005,0.183486,5.450007085009211,large
train,mt_uneven_exp2_num_45028_aug2,E:\Data (Drive)\IUH\DL\GK\surface-defect-detection\data\images\train\mt_uneven_exp2_num_45028_aug2.png,0.5,0.204893,1.0,0.183486,505.0,59.999922000000005,0.183486,5.450007085009211,large
train,mt_uneven_exp3_num_109271,E:\Data (Drive)\IUH\DL\GK\surface-defect-detection\data\images\train\mt_uneven_exp3_num_109271.png,0.5,0.728302,1.0,0.543396,611.0,143.99994,0.543396,1.8402785445605048,large
train,mt_uneven_exp3_num_109271_aug1,E:\Data (Drive)\IUH\DL\GK\surface-defect-detection\data\images\train\mt_uneven_exp3_num_109271_aug1.png,0.5,0.728302,1.0,0.543396,611.0,143.99994,0.543396,1.8402785445605048,large
train,mt_uneven_exp3_num_109271_aug2,E:\Data (Drive)\IUH\DL\GK\surface-defect-detection\data\images\train\mt_uneven_exp3_num_109271_aug2.png,0.5,0.271698,1.0,0.543396,611.0,143.99994,0.543396,1.8402785445605048,large
train,mt_uneven_exp3_num_124629,E:\Data (Drive)\IUH\DL\GK\surface-defect-detection\data\images\train\mt_uneven_exp3_num_124629.png,0.5,0.220077,1.0,0.440154,602.0,113.999886,0.440154,2.2719320964935,large
train,mt_uneven_exp3_num_124629_aug1,E:\Data (Drive)\IUH\DL\GK\surface-defect-detection\data\images\train\mt_uneven_exp3_num_124629_aug1.png,0.5,0.220077,1.0,0.440154,602.0,113.999886,0.440154,2.2719320964935,large
train,mt_uneven_exp3_num_124629_aug2,E:\Data (Drive)\IUH\DL\GK\surface-defect-detection\data\images\train\mt_uneven_exp3_num_124629_aug2.png,0.5,0.779923,1.0,0.440154,602.0,113.999886,0.440154,2.2719320964935,large
train,mt_uneven_exp3_num_155360,E:\Data (Drive)\IUH\DL\GK\surface-defect-detection\data\images\train\mt_uneven_exp3_num_155360.png,0.5,0.784127,1.0,0.431746,190.0,135.99999,0.431746,2.3161766408953413,large
train,mt_uneven_exp3_num_155360_aug1,E:\Data (Drive)\IUH\DL\GK\surface-defect-detection\data\images\train\mt_uneven_exp3_num_155360_aug1.png,0.5,0.784127,1.0,0.431746,190.0,135.99999,0.431746,2.3161766408953413,large
train,mt_uneven_exp3_num_155360_aug2,E:\Data (Drive)\IUH\DL\GK\surface-defect-detection\data\images\train\mt_uneven_exp3_num_155360_aug2.png,0.5,0.215873,1.0,0.431746,190.0,135.99999,0.431746,2.3161766408953413,large
train,mt_uneven_exp3_num_172286,E:\Data (Drive)\IUH\DL\GK\surface-defect-detection\data\images\train\mt_uneven_exp3_num_172286.png,0.5,0.210769,1.0,0.421538,186.0,136.99985,0.421538,2.372265371093472,large
train,mt_uneven_exp3_num_172286_aug1,E:\Data (Drive)\IUH\DL\GK\surface-defect-detection\data\images\train\mt_uneven_exp3_num_172286_aug1.png,0.5,0.210769,1.0,0.421538,186.0,136.99985,0.421538,2.372265371093472,large
train,mt_uneven_exp3_num_172286_aug2,E:\Data (Drive)\IUH\DL\GK\surface-defect-detection\data\images\train\mt_uneven_exp3_num_172286_aug2.png,0.5,0.789231,1.0,0.421538,186.0,136.99985,0.421538,2.372265371093472,large
train,mt_uneven_exp3_num_186885,E:\Data (Drive)\IUH\DL\GK\surface-defect-detection\data\images\train\mt_uneven_exp3_num_186885.png,0.548718,0.637224,0.902564,0.580442,175.99998,184.000114,0.5238860532880001,1.5549598409487941,large
train,mt_uneven_exp3_num_186885_aug1,E:\Data (Drive)\IUH\DL\GK\surface-defect-detection\data\images\train\mt_uneven_exp3_num_186885_aug1.png,0.451282,0.637224,0.902564,0.580442,175.99998,184.000114,0.5238860532880001,1.5549598409487941,large
train,mt_uneven_exp3_num_186885_aug2,E:\Data (Drive)\IUH\DL\GK\surface-defect-detection\data\images\train\mt_uneven_exp3_num_186885_aug2.png,0.548718,0.362776,0.902564,0.580442,175.99998,184.000114,0.5238860532880001,1.5549598409487941,large
train,mt_uneven_exp3_num_270169,E:\Data (Drive)\IUH\DL\GK\surface-defect-detection\data\images\train\mt_uneven_exp3_num_270169.png,0.433468,0.720833,0.78629,0.408333,194.99992,146.99988,0.32106815457000004,1.9256097351916206,large
train,mt_uneven_exp3_num_270169_aug1,E:\Data (Drive)\IUH\DL\GK\surface-defect-detection\data\images\train\mt_uneven_exp3_num_270169_aug1.png,0.566532,0.720833,0.78629,0.408333,194.99992,146.99988,0.32106815457000004,1.9256097351916206,large
train,mt_uneven_exp3_num_270169_aug2,E:\Data (Drive)\IUH\DL\GK\surface-defect-detection\data\images\train\mt_uneven_exp3_num_270169_aug2.png,0.433468,0.279167,0.78629,0.408333,194.99992,146.99988,0.32106815457000004,1.9256097351916206,large
train,mt_uneven_exp3_num_28373,E:\Data (Drive)\IUH\DL\GK\surface-defect-detection\data\images\train\mt_uneven_exp3_num_28373.png,0.835907,0.118263,0.328185,0.236527,169.99983,79.000018,0.077624613495,1.387516012971035,large
train,mt_uneven_exp3_num_28373_aug1,E:\Data (Drive)\IUH\DL\GK\surface-defect-detection\data\images\train\mt_uneven_exp3_num_28373_aug1.png,0.164093,0.118263,0.328185,0.236527,169.99983,79.000018,0.077624613495,1.387516012971035,large
train,mt_uneven_exp3_num_28373_aug2,E:\Data (Drive)\IUH\DL\GK\surface-defect-detection\data\images\train\mt_uneven_exp3_num_28373_aug2.png,0.835907,0.881737,0.328185,0.236527,169.99983,79.000018,0.077624613495,1.387516012971035,large
train,mt_uneven_exp3_num_313507,E:\Data (Drive)\IUH\DL\GK\surface-defect-detection\data\images\train\mt_uneven_exp3_num_313507.png,0.5,0.166667,1.0,0.333333,249.0,116.999883,0.333333,3.0000030000030002,large
train,mt_uneven_exp3_num_313507_aug1,E:\Data (Drive)\IUH\DL\GK\surface-defect-detection\data\images\train\mt_uneven_exp3_num_313507_aug1.png,0.5,0.166667,1.0,0.333333,249.0,116.999883,0.333333,3.0000030000030002,large
train,mt_uneven_exp3_num_313507_aug2,E:\Data (Drive)\IUH\DL\GK\surface-defect-detection\data\images\train\mt_uneven_exp3_num_313507_aug2.png,0.5,0.833333,1.0,0.333333,249.0,116.999883,0.333333,3.0000030000030002,large
train,mt_uneven_exp3_num_33395,E:\Data (Drive)\IUH\DL\GK\surface-defect-detection\data\images\train\mt_uneven_exp3_num_33395.png,0.745229,0.125767,0.509542,0.251534,267.00000800000004,82.00008399999999,0.128167137428,2.025738071195147,large
train,mt_uneven_exp3_num_33395_aug1,E:\Data (Drive)\IUH\DL\GK\surface-defect-detection\data\images\train\mt_uneven_exp3_num_33395_aug1.png,0.254771,0.125767,0.509542,0.251534,267.00000800000004,82.00008399999999,0.128167137428,2.025738071195147,large
train,mt_uneven_exp3_num_33395_aug2,E:\Data (Drive)\IUH\DL\GK\surface-defect-detection\data\images\train\mt_uneven_exp3_num_33395_aug2.png,0.745229,0.874233,0.509542,0.251534,267.00000800000004,82.00008399999999,0.128167137428,2.025738071195147,large
train,mt_uneven_exp3_num_352516,E:\Data (Drive)\IUH\DL\GK\surface-defect-detection\data\images\train\mt_uneven_exp3_num_352516.png,0.899804,0.869737,0.200393,0.260526,102.00003699999999,98.99987999999999,0.05220758671799999,0.7691861848721433,large
train,mt_uneven_exp3_num_352516_aug1,E:\Data (Drive)\IUH\DL\GK\surface-defect-detection\data\images\train\mt_uneven_exp3_num_352516_aug1.png,0.100196,0.869737,0.200393,0.260526,102.00003699999999,98.99987999999999,0.05220758671799999,0.7691861848721433,large
train,mt_uneven_exp3_num_352516_aug2,E:\Data (Drive)\IUH\DL\GK\surface-defect-detection\data\images\train\mt_uneven_exp3_num_352516_aug2.png,0.899804,0.130263,0.200393,0.260526,102.00003699999999,98.99987999999999,0.05220758671799999,0.7691861848721433,large
train,mt_uneven_exp3_num_557,E:\Data (Drive)\IUH\DL\GK\surface-defect-detection\data\images\train\mt_uneven_exp3_num_557.png,0.5,0.129758,1.0,0.259516,125.0,75.00012400000001,0.259516,3.8533269624994215,large
train,mt_uneven_exp3_num_557_aug1,E:\Data (Drive)\IUH\DL\GK\surface-defect-detection\data\images\train\mt_uneven_exp3_num_557_aug1.png,0.5,0.129758,1.0,0.259516,125.0,75.00012400000001,0.259516,3.8533269624994215,large
train,mt_uneven_exp3_num_557_aug2,E:\Data (Drive)\IUH\DL\GK\surface-defect-detection\data\images\train\mt_uneven_exp3_num_557_aug2.png,0.5,0.870242,1.0,0.259516,125.0,75.00012400000001,0.259516,3.8533269624994215,large
train,mt_uneven_exp4_num_109286,E:\Data (Drive)\IUH\DL\GK\surface-defect-detection\data\images\train\mt_uneven_exp4_num_109286.png,0.5,0.7397,1.0,0.520599,607.0,138.999933,0.520599,1.9208642352367176,large
train,mt_uneven_exp4_num_109286_aug1,E:\Data (Drive)\IUH\DL\GK\surface-defect-detection\data\images\train\mt_uneven_exp4_num_109286_aug1.png,0.5,0.7397,1.0,0.520599,607.0,138.999933,0.520599,1.9208642352367176,large
train,mt_uneven_exp4_num_109286_aug2,E:\Data (Drive)\IUH\DL\GK\surface-defect-detection\data\images\train\mt_uneven_exp4_num_109286_aug2.png,0.5,0.2603,1.0,0.520599,607.0,138.999933,0.520599,1.9208642352367176,large
train,mt_uneven_exp4_num_139856,E:\Data (Drive)\IUH\DL\GK\surface-defect-detection\data\images\train\mt_uneven_exp4_num_139856.png,0.327243,0.821138,0.335548,0.357724,201.999896,88.000104,0.120033572752,0.9380080732631862,large
train,mt_uneven_exp4_num_139856_aug1,E:\Data (Drive)\IUH\DL\GK\surface-defect-detection\data\images\train\mt_uneven_exp4_num_139856_aug1.png,0.672757,0.821138,0.335548,0.357724,201.999896,88.000104,0.120033572752,0.9380080732631862,large
train,mt_uneven_exp4_num_139856_aug2,E:\Data (Drive)\IUH\DL\GK\surface-defect-detection\data\images\train\mt_uneven_exp4_num_139856_aug2.png,0.327243,0.178862,0.335548,0.357724,201.999896,88.000104,0.120033572752,0.9380080732631862,large
train,mt_uneven_exp4_num_172304,E:\Data (Drive)\IUH\DL\GK\surface-defect-detection\data\images\train\mt_uneven_exp4_num_172304.png,0.5,0.215409,1.0,0.430818,183.0,137.000124,0.430818,2.321165782302504,large
train,mt_uneven_exp4_num_172304_aug1,E:\Data (Drive)\IUH\DL\GK\surface-defect-detection\data\images\train\mt_uneven_exp4_num_172304_aug1.png,0.5,0.215409,1.0,0.430818,183.0,137.000124,0.430818,2.321165782302504,large
train,mt_uneven_exp4_num_172304_aug2,E:\Data (Drive)\IUH\DL\GK\surface-defect-detection\data\images\train\mt_uneven_exp4_num_172304_aug2.png,0.5,0.784591,1.0,0.430818,183.0,137.000124,0.430818,2.321165782302504,large
train,mt_uneven_exp4_num_186909,E:\Data (Drive)\IUH\DL\GK\surface-defect-detection\data\images\train\mt_uneven_exp4_num_186909.png,0.502618,0.639159,0.86911,0.624595,166.00001,192.999855,0.54284176045,1.3914776775350428,large
train,mt_uneven_exp4_num_186909_aug1,E:\Data (Drive)\IUH\DL\GK\surface-defect-detection\data\images\train\mt_uneven_exp4_num_186909_aug1.png,0.497382,0.639159,0.86911,0.624595,166.00001,192.999855,0.54284176045,1.3914776775350428,large
train,mt_uneven_exp4_num_186909_aug2,E:\Data (Drive)\IUH\DL\GK\surface-defect-detection\data\images\train\mt_uneven_exp4_num_186909_aug2.png,0.502618,0.360841,0.86911,0.624595,166.00001,192.999855,0.54284176045,1.3914776775350428,large
train,mt_uneven_exp4_num_274154,E:\Data (Drive)\IUH\DL\GK\surface-defect-detection\data\images\train\mt_uneven_exp4_num_274154.png,0.329545,0.143885,0.659091,0.28777,145.00002,80.00006,0.18966661707000002,2.290339507245369,large
train,mt_uneven_exp4_num_274154_aug1,E:\Data (Drive)\IUH\DL\GK\surface-defect-detection\data\images\train\mt_uneven_exp4_num_274154_aug1.png,0.670455,0.143885,0.659091,0.28777,145.00002,80.00006,0.18966661707000002,2.290339507245369,large
train,mt_uneven_exp4_num_274154_aug2,E:\Data (Drive)\IUH\DL\GK\surface-defect-detection\data\images\train\mt_uneven_exp4_num_274154_aug2.png,0.329545,0.856115,0.659091,0.28777,145.00002,80.00006,0.18966661707000002,2.290339507245369,large
train,mt_uneven_exp4_num_28388,E:\Data (Drive)\IUH\DL\GK\surface-defect-detection\data\images\train\mt_uneven_exp4_num_28388.png,0.830078,0.128358,0.339844,0.256716,174.000128,85.99986,0.087243392304,1.3238130852771155,large
train,mt_uneven_exp4_num_28388_aug1,E:\Data (Drive)\IUH\DL\GK\surface-defect-detection\data\images\train\mt_uneven_exp4_num_28388_aug1.png,0.169922,0.128358,0.339844,0.256716,174.000128,85.99986,0.087243392304,1.3238130852771155,large
train,mt_uneven_exp4_num_28388_aug2,E:\Data (Drive)\IUH\DL\GK\surface-defect-detection\data\images\train\mt_uneven_exp4_num_28388_aug2.png,0.830078,0.871642,0.339844,0.256716,174.000128,85.99986,0.087243392304,1.3238130852771155,large
train,mt_uneven_exp4_num_33407,E:\Data (Drive)\IUH\DL\GK\surface-defect-detection\data\images\train\mt_uneven_exp4_num_33407.png,0.5,0.148693,1.0,0.297386,519.0,91.00011599999999,0.297386,3.362633076203991,large
train,mt_uneven_exp4_num_33407_aug1,E:\Data (Drive)\IUH\DL\GK\surface-defect-detection\data\images\train\mt_uneven_exp4_num_33407_aug1.png,0.5,0.148693,1.0,0.297386,519.0,91.00011599999999,0.297386,3.362633076203991,large
train,mt_uneven_exp4_num_33407_aug2,E:\Data (Drive)\IUH\DL\GK\surface-defect-detection\data\images\train\mt_uneven_exp4_num_33407_aug2.png,0.5,0.851307,1.0,0.297386,519.0,91.00011599999999,0.297386,3.362633076203991,large
train,mt_uneven_exp4_num_573,E:\Data (Drive)\IUH\DL\GK\surface-defect-detection\data\images\train\mt_uneven_exp4_num_573.png,0.5,0.126712,1.0,0.253425,119.0,74.0001,0.253425,3.9459406135937654,large
train,mt_uneven_exp4_num_573_aug1,E:\Data (Drive)\IUH\DL\GK\surface-defect-detection\data\images\train\mt_uneven_exp4_num_573_aug1.png,0.5,0.126712,1.0,0.253425,119.0,74.0001,0.253425,3.9459406135937654,large
train,mt_uneven_exp4_num_573_aug2,E:\Data (Drive)\IUH\DL\GK\surface-defect-detection\data\images\train\mt_uneven_exp4_num_573_aug2.png,0.5,0.873288,1.0,0.253425,119.0,74.0001,0.253425,3.9459406135937654,large
train,mt_uneven_exp5_num_109313,E:\Data (Drive)\IUH\DL\GK\surface-defect-detection\data\images\train\mt_uneven_exp5_num_109313.png,0.5,0.736742,1.0,0.526515,599.0,138.99996,0.526515,1.899281122095287,large
train,mt_uneven_exp5_num_109313_aug1,E:\Data (Drive)\IUH\DL\GK\surface-defect-detection\data\images\train\mt_uneven_exp5_num_109313_aug1.png,0.5,0.736742,1.0,0.526515,599.0,138.99996,0.526515,1.899281122095287,large
train,mt_uneven_exp5_num_109313_aug2,E:\Data (Drive)\IUH\DL\GK\surface-defect-detection\data\images\train\mt_uneven_exp5_num_109313_aug2.png,0.5,0.263258,1.0,0.526515,599.0,138.99996,0.526515,1.899281122095287,large
train,mt_uneven_exp5_num_124744,E:\Data (Drive)\IUH\DL\GK\surface-defect-detection\data\images\train\mt_uneven_exp5_num_124744.png,0.5,0.220165,1.0,0.440329,615.0,106.999947,0.440329,2.2710291622854726,large
train,mt_uneven_exp5_num_124744_aug1,E:\Data (Drive)\IUH\DL\GK\surface-defect-detection\data\images\train\mt_uneven_exp5_num_124744_aug1.png,0.5,0.220165,1.0,0.440329,615.0,106.999947,0.440329,2.2710291622854726,large
train,mt_uneven_exp5_num_124744_aug2,E:\Data (Drive)\IUH\DL\GK\surface-defect-detection\data\images\train\mt_uneven_exp5_num_124744_aug2.png,0.5,0.779835,1.0,0.440329,615.0,106.999947,0.440329,2.2710291622854726,large
train,mt_uneven_exp5_num_129103,E:\Data (Drive)\IUH\DL\GK\surface-defect-detection\data\images\train\mt_uneven_exp5_num_129103.png,0.5,0.08011,1.0,0.160221,248.0,58.000002,0.160221,6.2413790951248584,large
train,mt_uneven_exp5_num_129103_aug1,E:\Data (Drive)\IUH\DL\GK\surface-defect-detection\data\images\train\mt_uneven_exp5_num_129103_aug1.png,0.5,0.08011,1.0,0.160221,248.0,58.000002,0.160221,6.2413790951248584,large
train,mt_uneven_exp5_num_129103_aug2,E:\Data (Drive)\IUH\DL\GK\surface-defect-detection\data\images\train\mt_uneven_exp5_num_129103_aug2.png,0.5,0.91989,1.0,0.160221,248.0,58.000002,0.160221,6.2413790951248584,large
train,mt_uneven_exp5_num_155415,E:\Data (Drive)\IUH\DL\GK\surface-defect-detection\data\images\train\mt_uneven_exp5_num_155415.png,0.5,0.766881,1.0,0.466238,195.0,145.00001799999998,0.466238,2.1448273199524706,large
train,mt_uneven_exp5_num_155415_aug1,E:\Data (Drive)\IUH\DL\GK\surface-defect-detection\data\images\train\mt_uneven_exp5_num_155415_aug1.png,0.5,0.766881,1.0,0.466238,195.0,145.00001799999998,0.466238,2.1448273199524706,large
train,mt_uneven_exp5_num_155415_aug2,E:\Data (Drive)\IUH\DL\GK\surface-defect-detection\data\images\train\mt_uneven_exp5_num_155415_aug2.png,0.5,0.233119,1.0,0.466238,195.0,145.00001799999998,0.466238,2.1448273199524706,large
train,mt_uneven_exp5_num_172332,E:\Data (Drive)\IUH\DL\GK\surface-defect-detection\data\images\train\mt_uneven_exp5_num_172332.png,0.5,0.202744,1.0,0.405488,188.0,133.000064,0.405488,2.4661642268081914,large
train,mt_uneven_exp5_num_172332_aug1,E:\Data (Drive)\IUH\DL\GK\surface-defect-detection\data\images\train\mt_uneven_exp5_num_172332_aug1.png,0.5,0.202744,1.0,0.405488,188.0,133.000064,0.405488,2.4661642268081914,large
train,mt_uneven_exp5_num_172332_aug2,E:\Data (Drive)\IUH\DL\GK\surface-defect-detection\data\images\train\mt_uneven_exp5_num_172332_aug2.png,0.5,0.797256,1.0,0.405488,188.0,133.000064,0.405488,2.4661642268081914,large
train,mt_uneven_exp5_num_186953,E:\Data (Drive)\IUH\DL\GK\surface-defect-detection\data\images\train\mt_uneven_exp5_num_186953.png,0.553191,0.632588,0.893617,0.587859,167.999996,183.999867,0.525320796003,1.5201213216094336,large
train,mt_uneven_exp5_num_186953_aug1,E:\Data (Drive)\IUH\DL\GK\surface-defect-detection\data\images\train\mt_uneven_exp5_num_186953_aug1.png,0.446809,0.632588,0.893617,0.587859,167.999996,183.999867,0.525320796003,1.5201213216094336,large
train,mt_uneven_exp5_num_186953_aug2,E:\Data (Drive)\IUH\DL\GK\surface-defect-detection\data\images\train\mt_uneven_exp5_num_186953_aug2.png,0.553191,0.367412,0.893617,0.587859,167.999996,183.999867,0.525320796003,1.5201213216094336,large
train,mt_uneven_exp5_num_24876,E:\Data (Drive)\IUH\DL\GK\surface-defect-detection\data\images\train\mt_uneven_exp5_num_24876.png,0.5,0.735294,1.0,0.244582,511.0,78.99998599999999,0.244582,4.088608319500208,large
train,mt_uneven_exp5_num_24876_aug1,E:\Data (Drive)\IUH\DL\GK\surface-defect-detection\data\images\train\mt_uneven_exp5_num_24876_aug1.png,0.5,0.735294,1.0,0.244582,511.0,78.99998599999999,0.244582,4.088608319500208,large
train,mt_uneven_exp5_num_24876_aug2,E:\Data (Drive)\IUH\DL\GK\surface-defect-detection\data\images\train\mt_uneven_exp5_num_24876_aug2.png,0.5,0.264706,1.0,0.244582,511.0,78.99998599999999,0.244582,4.088608319500208,large
train,mt_uneven_exp5_num_270218,E:\Data (Drive)\IUH\DL\GK\surface-defect-detection\data\images\train\mt_uneven_exp5_num_270218.png,0.5,0.699164,1.0,0.456825,242.0,164.00017499999998,0.456825,2.1890220543971983,large
train,mt_uneven_exp5_num_270218_aug1,E:\Data (Drive)\IUH\DL\GK\surface-defect-detection\data\images\train\mt_uneven_exp5_num_270218_aug1.png,0.5,0.699164,1.0,0.456825,242.0,164.00017499999998,0.456825,2.1890220543971983,large
train,mt_uneven_exp5_num_270218_aug2,E:\Data (Drive)\IUH\DL\GK\surface-defect-detection\data\images\train\mt_uneven_exp5_num_270218_aug2.png,0.5,0.300836,1.0,0.456825,242.0,164.00017499999998,0.456825,2.1890220543971983,large
train,mt_uneven_exp5_num_28404,E:\Data (Drive)\IUH\DL\GK\surface-defect-detection\data\images\train\mt_uneven_exp5_num_28404.png,0.833333,0.118976,0.333333,0.237952,172.99982699999998,79.000064,0.079317254016,1.400841346153846,large
train,mt_uneven_exp5_num_28404_aug1,E:\Data (Drive)\IUH\DL\GK\surface-defect-detection\data\images\train\mt_uneven_exp5_num_28404_aug1.png,0.166667,0.118976,0.333333,0.237952,172.99982699999998,79.000064,0.079317254016,1.400841346153846,large
train,mt_uneven_exp5_num_28404_aug2,E:\Data (Drive)\IUH\DL\GK\surface-defect-detection\data\images\train\mt_uneven_exp5_num_28404_aug2.png,0.833333,0.881024,0.333333,0.237952,172.99982699999998,79.000064,0.079317254016,1.400841346153846,large
train,mt_uneven_exp5_num_311887,E:\Data (Drive)\IUH\DL\GK\surface-defect-detection\data\images\train\mt_uneven_exp5_num_311887.png,0.5,0.934859,1.0,0.130282,230.0,37.000088000000005,0.130282,7.675657420058028,large
train,mt_uneven_exp5_num_311887_aug1,E:\Data (Drive)\IUH\DL\GK\surface-defect-detection\data\images\train\mt_uneven_exp5_num_311887_aug1.png,0.5,0.934859,1.0,0.130282,230.0,37.000088000000005,0.130282,7.675657420058028,large
train,mt_uneven_exp5_num_311887_aug2,E:\Data (Drive)\IUH\DL\GK\surface-defect-detection\data\images\train\mt_uneven_exp5_num_311887_aug2.png,0.5,0.065141,1.0,0.130282,230.0,37.000088000000005,0.130282,7.675657420058028,large
train,mt_uneven_exp5_num_313536,E:\Data (Drive)\IUH\DL\GK\surface-defect-detection\data\images\train\mt_uneven_exp5_num_313536.png,0.5,0.169075,1.0,0.33815,247.0,116.9999,0.33815,2.957267484844004,large
train,mt_uneven_exp5_num_313536_aug1,E:\Data (Drive)\IUH\DL\GK\surface-defect-detection\data\images\train\mt_uneven_exp5_num_313536_aug1.png,0.5,0.169075,1.0,0.33815,247.0,116.9999,0.33815,2.957267484844004,large
train,mt_uneven_exp5_num_313536_aug2,E:\Data (Drive)\IUH\DL\GK\surface-defect-detection\data\images\train\mt_uneven_exp5_num_313536_aug2.png,0.5,0.830925,1.0,0.33815,247.0,116.9999,0.33815,2.957267484844004,large
train,mt_uneven_exp5_num_45084,E:\Data (Drive)\IUH\DL\GK\surface-defect-detection\data\images\train\mt_uneven_exp5_num_45084.png,0.5,0.83945,1.0,0.321101,502.0,105.000027,0.321101,3.1142849134695934,large
train,mt_uneven_exp5_num_45084_aug1,E:\Data (Drive)\IUH\DL\GK\surface-defect-detection\data\images\train\mt_uneven_exp5_num_45084_aug1.png,0.5,0.83945,1.0,0.321101,502.0,105.000027,0.321101,3.1142849134695934,large
train,mt_uneven_exp5_num_45084_aug2,E:\Data (Drive)\IUH\DL\GK\surface-defect-detection\data\images\train\mt_uneven_exp5_num_45084_aug2.png,0.5,0.16055,1.0,0.321101,502.0,105.000027,0.321101,3.1142849134695934,large
train,mt_uneven_exp6_num_109350,E:\Data (Drive)\IUH\DL\GK\surface-defect-detection\data\images\train\mt_uneven_exp6_num_109350.png,0.5,0.755769,1.0,0.488462,600.0,127.00012,0.488462,2.047242160086148,large
train,mt_uneven_exp6_num_109350_aug1,E:\Data (Drive)\IUH\DL\GK\surface-defect-detection\data\images\train\mt_uneven_exp6_num_109350_aug1.png,0.5,0.755769,1.0,0.488462,600.0,127.00012,0.488462,2.047242160086148,large
train,mt_uneven_exp6_num_109350_aug2,E:\Data (Drive)\IUH\DL\GK\surface-defect-detection\data\images\train\mt_uneven_exp6_num_109350_aug2.png,0.5,0.244231,1.0,0.488462,600.0,127.00012,0.488462,2.047242160086148,large
train,mt_uneven_exp6_num_124787,E:\Data (Drive)\IUH\DL\GK\surface-defect-detection\data\images\train\mt_uneven_exp6_num_124787.png,0.5,0.192946,1.0,0.385892,620.0,92.999972,0.385892,2.5913986296684044,large
train,mt_uneven_exp6_num_124787_aug1,E:\Data (Drive)\IUH\DL\GK\surface-defect-detection\data\images\train\mt_uneven_exp6_num_124787_aug1.png,0.5,0.192946,1.0,0.385892,620.0,92.999972,0.385892,2.5913986296684044,large
train,mt_uneven_exp6_num_124787_aug2,E:\Data (Drive)\IUH\DL\GK\surface-defect-detection\data\images\train\mt_uneven_exp6_num_124787_aug2.png,0.5,0.807054,1.0,0.385892,620.0,92.999972,0.385892,2.5913986296684044,large
train,mt_uneven_exp6_num_129148,E:\Data (Drive)\IUH\DL\GK\surface-defect-detection\data\images\train\mt_uneven_exp6_num_129148.png,0.5,0.080601,1.0,0.161202,256.0,58.999932,0.161202,6.2033969801863496,large
train,mt_uneven_exp6_num_129148_aug1,E:\Data (Drive)\IUH\DL\GK\surface-defect-detection\data\images\train\mt_uneven_exp6_num_129148_aug1.png,0.5,0.080601,1.0,0.161202,256.0,58.999932,0.161202,6.2033969801863496,large
train,mt_uneven_exp6_num_129148_aug2,E:\Data (Drive)\IUH\DL\GK\surface-defect-detection\data\images\train\mt_uneven_exp6_num_129148_aug2.png,0.5,0.919399,1.0,0.161202,256.0,58.999932,0.161202,6.2033969801863496,large
train,mt_uneven_exp6_num_139916,E:\Data (Drive)\IUH\DL\GK\surface-defect-detection\data\images\train\mt_uneven_exp6_num_139916.png,0.5,0.811475,1.0,0.377049,608.0,91.99995600000001,0.377049,2.6521751814750867,large
train,mt_uneven_exp6_num_139916_aug1,E:\Data (Drive)\IUH\DL\GK\surface-defect-detection\data\images\train\mt_uneven_exp6_num_139916_aug1.png,0.5,0.811475,1.0,0.377049,608.0,91.99995600000001,0.377049,2.6521751814750867,large
train,mt_uneven_exp6_num_139916_aug2,E:\Data (Drive)\IUH\DL\GK\surface-defect-detection\data\images\train\mt_uneven_exp6_num_139916_aug2.png,0.5,0.188525,1.0,0.377049,608.0,91.99995600000001,0.377049,2.6521751814750867,large
train,mt_uneven_exp6_num_172365,E:\Data (Drive)\IUH\DL\GK\surface-defect-detection\data\images\train\mt_uneven_exp6_num_172365.png,0.5,0.200311,1.0,0.400621,190.0,128.999962,0.400621,2.4961247663003188,large
train,mt_uneven_exp6_num_172365_aug1,E:\Data (Drive)\IUH\DL\GK\surface-defect-detection\data\images\train\mt_uneven_exp6_num_172365_aug1.png,0.5,0.200311,1.0,0.400621,190.0,128.999962,0.400621,2.4961247663003188,large
train,mt_uneven_exp6_num_172365_aug2,E:\Data (Drive)\IUH\DL\GK\surface-defect-detection\data\images\train\mt_uneven_exp6_num_172365_aug2.png,0.5,0.799689,1.0,0.400621,190.0,128.999962,0.400621,2.4961247663003188,large
train,mt_uneven_exp6_num_25007,E:\Data (Drive)\IUH\DL\GK\surface-defect-detection\data\images\train\mt_uneven_exp6_num_25007.png,0.634241,0.730422,0.731518,0.231928,376.000252,77.000096,0.16965950670399998,3.154073678038012,large
train,mt_uneven_exp6_num_25007_aug1,E:\Data (Drive)\IUH\DL\GK\surface-defect-detection\data\images\train\mt_uneven_exp6_num_25007_aug1.png,0.365759,0.730422,0.731518,0.231928,376.000252,77.000096,0.16965950670399998,3.154073678038012,large
train,mt_uneven_exp6_num_25007_aug2,E:\Data (Drive)\IUH\DL\GK\surface-defect-detection\data\images\train\mt_uneven_exp6_num_25007_aug2.png,0.634241,0.269578,0.731518,0.231928,376.000252,77.000096,0.16965950670399998,3.154073678038012,large
train,mt_uneven_exp6_num_270255,E:\Data (Drive)\IUH\DL\GK\surface-defect-detection\data\images\train\mt_uneven_exp6_num_270255.png,0.46,0.742297,0.92,0.459384,230.0,164.000088,0.42263328000000006,2.002681852219494,large
train,mt_uneven_exp6_num_270255_aug1,E:\Data (Drive)\IUH\DL\GK\surface-defect-detection\data\images\train\mt_uneven_exp6_num_270255_aug1.png,0.54,0.742297,0.92,0.459384,230.0,164.000088,0.42263328000000006,2.002681852219494,large
train,mt_uneven_exp6_num_270255_aug2,E:\Data (Drive)\IUH\DL\GK\surface-defect-detection\data\images\train\mt_uneven_exp6_num_270255_aug2.png,0.46,0.257703,0.92,0.459384,230.0,164.000088,0.42263328000000006,2.002681852219494,large
train,mt_uneven_exp6_num_274218,E:\Data (Drive)\IUH\DL\GK\surface-defect-detection\data\images\train\mt_uneven_exp6_num_274218.png,0.349558,0.149281,0.699115,0.298561,157.99999,82.999958,0.20872847351500004,2.341615281299299,large
train,mt_uneven_exp6_num_274218_aug1,E:\Data (Drive)\IUH\DL\GK\surface-defect-detection\data\images\train\mt_uneven_exp6_num_274218_aug1.png,0.650442,0.149281,0.699115,0.298561,157.99999,82.999958,0.20872847351500004,2.341615281299299,large
train,mt_uneven_exp6_num_274218_aug2,E:\Data (Drive)\IUH\DL\GK\surface-defect-detection\data\images\train\mt_uneven_exp6_num_274218_aug2.png,0.349558,0.850719,0.699115,0.298561,157.99999,82.999958,0.20872847351500004,2.341615281299299,large
train,mt_uneven_exp6_num_311924,E:\Data (Drive)\IUH\DL\GK\surface-defect-detection\data\images\train\mt_uneven_exp6_num_311924.png,0.5,0.939716,1.0,0.120567,223.0,33.999894,0.120567,8.29414350527093,large
train,mt_uneven_exp6_num_311924_aug1,E:\Data (Drive)\IUH\DL\GK\surface-defect-detection\data\images\train\mt_uneven_exp6_num_311924_aug1.png,0.5,0.939716,1.0,0.120567,223.0,33.999894,0.120567,8.29414350527093,large
train,mt_uneven_exp6_num_311924_aug2,E:\Data (Drive)\IUH\DL\GK\surface-defect-detection\data\images\train\mt_uneven_exp6_num_311924_aug2.png,0.5,0.060284,1.0,0.120567,223.0,33.999894,0.120567,8.29414350527093,large
train,mt_uneven_exp6_num_352572,E:\Data (Drive)\IUH\DL\GK\surface-defect-detection\data\images\train\mt_uneven_exp6_num_352572.png,0.5,0.883378,1.0,0.233244,510.0,87.000012,0.233244,4.2873557304796694,large
train,mt_uneven_exp6_num_352572_aug1,E:\Data (Drive)\IUH\DL\GK\surface-defect-detection\data\images\train\mt_uneven_exp6_num_352572_aug1.png,0.5,0.883378,1.0,0.233244,510.0,87.000012,0.233244,4.2873557304796694,large
train,mt_uneven_exp6_num_352572_aug2,E:\Data (Drive)\IUH\DL\GK\surface-defect-detection\data\images\train\mt_uneven_exp6_num_352572_aug2.png,0.5,0.116622,1.0,0.233244,510.0,87.000012,0.233244,4.2873557304796694,large
train,mt_uneven_exp6_num_628,E:\Data (Drive)\IUH\DL\GK\surface-defect-detection\data\images\train\mt_uneven_exp6_num_628.png,0.5,0.133106,1.0,0.266212,120.0,78.000116,0.266212,3.7564046699622855,large
train,mt_uneven_exp6_num_628_aug1,E:\Data (Drive)\IUH\DL\GK\surface-defect-detection\data\images\train\mt_uneven_exp6_num_628_aug1.png,0.5,0.133106,1.0,0.266212,120.0,78.000116,0.266212,3.7564046699622855,large
train,mt_uneven_exp6_num_628_aug2,E:\Data (Drive)\IUH\DL\GK\surface-defect-detection\data\images\train\mt_uneven_exp6_num_628_aug2.png,0.5,0.866894,1.0,0.266212,120.0,78.000116,0.266212,3.7564046699622855,large
val,ksdd2_10273,E:\Data (Drive)\IUH\DL\GK\surface-defect-detection\data\images\val\ksdd2_10273.png,0.5,0.134945,0.243478,0.269891,55.99994,173.00013099999998,0.065712520898,0.9021345654356759,large
val,ksdd2_10308,E:\Data (Drive)\IUH\DL\GK\surface-defect-detection\data\images\val\ksdd2_10308.png,0.5837,0.799532,0.004405,0.00468,0.999935,2.99988,2.0615400000000003e-05,0.9412393162393162,small
val,ksdd2_10308,E:\Data (Drive)\IUH\DL\GK\surface-defect-detection\data\images\val\ksdd2_10308.png,0.792952,0.811232,0.414097,0.24961,94.000019,160.00001,0.10336275217,1.658976002564,large
val,ksdd2_10344,E:\Data (Drive)\IUH\DL\GK\surface-defect-detection\data\images\val\ksdd2_10344.png,0.219565,0.041009,0.16087,0.069401,37.0001,44.000234000000006,0.01116453887,2.3179781271163242,medium
val,ksdd2_10352,E:\Data (Drive)\IUH\DL\GK\surface-defect-detection\data\images\val\ksdd2_10352.png,0.660173,0.444006,0.290043,0.042587,66.999933,27.000158,0.012352061241,6.8105994787141615,medium
val,ksdd2_10352,E:\Data (Drive)\IUH\DL\GK\surface-defect-detection\data\images\val\ksdd2_10352.png,0.119048,0.434543,0.220779,0.055205,50.999949,34.99997,0.012188104695,3.9992573136491263,medium
val,ksdd2_10354,E:\Data (Drive)\IUH\DL\GK\surface-defect-detection\data\images\val\ksdd2_10354.png,0.311111,0.960191,0.257778,0.079618,58.00005,50.00010399999999,0.020523768804,3.2376849456153134,medium
val,ksdd2_10487,E:\Data (Drive)\IUH\DL\GK\surface-defect-detection\data\images\val\ksdd2_10487.png,0.352657,0.472484,0.21256,0.029874,43.99992,18.999864000000002,0.00635001744,7.115217245765549,small
val,ksdd2_10659,E:\Data (Drive)\IUH\DL\GK\surface-defect-detection\data\images\val\ksdd2_10659.png,0.865471,0.976948,0.233184,0.046105,52.000032,29.000045,0.01075094832,5.057672703611322,medium
val,ksdd2_10714,E:\Data (Drive)\IUH\DL\GK\surface-defect-detection\data\images\val\ksdd2_10714.png,0.152174,0.859034,0.278261,0.029595,64.00003,18.99999,0.008235134295,9.402297685419834,small
val,ksdd2_10756,E:\Data (Drive)\IUH\DL\GK\surface-defect-detection\data\images\val\ksdd2_10756.png,0.555794,0.924149,0.304721,0.151703,70.999993,98.000138,0.046227089863000004,2.008668253099807,medium
val,ksdd2_10874,E:\Data (Drive)\IUH\DL\GK\surface-defect-detection\data\images\val\ksdd2_10874.png,0.30131,0.464734,0.061135,0.014107,13.999915,9.000266,0.000862431445,4.333664138371022,small
val,ksdd2_10907,E:\Data (Drive)\IUH\DL\GK\surface-defect-detection\data\images\val\ksdd2_10907.png,0.5,0.797319,1.0,0.231861,226.0,146.999874,0.231861,4.3129288668641985,large
val,ksdd2_11012,E:\Data (Drive)\IUH\DL\GK\surface-defect-detection\data\images\val\ksdd2_11012.png,0.127232,0.934335,0.129464,0.052215,28.999935999999998,32.99988,0.006759962759999999,2.4794407737240256,small
val,ksdd2_11025,E:\Data (Drive)\IUH\DL\GK\surface-defect-detection\data\images\val\ksdd2_11025.png,0.183983,0.298578,0.220779,0.085308,50.999949,53.999964,0.018834214932,2.5880222253481504,medium
val,ksdd2_11040,E:\Data (Drive)\IUH\DL\GK\surface-defect-detection\data\images\val\ksdd2_11040.png,0.380952,0.973144,0.147186,0.053712,33.999966,33.999696,0.007905654432000002,2.7402815013404824,small
val,ksdd2_11101,E:\Data (Drive)\IUH\DL\GK\surface-defect-detection\data\images\val\ksdd2_11101.png,0.296943,0.138801,0.50655,0.277603,115.99994999999998,176.000302,0.14061979965,1.8247281189324323,large
val,ksdd2_11135,E:\Data (Drive)\IUH\DL\GK\surface-defect-detection\data\images\val\ksdd2_11135.png,0.074236,0.42914,0.148472,0.144904,34.000088,90.999712,0.021514186688,1.0246231988074863,medium
val,ksdd2_11230,E:\Data (Drive)\IUH\DL\GK\surface-defect-detection\data\images\val\ksdd2_11230.png,0.852564,0.413009,0.047009,0.010972,11.000106,7.000136,0.000515782748,4.284451330659861,small
val,ksdd2_11339,E:\Data (Drive)\IUH\DL\GK\surface-defect-detection\data\images\val\ksdd2_11339.png,0.502193,0.455975,0.267544,0.031447,61.000032000000004,20.000292,0.008413456168,8.507774986485197,small
val,ksdd2_11351,E:\Data (Drive)\IUH\DL\GK\surface-defect-detection\data\images\val\ksdd2_11351.png,0.049774,0.782989,0.099548,0.255962,22.000108,161.000098,0.025480505176000003,0.388917104882756,medium
val,ksdd2_11360,E:\Data (Drive)\IUH\DL\GK\surface-defect-detection\data\images\val\ksdd2_11360.png,0.14693,0.604037,0.127193,0.108696,29.000004,70.000224,0.013825370328,1.1701718554500626,medium
val,ksdd2_11363,E:\Data (Drive)\IUH\DL\GK\surface-defect-detection\data\images\val\ksdd2_11363.png,0.058442,0.9216,0.064935,0.0448,14.999985000000002,28.0,0.002909088,1.4494419642857144,small
val,ksdd2_11363,E:\Data (Drive)\IUH\DL\GK\surface-defect-detection\data\images\val\ksdd2_11363.png,0.264069,0.8448,0.17316,0.0672,39.99996,42.0,0.011636351999999999,2.5767857142857147,medium
val,ksdd2_11447,E:\Data (Drive)\IUH\DL\GK\surface-defect-detection\data\images\val\ksdd2_11447.png,0.307692,0.514218,0.435897,0.099526,101.999898,62.999958,0.043383084822,4.379729919819946,medium
val,ksdd2_11458,E:\Data (Drive)\IUH\DL\GK\surface-defect-detection\data\images\val\ksdd2_11458.png,0.69469,0.551181,0.132743,0.031496,29.999918,19.99996,0.004180873528,4.2145986791973575,small
val,ksdd2_11574,E:\Data (Drive)\IUH\DL\GK\surface-defect-detection\data\images\val\ksdd2_11574.png,0.088745,0.796094,0.177489,0.407813,40.999959000000004,261.00032,0.072382321557,0.43522153536056973,large
val,ksdd2_11612,E:\Data (Drive)\IUH\DL\GK\surface-defect-detection\data\images\val\ksdd2_11612.png,0.724891,0.377344,0.550218,0.660937,125.999922,422.99968,0.363659434266,0.8324817645252119,large
val,ksdd2_11746,E:\Data (Drive)\IUH\DL\GK\surface-defect-detection\data\images\val\ksdd2_11746.png,0.942982,0.467085,0.114035,0.137931,25.99998,87.999978,0.015728961585,0.8267539566884892,medium
val,ksdd2_11746,E:\Data (Drive)\IUH\DL\GK\surface-defect-detection\data\images\val\ksdd2_11746.png,0.622807,0.11442,0.280702,0.15674,64.000056,100.00012,0.043997231479999996,1.790876610948067,medium
val,ksdd2_11775,E:\Data (Drive)\IUH\DL\GK\surface-defect-detection\data\images\val\ksdd2_11775.png,0.849345,0.482622,0.30131,0.096367,68.99999000000001,61.000310999999996,0.029036340770000002,3.126692747517304,medium
val,ksdd2_11800,E:\Data (Drive)\IUH\DL\GK\surface-defect-detection\data\images\val\ksdd2_11800.png,0.078704,0.134185,0.157407,0.268371,33.999911999999995,168.000246,0.042243473997,0.5865276054417206,medium
val,ksdd2_11810,E:\Data (Drive)\IUH\DL\GK\surface-defect-detection\data\images\val\ksdd2_11810.png,0.489177,0.46875,0.233766,0.090625,53.999946,58.0,0.02118504375,2.579486896551724,medium
val,ksdd2_11836,E:\Data (Drive)\IUH\DL\GK\surface-defect-detection\data\images\val\ksdd2_11836.png,0.139738,0.962323,0.183406,0.075353,41.999974,47.999861,0.013820192318000002,2.433957506668613,medium
val,ksdd2_11920,E:\Data (Drive)\IUH\DL\GK\surface-defect-detection\data\images\val\ksdd2_11920.png,0.0671,0.574568,0.134199,0.031397,30.999969000000004,19.999889,0.0042134460030000005,4.2742618721533905,small
val,ksdd2_11927,E:\Data (Drive)\IUH\DL\GK\surface-defect-detection\data\images\val\ksdd2_11927.png,0.676856,0.474138,0.235808,0.023511,54.000032,15.000018,0.005544081888,10.029688231040788,small
val,ksdd2_12216,E:\Data (Drive)\IUH\DL\GK\surface-defect-detection\data\images\val\ksdd2_12216.png,0.347162,0.529134,0.327511,0.141732,75.000019,89.99982,0.046418789052,2.31077667710891,medium
val,ksdd2_12216,E:\Data (Drive)\IUH\DL\GK\surface-defect-detection\data\images\val\ksdd2_12216.png,0.762009,0.044094,0.20524,0.088189,46.99996,56.000015000000005,0.018099910360000002,2.3272743766229347,medium
val,ksdd2_12237,E:\Data (Drive)\IUH\DL\GK\surface-defect-detection\data\images\val\ksdd2_12237.png,0.898707,0.49373,0.202586,0.053292,46.999952,34.000296,0.010796213111999999,3.8014336110485627,medium
val,ksdd2_12237,E:\Data (Drive)\IUH\DL\GK\surface-defect-detection\data\images\val\ksdd2_12237.png,0.204741,0.505486,0.409483,0.211599,95.000056,135.00016200000002,0.086646193317,1.9351840037051213,large
val,ksdd2_12245,E:\Data (Drive)\IUH\DL\GK\surface-defect-detection\data\images\val\ksdd2_12245.png,0.230435,0.931711,0.46087,0.067504,106.0001,43.000048,0.031110568479999996,6.827299123014933,medium
val,ksdd2_20118,E:\Data (Drive)\IUH\DL\GK\surface-defect-detection\data\images\val\ksdd2_20118.png,0.135371,0.112245,0.270742,0.22135,61.999917999999994,140.99994999999998,0.059928741699999996,1.223139823808448,large
val,ksdd2_20125,E:\Data (Drive)\IUH\DL\GK\surface-defect-detection\data\images\val\ksdd2_20125.png,0.823404,0.492101,0.353191,0.055292,82.99988499999999,34.999836,0.019528636772,6.387741445417058,medium
val,ksdd2_20175,E:\Data (Drive)\IUH\DL\GK\surface-defect-detection\data\images\val\ksdd2_20175.png,0.544843,0.8416,0.112108,0.0864,25.000084,54.0,0.0096861312,1.2975462962962963,small
val,ksdd2_20204,E:\Data (Drive)\IUH\DL\GK\surface-defect-detection\data\images\val\ksdd2_20204.png,0.762931,0.50936,0.465517,0.092044,107.999944,59.000204000000004,0.042848046748,5.05754856373039,medium
val,ksdd2_20231,E:\Data (Drive)\IUH\DL\GK\surface-defect-detection\data\images\val\ksdd2_20231.png,0.078261,0.453968,0.06087,0.034921,14.0001,22.000230000000002,0.00212564127,1.7430772314653074,small
val,ksdd2_20439,E:\Data (Drive)\IUH\DL\GK\surface-defect-detection\data\images\val\ksdd2_20439.png,0.376652,0.288189,0.700441,0.456693,159.00010699999999,290.00005500000003,0.31988650161300003,1.533723967742006,large
val,ksdd2_20486,E:\Data (Drive)\IUH\DL\GK\surface-defect-detection\data\images\val\ksdd2_20486.png,0.839912,0.572441,0.320175,0.077165,72.9999,48.999775,0.024706303875,4.149225685219983,medium
val,ksdd2_20561,E:\Data (Drive)\IUH\DL\GK\surface-defect-detection\data\images\val\ksdd2_20561.png,0.282328,0.872057,0.306034,0.1146,70.999888,73.00019999999999,0.03507149639999999,2.670453752181501,medium
val,ksdd2_20625,E:\Data (Drive)\IUH\DL\GK\surface-defect-detection\data\images\val\ksdd2_20625.png,0.181624,0.929577,0.252137,0.140845,59.000058,89.999955,0.035512235765,1.7901735950867976,medium
val,ksdd2_20665,E:\Data (Drive)\IUH\DL\GK\surface-defect-detection\data\images\val\ksdd2_20665.png,0.345133,0.94195,0.185841,0.116099,42.000066000000004,74.999954,0.021575954259,1.6007114617696967,medium
val,ksdd2_20665,E:\Data (Drive)\IUH\DL\GK\surface-defect-detection\data\images\val\ksdd2_20665.png,0.053097,0.56192,0.106195,0.065015,24.00007,41.99969,0.006904267925000001,1.63339229408598,small
val,ksdd2_20665,E:\Data (Drive)\IUH\DL\GK\surface-defect-detection\data\images\val\ksdd2_20665.png,0.564159,0.512384,0.154867,0.058824,34.999942000000004,38.000304,0.009109896408000001,2.632717938256494,small
val,ksdd2_20685,E:\Data (Drive)\IUH\DL\GK\surface-defect-detection\data\images\val\ksdd2_20685.png,0.550439,0.764753,0.495614,0.138756,112.999992,87.000012,0.068769416184,3.5718383349188505,large
val,ksdd2_20772,E:\Data (Drive)\IUH\DL\GK\surface-defect-detection\data\images\val\ksdd2_20772.png,0.745652,0.088924,0.3,0.134165,69.0,85.99976500000001,0.0402495,2.236052621771699,medium
val,ksdd2_20784,E:\Data (Drive)\IUH\DL\GK\surface-defect-detection\data\images\val\ksdd2_20784.png,0.334783,0.433437,0.556522,0.176471,128.00006,114.000266,0.09820999386199998,3.1536173082262806,large
val,ksdd2_20821,E:\Data (Drive)\IUH\DL\GK\surface-defect-detection\data\images\val\ksdd2_20821.png,0.945887,0.046802,0.108225,0.093604,24.999975,60.000164000000005,0.0101302929,1.156200589718388,medium
val,ksdd2_20848,E:\Data (Drive)\IUH\DL\GK\surface-defect-detection\data\images\val\ksdd2_20848.png,0.720779,0.106583,0.558442,0.213166,129.000102,135.999908,0.11904084737199999,2.619751742773238,large
val,ksdd2_20882,E:\Data (Drive)\IUH\DL\GK\surface-defect-detection\data\images\val\ksdd2_20882.png,0.114035,0.778049,0.22807,0.121951,51.99996,74.999865,0.02781336457,1.8701773663192593,medium
val,ksdd2_20882,E:\Data (Drive)\IUH\DL\GK\surface-defect-detection\data\images\val\ksdd2_20882.png,0.526316,0.693496,0.140351,0.069919,32.000028,43.000184999999995,0.009813201568999999,2.0073370614568287,small
val,ksdd2_20882,E:\Data (Drive)\IUH\DL\GK\surface-defect-detection\data\images\val\ksdd2_20882.png,0.149123,0.123577,0.298246,0.247154,68.000088,151.99971000000002,0.07371269188400001,1.2067213154551413,large
val,ksdd2_20922,E:\Data (Drive)\IUH\DL\GK\surface-defect-detection\data\images\val\ksdd2_20922.png,0.113043,0.836106,0.226087,0.078203,52.00001,47.000003,0.017680681660999998,2.8910271984450726,medium
val,ksdd2_20922,E:\Data (Drive)\IUH\DL\GK\surface-defect-detection\data\images\val\ksdd2_20922.png,0.186957,0.549917,0.147826,0.151414,33.99998,90.999814,0.022382925964,0.9763033801365794,medium
val,ksdd2_20942,E:\Data (Drive)\IUH\DL\GK\surface-defect-detection\data\images\val\ksdd2_20942.png,0.151316,0.406752,0.039474,0.067524,9.000072000000001,41.999928,0.0026654423760000003,0.5845921450151058,small
val,mt_blowhole_exp1_num_108889,E:\Data (Drive)\IUH\DL\GK\surface-defect-detection\data\images\val\mt_blowhole_exp1_num_108889.png,0.508065,0.607239,0.032258,0.061662,7.999984,22.999926000000002,0.0019890927960000003,0.5231422918491129,small
val,mt_blowhole_exp1_num_322605,E:\Data (Drive)\IUH\DL\GK\surface-defect-detection\data\images\val\mt_blowhole_exp1_num_322605.png,0.921569,0.782101,0.04902,0.077821,10.00008,19.999997,0.0038147854200000003,0.6299070944860642,small
val,mt_blowhole_exp2_num_291023,E:\Data (Drive)\IUH\DL\GK\surface-defect-detection\data\images\val\mt_blowhole_exp2_num_291023.png,0.880952,0.891854,0.102041,0.087079,30.000054000000002,31.000124,0.008885628239000002,1.1718209901353944,small
val,mt_blowhole_exp2_num_297490,E:\Data (Drive)\IUH\DL\GK\surface-defect-detection\data\images\val\mt_blowhole_exp2_num_297490.png,0.943182,0.468165,0.022727,0.029963,4.9999400000000005,8.000121,0.000680969101,0.7585021526549411,small
val,mt_blowhole_exp2_num_4748,E:\Data (Drive)\IUH\DL\GK\surface-defect-detection\data\images\val\mt_blowhole_exp2_num_4748.png,0.260331,0.935088,0.123967,0.038596,15.000007,10.99986,0.004784630331999999,3.2119131516219297,small
val,mt_blowhole_exp3_num_108757,E:\Data (Drive)\IUH\DL\GK\surface-defect-detection\data\images\val\mt_blowhole_exp3_num_108757.png,0.513514,0.589239,0.030888,0.065617,7.999992,25.000076999999997,0.002026777896,0.47073167014645595,small
val,mt_blowhole_exp3_num_346347,E:\Data (Drive)\IUH\DL\GK\surface-defect-detection\data\images\val\mt_blowhole_exp3_num_346347.png,0.574219,0.165333,0.015625,0.021333,8.0,7.999875,0.000333328125,0.7324333192706136,small
val,mt_blowhole_exp3_num_36246,E:\Data (Drive)\IUH\DL\GK\surface-defect-detection\data\images\val\mt_blowhole_exp3_num_36246.png,0.641026,0.337456,0.153846,0.074205,17.999982000000003,21.000014999999998,0.01141614243,2.0732565191024865,medium
val,mt_blowhole_exp3_num_40438,E:\Data (Drive)\IUH\DL\GK\surface-defect-detection\data\images\val\mt_blowhole_exp3_num_40438.png,0.474138,0.508621,0.137931,0.031034,15.999996,8.99986,0.004280550654,4.444512470193981,small
val,mt_blowhole_exp4_num_308078,E:\Data (Drive)\IUH\DL\GK\surface-defect-detection\data\images\val\mt_blowhole_exp4_num_308078.png,0.979452,0.708791,0.022831,0.032967,4.999989,8.999991000000001,0.000752669577,0.6925410258743592,small
val,mt_blowhole_exp4_num_317540,E:\Data (Drive)\IUH\DL\GK\surface-defect-detection\data\images\val\mt_blowhole_exp4_num_317540.png,0.468037,0.838346,0.059361,0.037594,13.000059,10.000004,0.002231617434,1.5790019683992125,small
val,mt_blowhole_exp4_num_328029,E:\Data (Drive)\IUH\DL\GK\surface-defect-detection\data\images\val\mt_blowhole_exp4_num_328029.png,0.147309,0.230878,0.028329,0.042493,10.000137,15.000029000000001,0.0012037841970000001,0.6666745110959452,small
val,mt_blowhole_exp4_num_36258,E:\Data (Drive)\IUH\DL\GK\surface-defect-detection\data\images\val\mt_blowhole_exp4_num_36258.png,0.616667,0.334495,0.15,0.076655,18.0,21.999985,0.01149825,1.9568195160133062,medium
val,mt_blowhole_exp4_num_40450,E:\Data (Drive)\IUH\DL\GK\surface-defect-detection\data\images\val\mt_blowhole_exp4_num_40450.png,0.472,0.515679,0.128,0.034843,16.0,9.999941,0.004459904,3.673621674367879,small
val,mt_blowhole_exp4_num_51725,E:\Data (Drive)\IUH\DL\GK\surface-defect-detection\data\images\val\mt_blowhole_exp4_num_51725.png,0.365854,0.122837,0.097561,0.031142,12.000003,9.000038,0.003038244662,3.1327788838224904,small
val,mt_blowhole_exp4_num_7036,E:\Data (Drive)\IUH\DL\GK\surface-defect-detection\data\images\val\mt_blowhole_exp4_num_7036.png,0.755297,0.769122,0.03178,0.048159,15.000160000000001,17.000127,0.00153049302,0.6598974231192508,small
val,mt_blowhole_exp5_num_297552,E:\Data (Drive)\IUH\DL\GK\surface-defect-detection\data\images\val\mt_blowhole_exp5_num_297552.png,0.952489,0.472426,0.022624,0.025735,4.999904,6.99992,0.00058222864,0.8791140470176801,small
val,mt_blowhole_exp6_num_4841,E:\Data (Drive)\IUH\DL\GK\surface-defect-detection\data\images\val\mt_blowhole_exp6_num_4841.png,0.245902,0.930556,0.131148,0.041667,16.000055999999997,12.000096000000001,0.005464543715999999,3.1475268197854414,small
val,mt_break_exp2_num_116961,E:\Data (Drive)\IUH\DL\GK\surface-defect-detection\data\images\val\mt_break_exp2_num_116961.png,0.029605,0.455078,0.059211,0.566406,36.000288,144.999936,0.033537465666,0.10453808752025932,medium
val,mt_break_exp3_num_116981,E:\Data (Drive)\IUH\DL\GK\surface-defect-detection\data\images\val\mt_break_exp3_num_116981.png,0.028053,0.464015,0.056106,0.556818,34.000236,146.999952,0.031240830708000003,0.100761828820189,medium
val,mt_break_exp3_num_148977,E:\Data (Drive)\IUH\DL\GK\surface-defect-detection\data\images\val\mt_break_exp3_num_148977.png,0.234177,0.921474,0.193038,0.086538,122.00001599999999,26.999856,0.016705122444,2.230673230257228,medium
val,mt_break_exp3_num_26146,E:\Data (Drive)\IUH\DL\GK\surface-defect-detection\data\images\val\mt_break_exp3_num_26146.png,0.156955,0.073718,0.193609,0.147436,102.999988,46.000032000000004,0.028544936524000003,1.313173173444749,medium
val,mt_break_exp4_num_304328,E:\Data (Drive)\IUH\DL\GK\surface-defect-detection\data\images\val\mt_break_exp4_num_304328.png,0.826733,0.5,0.346535,1.0,70.00007,245.0,0.346535,0.346535,large
val,mt_break_exp4_num_356767,E:\Data (Drive)\IUH\DL\GK\surface-defect-detection\data\images\val\mt_break_exp4_num_356767.png,0.934314,0.947917,0.111765,0.041667,57.000150000000005,16.000128,0.004656912255,2.6823385412916694,small
val,mt_break_exp5_num_194256,E:\Data (Drive)\IUH\DL\GK\surface-defect-detection\data\images\val\mt_break_exp5_num_194256.png,0.759669,0.908815,0.005525,0.006079,1.0000250000000002,1.999991,3.3586475000000006e-05,0.9088665898996546,small
val,mt_break_exp5_num_194256,E:\Data (Drive)\IUH\DL\GK\surface-defect-detection\data\images\val\mt_break_exp5_num_194256.png,0.870166,0.933131,0.259669,0.133739,47.000088999999996,44.000130999999996,0.034727872390999996,1.9416101511152317,medium
val,mt_break_exp5_num_194256,E:\Data (Drive)\IUH\DL\GK\surface-defect-detection\data\images\val\mt_break_exp5_num_194256.png,0.18232,0.037994,0.099448,0.075988,18.000087999999998,25.000052,0.007556854623999999,1.3087329578354476,small
val,mt_break_exp5_num_271434,E:\Data (Drive)\IUH\DL\GK\surface-defect-detection\data\images\val\mt_break_exp5_num_271434.png,0.088235,0.070144,0.049774,0.140288,11.000054,39.000064,0.006982694912,0.35479869981751827,small
val,mt_break_exp5_num_98336,E:\Data (Drive)\IUH\DL\GK\surface-defect-detection\data\images\val\mt_break_exp5_num_98336.png,0.287411,0.983108,0.019002,0.033784,7.999842000000001,10.000064,0.0006419635680000001,0.5624556002841582,small
val,mt_break_exp5_num_98336,E:\Data (Drive)\IUH\DL\GK\surface-defect-detection\data\images\val\mt_break_exp5_num_98336.png,0.559382,0.95777,0.035629,0.084459,14.999809,24.999864000000002,0.0030091897110000004,0.42184965486212245,small
val,mt_break_exp5_num_98336,E:\Data (Drive)\IUH\DL\GK\surface-defect-detection\data\images\val\mt_break_exp5_num_98336.png,0.733967,0.942568,0.109264,0.094595,46.000144,28.00012,0.01033582808,1.1550716211216239,medium
val,mt_break_exp5_num_98336,E:\Data (Drive)\IUH\DL\GK\surface-defect-detection\data\images\val\mt_break_exp5_num_98336.png,0.894299,0.875,0.054632,0.189189,23.000072,55.999944,0.010335773448,0.2887694316265745,medium
val,mt_break_exp5_num_98336,E:\Data (Drive)\IUH\DL\GK\surface-defect-detection\data\images\val\mt_break_exp5_num_98336.png,0.454869,0.037162,0.2019,0.074324,84.9999,21.999904,0.0150060156,2.716484581023626,medium
val,mt_break_exp6_num_242123,E:\Data (Drive)\IUH\DL\GK\surface-defect-detection\data\images\val\mt_break_exp6_num_242123.png,0.093434,0.04529,0.085859,0.09058,17.000082000000003,25.000079999999997,0.00777710822,0.9478803267829544,small
val,mt_break_exp6_num_304361,E:\Data (Drive)\IUH\DL\GK\surface-defect-detection\data\images\val\mt_break_exp6_num_304361.png,0.816425,0.5,0.36715,1.0,76.00005,262.0,0.36715,0.36715,large
val,mt_crack_exp1_num_3191,E:\Data (Drive)\IUH\DL\GK\surface-defect-detection\data\images\val\mt_crack_exp1_num_3191.png,0.753731,0.140541,0.044776,0.281081,20.999944000000003,103.99997,0.012585682856000003,0.1592992767209452,medium
val,mt_crack_exp1_num_339819,E:\Data (Drive)\IUH\DL\GK\surface-defect-detection\data\images\val\mt_crack_exp1_num_339819.png,0.237179,0.059299,0.012821,0.107817,5.00019,40.000107,0.001382321757,0.11891445690382779,small
val,mt_crack_exp1_num_86828,E:\Data (Drive)\IUH\DL\GK\surface-defect-detection\data\images\val\mt_crack_exp1_num_86828.png,0.539232,0.792181,0.013356,0.415638,8.000244,101.000034,0.005551261128,0.03213373175696158,small
val,mt_crack_exp2_num_3211,E:\Data (Drive)\IUH\DL\GK\surface-defect-detection\data\images\val\mt_crack_exp2_num_3211.png,0.738298,0.140921,0.038298,0.281843,18.000059999999998,104.000067,0.010794023214,0.13588416245924148,medium
val,mt_crack_exp2_num_339841,E:\Data (Drive)\IUH\DL\GK\surface-defect-detection\data\images\val\mt_crack_exp2_num_339841.png,0.163889,0.072368,0.016667,0.123684,6.000120000000001,46.99992,0.002061441228,0.13475469745480417,small
val,mt_crack_exp5_num_116575,E:\Data (Drive)\IUH\DL\GK\surface-defect-detection\data\images\val\mt_crack_exp5_num_116575.png,0.299658,0.161891,0.119863,0.123209,34.999995999999996,42.999941,0.014768200367,0.972842892970481,medium
val,mt_crack_exp5_num_249786,E:\Data (Drive)\IUH\DL\GK\surface-defect-detection\data\images\val\mt_crack_exp5_num_249786.png,0.461364,0.47963,0.068182,0.959259,15.000040000000002,258.99993,0.065404197138,0.0710777798279714,large
val,mt_crack_exp5_num_265695,E:\Data (Drive)\IUH\DL\GK\surface-defect-detection\data\images\val\mt_crack_exp5_num_265695.png,0.73399,0.965026,0.059113,0.069948,11.999939,26.999927999999997,0.004134836124,0.8450992165608738,small
val,mt_crack_exp5_num_265695,E:\Data (Drive)\IUH\DL\GK\surface-defect-detection\data\images\val\mt_crack_exp5_num_265695.png,0.344828,0.024611,0.078818,0.049223,16.000054,19.000078000000002,0.0038796584140000003,1.6012433212116286,small
val,mt_crack_exp5_num_3247,E:\Data (Drive)\IUH\DL\GK\surface-defect-detection\data\images\val\mt_crack_exp5_num_3247.png,0.694667,0.143617,0.050667,0.287234,19.000124999999997,107.999984,0.014553285077999998,0.17639624835499976,medium
val,mt_fray_exp1_num_135544,E:\Data (Drive)\IUH\DL\GK\surface-defect-detection\data\images\val\mt_fray_exp1_num_135544.png,0.179402,0.997917,0.003322,0.004167,1.999844,1.0000799999999999,1.3842773999999998e-05,0.7972162227021838,small
val,mt_fray_exp1_num_135544,E:\Data (Drive)\IUH\DL\GK\surface-defect-detection\data\images\val\mt_fray_exp1_num_135544.png,0.135382,0.954167,0.081395,0.091667,48.99979,22.00008,0.0074612354649999995,0.8879422256646339,small
val,mt_fray_exp1_num_136254,E:\Data (Drive)\IUH\DL\GK\surface-defect-detection\data\images\val\mt_fray_exp1_num_136254.png,0.521127,0.446352,0.348592,0.678112,198.000256,158.000096,0.23638441830400003,0.5140625737341324,large
val,mt_fray_exp1_num_20362,E:\Data (Drive)\IUH\DL\GK\surface-defect-detection\data\images\val\mt_fray_exp1_num_20362.png,0.493028,0.5,0.448207,1.0,224.99991400000002,308.0,0.448207,0.448207,large
val,mt_fray_exp4_num_135615,E:\Data (Drive)\IUH\DL\GK\surface-defect-detection\data\images\val\mt_fray_exp4_num_135615.png,0.155058,0.938492,0.147595,0.123016,88.999785,31.000032,0.01815654652,1.1998032776224232,medium
val,mt_fray_exp6_num_136770,E:\Data (Drive)\IUH\DL\GK\surface-defect-detection\data\images\val\mt_fray_exp6_num_136770.png,0.464815,0.470588,0.362963,0.663866,196.00001999999998,158.00010799999998,0.24095879495799996,0.5467413604552726,large
val,mt_uneven_exp1_num_524,E:\Data (Drive)\IUH\DL\GK\surface-defect-detection\data\images\val\mt_uneven_exp1_num_524.png,0.5,0.137153,1.0,0.274306,113.0,79.000128,0.274306,3.645563713517021,large
val,mt_uneven_exp2_num_155333,E:\Data (Drive)\IUH\DL\GK\surface-defect-detection\data\images\val\mt_uneven_exp2_num_155333.png,0.5,0.78135,1.0,0.437299,192.0,135.999989,0.437299,2.286764890841278,large
val,mt_uneven_exp3_num_139838,E:\Data (Drive)\IUH\DL\GK\surface-defect-detection\data\images\val\mt_uneven_exp3_num_139838.png,0.5,0.788462,1.0,0.423077,604.0,110.00001999999999,0.423077,2.363635933884376,large
val,mt_uneven_exp3_num_274138,E:\Data (Drive)\IUH\DL\GK\surface-defect-detection\data\images\val\mt_uneven_exp3_num_274138.png,0.356522,0.146209,0.713043,0.292419,163.99989,81.000063,0.20850732101699998,2.438429103444031,large
val,mt_uneven_exp4_num_129083,E:\Data (Drive)\IUH\DL\GK\surface-defect-detection\data\images\val\mt_uneven_exp4_num_129083.png,0.5,0.067204,1.0,0.134409,264.0,50.000148,0.134409,7.439977977665186,large
val,mt_uneven_exp4_num_270184,E:\Data (Drive)\IUH\DL\GK\surface-defect-detection\data\images\val\mt_uneven_exp4_num_270184.png,0.471888,0.710306,0.943775,0.401114,234.999975,143.99992600000002,0.37856136535,2.352884716065757,large
val,mt_uneven_exp4_num_313519,E:\Data (Drive)\IUH\DL\GK\surface-defect-detection\data\images\val\mt_uneven_exp4_num_313519.png,0.5,0.186217,1.0,0.372434,252.0,126.999994,0.372434,2.685039496931,large
val,mt_uneven_exp5_num_274174,E:\Data (Drive)\IUH\DL\GK\surface-defect-detection\data\images\val\mt_uneven_exp5_num_274174.png,0.41704,0.164815,0.834081,0.32963,186.00006299999998,89.00009999999999,0.27493812002999996,2.5303552467918577,large
val,mt_uneven_exp5_num_352540,E:\Data (Drive)\IUH\DL\GK\surface-defect-detection\data\images\val\mt_uneven_exp5_num_352540.png,0.5,0.892208,1.0,0.215584,503.0,82.99984,0.215584,4.638563158675969,large
val,mt_uneven_exp5_num_592,E:\Data (Drive)\IUH\DL\GK\surface-defect-detection\data\images\val\mt_uneven_exp5_num_592.png,0.5,0.123288,1.0,0.246575,124.0,71.9999,0.246575,4.0555611882794285,large
val,mt_uneven_exp6_num_155478,E:\Data (Drive)\IUH\DL\GK\surface-defect-detection\data\images\val\mt_uneven_exp6_num_155478.png,0.5,0.769108,1.0,0.461783,195.0,144.999862,0.461783,2.1655193023563015,large
val,mt_uneven_exp6_num_28424,E:\Data (Drive)\IUH\DL\GK\surface-defect-detection\data\images\val\mt_uneven_exp6_num_28424.png,0.814922,0.145646,0.370155,0.291291,190.99998,96.999903,0.10782282010500001,1.2707395697086419,large
val,mt_uneven_exp6_num_313568,E:\Data (Drive)\IUH\DL\GK\surface-defect-detection\data\images\val\mt_uneven_exp6_num_313568.png,0.5,0.173851,1.0,0.347701,252.0,120.99994799999999,0.347701,2.87603429383292,large
test,ksdd2_10047,E:\Data (Drive)\IUH\DL\GK\surface-defect-detection\data\images\test\ksdd2_10047.png,0.406926,0.83752,0.813853,0.324961,188.000043,207.000157,0.264470484733,2.504463612556584,large
test,ksdd2_10159,E:\Data (Drive)\IUH\DL\GK\surface-defect-detection\data\images\test\ksdd2_10159.png,0.334061,0.325077,0.475983,0.411765,109.000107,266.00019,0.19599313999499998,1.155957888601508,large
test,ksdd2_10201,E:\Data (Drive)\IUH\DL\GK\surface-defect-detection\data\images\test\ksdd2_10201.png,0.270742,0.533646,0.541485,0.247261,124.00006499999999,157.99977900000002,0.133888122585,2.1899329049061516,large
test,ksdd2_10208,E:\Data (Drive)\IUH\DL\GK\surface-defect-detection\data\images\test\ksdd2_10208.png,0.548246,0.828549,0.596491,0.145136,135.999948,91.000272,0.086572317776,4.109876253996252,large
test,ksdd2_10223,E:\Data (Drive)\IUH\DL\GK\surface-defect-detection\data\images\test\ksdd2_10223.png,0.402597,0.446759,0.545455,0.158951,126.000105,103.000248,0.08670061770500001,3.4315921258752695,large
test,ksdd2_10266,E:\Data (Drive)\IUH\DL\GK\surface-defect-detection\data\images\test\ksdd2_10266.png,0.131696,0.640157,0.066964,0.03937,14.999935999999998,24.999950000000002,0.00263637268,1.7008890017780034,small
test,ksdd2_10396,E:\Data (Drive)\IUH\DL\GK\surface-defect-detection\data\images\test\ksdd2_10396.png,0.095652,0.184591,0.182609,0.11878,42.00007,73.99994,0.02169029702,1.5373716113823876,medium
test,ksdd2_10414,E:\Data (Drive)\IUH\DL\GK\surface-defect-detection\data\images\test\ksdd2_10414.png,0.40991,0.595238,0.558559,0.12381,124.00009800000001,78.0003,0.06915518979,4.511420725304903,large
test,ksdd2_10426,E:\Data (Drive)\IUH\DL\GK\surface-defect-detection\data\images\test\ksdd2_10426.png,0.395197,0.683594,0.20524,0.070312,46.99996,44.99968,0.01443083488,2.918989646148595,medium
test,ksdd2_10466,E:\Data (Drive)\IUH\DL\GK\surface-defect-detection\data\images\test\ksdd2_10466.png,0.09589,0.704688,0.191781,0.16875,42.000039,108.0,0.03236304375,1.13648,medium
test,ksdd2_10499,E:\Data (Drive)\IUH\DL\GK\surface-defect-detection\data\images\test\ksdd2_10499.png,0.084862,0.910494,0.169725,0.179012,37.000049999999995,115.999776,0.030382811699999998,0.9481207963711928,medium
test,ksdd2_10536,E:\Data (Drive)\IUH\DL\GK\surface-defect-detection\data\images\test\ksdd2_10536.png,0.155702,0.090202,0.311404,0.180404,71.000112,115.99977200000001,0.05617852721600001,1.7261479789805103,large
test,ksdd2_10585,E:\Data (Drive)\IUH\DL\GK\surface-defect-detection\data\images\test\ksdd2_10585.png,0.578947,0.502322,0.842105,0.131579,191.99994,85.000034,0.110803333795,6.399995440001824,large
test,ksdd2_10648,E:\Data (Drive)\IUH\DL\GK\surface-defect-detection\data\images\test\ksdd2_10648.png,0.890351,0.320533,0.122807,0.03605,27.999996,22.9999,0.004427192349999999,3.406574202496533,small
test,ksdd2_10695,E:\Data (Drive)\IUH\DL\GK\surface-defect-detection\data\images\test\ksdd2_10695.png,0.77533,0.83567,0.176211,0.060748,39.999897000000004,39.000216,0.010704465828000002,2.9006880884967408,medium
test,ksdd2_10695,E:\Data (Drive)\IUH\DL\GK\surface-defect-detection\data\images\test\ksdd2_10695.png,0.76652,0.628505,0.096916,0.038941,21.999932,25.000122,0.0037740059560000005,2.4887907347012144,small
test,ksdd2_10711,E:\Data (Drive)\IUH\DL\GK\surface-defect-detection\data\images\test\ksdd2_10711.png,0.497854,0.68124,0.06867,0.023847,16.00011,14.999763,0.0016375734899999998,2.879607497798465,small
test,ksdd2_10905,E:\Data (Drive)\IUH\DL\GK\surface-defect-detection\data\images\test\ksdd2_10905.png,0.427632,0.438679,0.469298,0.04717,106.999944,30.00012,0.022136786659999998,9.949077803688786,medium
test,ksdd2_11052,E:\Data (Drive)\IUH\DL\GK\surface-defect-detection\data\images\test\ksdd2_11052.png,0.068889,0.164809,0.137778,0.122611,31.00005,76.999708,0.016893098358,1.1237001574083894,medium
test,ksdd2_11052,E:\Data (Drive)\IUH\DL\GK\surface-defect-detection\data\images\test\ksdd2_11052.png,0.122222,0.041401,0.244444,0.082803,54.9999,52.000284,0.020240696532,2.952115261524341,medium
test,ksdd2_11061,E:\Data (Drive)\IUH\DL\GK\surface-defect-detection\data\images\test\ksdd2_11061.png,0.242358,0.672868,0.213974,0.170543,49.000046,110.000235,0.036491767882,1.254663046856218,medium
test,ksdd2_11074,E:\Data (Drive)\IUH\DL\GK\surface-defect-detection\data\images\test\ksdd2_11074.png,0.07234,0.127329,0.144681,0.254658,34.000035000000004,163.999752,0.036844174098,0.5681384445020381,medium
test,ksdd2_11093,E:\Data (Drive)\IUH\DL\GK\surface-defect-detection\data\images\test\ksdd2_11093.png,0.887712,0.313756,0.105932,0.055641,24.999952,35.999727,0.005894162412000001,1.903847881957549,small
test,ksdd2_11169,E:\Data (Drive)\IUH\DL\GK\surface-defect-detection\data\images\test\ksdd2_11169.png,0.174468,0.464451,0.093617,0.051005,21.999995000000002,33.000235,0.004774935085,1.8354475051465544,small
test,ksdd2_11228,E:\Data (Drive)\IUH\DL\GK\surface-defect-detection\data\images\test\ksdd2_11228.png,0.165948,0.468701,0.331897,0.161189,77.000104,102.999771,0.053498145533,2.059054898287104,large
test,ksdd2_11350,E:\Data (Drive)\IUH\DL\GK\surface-defect-detection\data\images\test\ksdd2_11350.png,0.273913,0.589564,0.469565,0.054517,107.99995,34.999914000000004,0.025599275105000003,8.613184878111415,medium
test,ksdd2_11386,E:\Data (Drive)\IUH\DL\GK\surface-defect-detection\data\images\test\ksdd2_11386.png,0.955752,0.16879,0.088496,0.152866,20.000096000000003,95.999848,0.013528029536000002,0.5789122499443957,medium
test,ksdd2_11398,E:\Data (Drive)\IUH\DL\GK\surface-defect-detection\data\images\test\ksdd2_11398.png,0.802222,0.46136,0.395556,0.180835,89.0001,117.00024499999999,0.07153036926,2.187386291370587,large
test,ksdd2_11477,E:\Data (Drive)\IUH\DL\GK\surface-defect-detection\data\images\test\ksdd2_11477.png,0.776087,0.504673,0.447826,0.062305,102.99998,39.99981,0.02790179893,7.187641441296846,medium
test,ksdd2_11643,E:\Data (Drive)\IUH\DL\GK\surface-defect-detection\data\images\test\ksdd2_11643.png,0.790948,0.730284,0.073276,0.015773,17.000031999999997,10.000081999999999,0.0011557823479999999,4.645660305585494,small
test,ksdd2_11662,E:\Data (Drive)\IUH\DL\GK\surface-defect-detection\data\images\test\ksdd2_11662.png,0.173913,0.779874,0.130435,0.059748,30.000049999999998,37.999728000000005,0.00779323038,2.1830856262971143,small
test,ksdd2_11670,E:\Data (Drive)\IUH\DL\GK\surface-defect-detection\data\images\test\ksdd2_11670.png,0.825991,0.543239,0.348018,0.177673,79.000086,113.000028,0.061833402114,1.9587556916357578,large
test,ksdd2_11755,E:\Data (Drive)\IUH\DL\GK\surface-defect-detection\data\images\test\ksdd2_11755.png,0.227468,0.53605,0.32618,0.043887,75.99994000000001,27.999906000000003,0.014315061660000001,7.432269236903867,medium
test,ksdd2_11858,E:\Data (Drive)\IUH\DL\GK\surface-defect-detection\data\images\test\ksdd2_11858.png,0.144397,0.929027,0.142241,0.141946,32.999912,89.000142,0.020190540986,1.0020782551110987,medium
test,ksdd2_11867,E:\Data (Drive)\IUH\DL\GK\surface-defect-detection\data\images\test\ksdd2_11867.png,0.663043,0.657643,0.056522,0.047771,13.000060000000001,30.000188,0.002700112462,1.1831864520315674,small
test,ksdd2_12028,E:\Data (Drive)\IUH\DL\GK\surface-defect-detection\data\images\test\ksdd2_12028.png,0.137555,0.648265,0.091703,0.063091,20.999987,39.999694,0.005785633973,1.4535036693030705,small
test,ksdd2_12050,E:\Data (Drive)\IUH\DL\GK\surface-defect-detection\data\images\test\ksdd2_12050.png,0.25,0.066188,0.195652,0.116427,44.99996,72.999729,0.022779175404,1.680469306947701,medium
test,ksdd2_12191,E:\Data (Drive)\IUH\DL\GK\surface-defect-detection\data\images\test\ksdd2_12191.png,0.108696,0.529549,0.113043,0.107309,25.99989,68.999687,0.012130531287,1.053434474275224,medium
test,ksdd2_12244,E:\Data (Drive)\IUH\DL\GK\surface-defect-detection\data\images\test\ksdd2_12244.png,0.775109,0.025806,0.318777,0.051613,72.999933,32.00006,0.016453037301,6.17629279445101,medium
test,ksdd2_20139,E:\Data (Drive)\IUH\DL\GK\surface-defect-detection\data\images\test\ksdd2_20139.png,0.635071,0.2847,0.104265,0.070978,21.999914999999998,45.000052,0.0074005211699999995,1.4689763025162725,small
test,ksdd2_20236,E:\Data (Drive)\IUH\DL\GK\surface-defect-detection\data\images\test\ksdd2_20236.png,0.051948,0.025357,0.069264,0.050713,15.999984000000001,31.999903,0.0035125852320000003,1.3658036400922842,small
test,ksdd2_20281,E:\Data (Drive)\IUH\DL\GK\surface-defect-detection\data\images\test\ksdd2_20281.png,0.735808,0.199693,0.126638,0.15361,29.000102000000002,100.00010999999999,0.01945286318,0.8244124731462795,medium
test,ksdd2_20319,E:\Data (Drive)\IUH\DL\GK\surface-defect-detection\data\images\test\ksdd2_20319.png,0.074236,0.969484,0.148472,0.061033,34.000088,39.000087,0.009061691576,2.4326511887011946,small
test,ksdd2_20416,E:\Data (Drive)\IUH\DL\GK\surface-defect-detection\data\images\test\ksdd2_20416.png,0.288288,0.1328,0.576577,0.2496,128.000094,156.0,0.14391361919999998,2.3100040064102565,large
test,ksdd2_20543,E:\Data (Drive)\IUH\DL\GK\surface-defect-detection\data\images\test\ksdd2_20543.png,0.223176,0.506289,0.180258,0.028302,42.000114,18.000072,0.005101661916,6.369090523637905,small
test,ksdd2_20544,E:\Data (Drive)\IUH\DL\GK\surface-defect-detection\data\images\test\ksdd2_20544.png,0.593478,0.114969,0.073913,0.023148,16.99999,14.999903999999999,0.0017109381240000001,3.1930620355970283,small
test,ksdd2_20600,E:\Data (Drive)\IUH\DL\GK\surface-defect-detection\data\images\test\ksdd2_20600.png,0.830472,0.461957,0.339056,0.091615,79.000048,59.000060000000005,0.031062615440000003,3.700878677072532,medium
test,ksdd2_20624,E:\Data (Drive)\IUH\DL\GK\surface-defect-detection\data\images\test\ksdd2_20624.png,0.767241,0.641287,0.318966,0.139717,74.000112,88.999729,0.04456497262200001,2.282943378400624,medium
test,ksdd2_20754,E:\Data (Drive)\IUH\DL\GK\surface-defect-detection\data\images\test\ksdd2_20754.png,0.070048,0.867138,0.140097,0.02673,29.000079,17.00028,0.00374479281,5.2411896745230075,small
test,ksdd2_20765,E:\Data (Drive)\IUH\DL\GK\surface-defect-detection\data\images\test\ksdd2_20765.png,0.188596,0.335463,0.263158,0.060703,60.000024,38.000078,0.015974480074,4.335172890960908,medium
test,ksdd2_20804,E:\Data (Drive)\IUH\DL\GK\surface-defect-detection\data\images\test\ksdd2_20804.png,0.652838,0.084772,0.694323,0.169545,158.999967,108.000165,0.11771899303500001,4.095213660090241,large
test,ksdd2_20870,E:\Data (Drive)\IUH\DL\GK\surface-defect-detection\data\images\test\ksdd2_20870.png,0.75,0.880655,0.5,0.154446,115.0,98.999886,0.077223,3.2373774652629397,large
test,ksdd2_20884,E:\Data (Drive)\IUH\DL\GK\surface-defect-detection\data\images\test\ksdd2_20884.png,0.630435,0.23053,0.73913,0.361371,169.9999,232.000182,0.26710014723,2.0453495161482245,large
test,ksdd2_20895,E:\Data (Drive)\IUH\DL\GK\surface-defect-detection\data\images\test\ksdd2_20895.png,0.723913,0.032609,0.23913,0.065217,54.999900000000004,41.999748,0.01559534121,3.666682000092001,medium
test,ksdd2_20902,E:\Data (Drive)\IUH\DL\GK\surface-defect-detection\data\images\test\ksdd2_20902.png,0.423581,0.487461,0.131004,0.040752,29.999916000000002,25.999775999999997,0.005338675008,3.2146643109540642,small
test,ksdd2_20902,E:\Data (Drive)\IUH\DL\GK\surface-defect-detection\data\images\test\ksdd2_20902.png,0.851528,0.500784,0.296943,0.111285,67.999947,70.99983,0.033045301755,2.6683110931392373,medium
test,ksdd2_20912,E:\Data (Drive)\IUH\DL\GK\surface-defect-detection\data\images\test\ksdd2_20912.png,0.864629,0.486551,0.270742,0.049051,61.999917999999994,31.000231999999997,0.013280165842,5.519602046849197,medium
test,mt_blowhole_exp1_num_51674,E:\Data (Drive)\IUH\DL\GK\surface-defect-detection\data\images\test\mt_blowhole_exp1_num_51674.png,0.334821,0.123239,0.098214,0.028169,10.999967999999999,7.999995999999999,0.002766590166,3.4865987432993717,small
test,mt_blowhole_exp2_num_262572,E:\Data (Drive)\IUH\DL\GK\surface-defect-detection\data\images\test\mt_blowhole_exp2_num_262572.png,0.566845,0.67316,0.032086,0.030303,6.000082000000001,6.999993,0.0009723020580000001,1.058839058839059,small
test,mt_blowhole_exp2_num_3696,E:\Data (Drive)\IUH\DL\GK\surface-defect-detection\data\images\test\mt_blowhole_exp2_num_3696.png,0.602174,0.174863,0.030435,0.032787,14.0001,12.000041999999999,0.0009978723449999998,0.9282642510751213,small
test,mt_blowhole_exp3_num_317526,E:\Data (Drive)\IUH\DL\GK\surface-defect-detection\data\images\test\mt_blowhole_exp3_num_317526.png,0.46875,0.84717,0.0625,0.041509,14.0,10.999884999999999,0.0025943125,1.5056975595653956,small
test,mt_blowhole_exp3_num_4978,E:\Data (Drive)\IUH\DL\GK\surface-defect-detection\data\images\test\mt_blowhole_exp3_num_4978.png,0.565789,0.867133,0.166667,0.048951,19.000038,13.999986,0.008158516317,3.4047721190578333,small
test,mt_blowhole_exp3_num_9508,E:\Data (Drive)\IUH\DL\GK\surface-defect-detection\data\images\test\mt_blowhole_exp3_num_9508.png,0.326031,0.035176,0.033505,0.020101,12.99994,8.000198000000001,0.000673484005,1.6668324958957266,small
test,mt_blowhole_exp4_num_108774,E:\Data (Drive)\IUH\DL\GK\surface-defect-detection\data\images\test\mt_blowhole_exp4_num_108774.png,0.509843,0.594488,0.035433,0.060367,8.999982,22.999827,0.002138983911,0.5869597627843027,small
test,mt_blowhole_exp4_num_265131,E:\Data (Drive)\IUH\DL\GK\surface-defect-detection\data\images\test\mt_blowhole_exp4_num_265131.png,0.935606,0.056944,0.037879,0.041667,10.000056,15.00012,0.0015783042930000001,0.9090887272901816,small
test,mt_blowhole_exp4_num_4995,E:\Data (Drive)\IUH\DL\GK\surface-defect-detection\data\images\test\mt_blowhole_exp4_num_4995.png,0.566667,0.871528,0.15,0.041667,18.0,12.000096000000001,0.00625005,3.5999712002303976,small
test,mt_blowhole_exp5_num_328057,E:\Data (Drive)\IUH\DL\GK\surface-defect-detection\data\images\test\mt_blowhole_exp5_num_328057.png,0.158192,0.247222,0.028249,0.044444,10.000145999999999,15.999839999999999,0.001255498556,0.6356088560885609,small
test,mt_blowhole_exp5_num_36269,E:\Data (Drive)\IUH\DL\GK\surface-defect-detection\data\images\test\mt_blowhole_exp5_num_36269.png,0.62605,0.33677,0.142857,0.082474,16.999983,23.999934000000003,0.011781988218000002,1.732145888401193,medium
test,mt_blowhole_exp6_num_36280,E:\Data (Drive)\IUH\DL\GK\surface-defect-detection\data\images\test\mt_blowhole_exp6_num_36280.png,0.59292,0.344948,0.159292,0.076655,17.999996,21.999985,0.012210528259999999,2.0780379622986107,medium
test,mt_blowhole_exp6_num_40515,E:\Data (Drive)\IUH\DL\GK\surface-defect-detection\data\images\test\mt_blowhole_exp6_num_40515.png,0.444915,0.5,0.127119,0.031142,15.000042,9.000038,0.003958739898,4.081915098580695,small
test,mt_blowhole_exp6_num_54366,E:\Data (Drive)\IUH\DL\GK\surface-defect-detection\data\images\test\mt_blowhole_exp6_num_54366.png,0.3,0.128623,0.088,0.076087,11.0,21.000012,0.0066956559999999995,1.156570767673847,small
test,mt_break_exp1_num_194173,E:\Data (Drive)\IUH\DL\GK\surface-defect-detection\data\images\test\mt_break_exp1_num_194173.png,0.878307,0.935937,0.243386,0.128125,45.999953999999995,41.0,0.031183831249999995,1.899598048780488,medium
test,mt_break_exp1_num_194173,E:\Data (Drive)\IUH\DL\GK\surface-defect-detection\data\images\test\mt_break_exp1_num_194173.png,0.222222,0.029687,0.063492,0.059375,11.999988000000002,19.0,0.0037698375,1.0693389473684212,small
test,mt_break_exp1_num_320649,E:\Data (Drive)\IUH\DL\GK\surface-defect-detection\data\images\test\mt_break_exp1_num_320649.png,0.903141,0.898855,0.109948,0.087786,21.000068000000002,22.999932,0.009651895128,1.2524548333447247,small
test,mt_break_exp2_num_105807,E:\Data (Drive)\IUH\DL\GK\surface-defect-detection\data\images\test\mt_break_exp2_num_105807.png,0.971311,0.377622,0.014754,0.405594,8.99994,115.99988400000001,0.005984133876,0.0363762777555881,small
test,mt_break_exp2_num_304305,E:\Data (Drive)\IUH\DL\GK\surface-defect-detection\data\images\test\mt_break_exp2_num_304305.png,0.817961,0.5,0.364078,1.0,75.000068,262.0,0.364078,0.364078,large
test,mt_break_exp2_num_348648,E:\Data (Drive)\IUH\DL\GK\surface-defect-detection\data\images\test\mt_break_exp2_num_348648.png,0.070423,0.057487,0.076459,0.082888,38.000123,31.000112,0.0063375335920000005,0.9224375060322362,small
test,mt_break_exp2_num_356745,E:\Data (Drive)\IUH\DL\GK\surface-defect-detection\data\images\test\mt_break_exp2_num_356745.png,0.933532,0.952381,0.117063,0.047619,58.999752,17.999982,0.005574422997,2.4583254583254583,small
test,mt_break_exp3_num_194220,E:\Data (Drive)\IUH\DL\GK\surface-defect-detection\data\images\test\mt_break_exp3_num_194220.png,0.871134,0.923313,0.257732,0.153374,50.000008,49.999924,0.039529387768,1.6804151942310952,medium
test,mt_break_exp3_num_194220,E:\Data (Drive)\IUH\DL\GK\surface-defect-detection\data\images\test\mt_break_exp3_num_194220.png,0.229381,0.030675,0.06701,0.06135,12.99994,20.0001,0.0041110635000000005,1.0922575387123064,small
test,mt_break_exp3_num_276387,E:\Data (Drive)\IUH\DL\GK\surface-defect-detection\data\images\test\mt_break_exp3_num_276387.png,0.523897,0.016839,0.047794,0.033679,12.999968,13.000094,0.0016096541260000002,1.4191038926333919,small
test,mt_break_exp3_num_276387,E:\Data (Drive)\IUH\DL\GK\surface-defect-detection\data\images\test\mt_break_exp3_num_276387.png,0.413603,0.007772,0.047794,0.015544,12.999968,5.999984,0.0007429099360000001,3.0747555326814204,small
test,mt_break_exp3_num_284520,E:\Data (Drive)\IUH\DL\GK\surface-defect-detection\data\images\test\mt_break_exp3_num_284520.png,0.5,0.67663,1.0,0.646739,255.0,237.99995199999998,0.646739,1.546218799237405,large
test,mt_break_exp3_num_304317,E:\Data (Drive)\IUH\DL\GK\surface-defect-detection\data\images\test\mt_break_exp3_num_304317.png,0.819635,0.498016,0.360731,0.996032,79.000089,251.000064,0.35929961939200006,0.36216808295315817,large
test,mt_break_exp3_num_356756,E:\Data (Drive)\IUH\DL\GK\surface-defect-detection\data\images\test\mt_break_exp3_num_356756.png,0.939364,0.948953,0.105368,0.060209,53.000104,22.999838,0.006344101912,1.750037369828431,small
test,mt_break_exp4_num_320705,E:\Data (Drive)\IUH\DL\GK\surface-defect-detection\data\images\test\mt_break_exp4_num_320705.png,0.878788,0.881323,0.090909,0.081712,17.999982,20.999984,0.007428356208000001,1.1125538476600743,small
test,mt_break_exp5_num_304345,E:\Data (Drive)\IUH\DL\GK\surface-defect-detection\data\images\test\mt_break_exp5_num_304345.png,0.818396,0.5,0.363208,1.0,77.000096,263.0,0.363208,0.363208,large
test,mt_break_exp5_num_320724,E:\Data (Drive)\IUH\DL\GK\surface-defect-detection\data\images\test\mt_break_exp5_num_320724.png,0.910448,0.877778,0.109453,0.103704,22.000052999999998,28.00008,0.011350713912,1.0554366273239217,medium
test,mt_break_exp6_num_194304,E:\Data (Drive)\IUH\DL\GK\surface-defect-detection\data\images\test\mt_break_exp6_num_194304.png,0.868421,0.923881,0.263158,0.152239,50.00002,51.000065000000006,0.040062910762000005,1.7285846596470023,medium
test,mt_break_exp6_num_194304,E:\Data (Drive)\IUH\DL\GK\surface-defect-detection\data\images\test\mt_break_exp6_num_194304.png,0.205263,0.040299,0.115789,0.080597,21.99991,26.999995000000002,0.009332246033000001,1.43664156234103,small
test,mt_crack_exp3_num_265659,E:\Data (Drive)\IUH\DL\GK\surface-defect-detection\data\images\test\mt_crack_exp3_num_265659.png,0.771357,0.954887,0.055276,0.080201,10.999924,32.000198999999995,0.004433190476,0.6892183389234549,small
test,mt_crack_exp3_num_265659,E:\Data (Drive)\IUH\DL\GK\surface-defect-detection\data\images\test\mt_crack_exp3_num_265659.png,0.361809,0.030075,0.080402,0.06015,15.999998,23.999850000000002,0.0048361803,1.336691604322527,small
test,mt_crack_exp3_num_3223,E:\Data (Drive)\IUH\DL\GK\surface-defect-detection\data\images\test\mt_crack_exp3_num_3223.png,0.773026,0.14191,0.041667,0.28382,19.000152,107.00014,0.011825927940000001,0.14680783595236419,medium
test,mt_crack_exp4_num_249762,E:\Data (Drive)\IUH\DL\GK\surface-defect-detection\data\images\test\mt_crack_exp4_num_249762.png,0.436073,0.474453,0.059361,0.948905,13.000059,259.99997,0.056327949705,0.06255736875661946,large
test,mt_crack_exp4_num_32185,E:\Data (Drive)\IUH\DL\GK\surface-defect-detection\data\images\test\mt_crack_exp4_num_32185.png,0.203252,0.939781,0.292683,0.120438,36.000009000000006,33.000012,0.035250155154000005,2.430154934489115,medium
test,mt_crack_exp4_num_88149,E:\Data (Drive)\IUH\DL\GK\surface-defect-detection\data\images\test\mt_crack_exp4_num_88149.png,0.541946,0.780769,0.013423,0.438462,8.000107999999999,114.00012000000001,0.005885475426,0.030613827424041305,small
test,mt_crack_exp5_num_32201,E:\Data (Drive)\IUH\DL\GK\surface-defect-detection\data\images\test\mt_crack_exp5_num_32201.png,0.190083,0.942509,0.31405,0.114983,38.00005,33.000121,0.03611041115,2.731273318664498,medium
test,mt_fray_exp1_num_77531,E:\Data (Drive)\IUH\DL\GK\surface-defect-detection\data\images\test\mt_fray_exp1_num_77531.png,0.952579,0.890086,0.071547,0.219828,42.999747,51.000096,0.015728033916,0.32546809323653036,medium
test,mt_fray_exp1_num_77531,E:\Data (Drive)\IUH\DL\GK\surface-defect-detection\data\images\test\mt_fray_exp1_num_77531.png,0.090682,0.62069,0.114809,0.758621,69.000209,176.000072,0.087096518389,0.1513390744521968,large
test,mt_fray_exp3_num_20409,E:\Data (Drive)\IUH\DL\GK\surface-defect-detection\data\images\test\mt_fray_exp3_num_20409.png,0.498131,0.5,0.450467,1.0,240.999845,329.0,0.450467,0.450467,large
test,mt_fray_exp5_num_77692,E:\Data (Drive)\IUH\DL\GK\surface-defect-detection\data\images\test\mt_fray_exp5_num_77692.png,0.953795,0.849174,0.082508,0.252066,49.999848,60.999972,0.020797461528,0.32732696992057636,medium
test,mt_fray_exp5_num_77692,E:\Data (Drive)\IUH\DL\GK\surface-defect-detection\data\images\test\mt_fray_exp5_num_77692.png,0.116337,0.586777,0.209571,0.826446,127.000026,199.999932,0.17319911466600002,0.2535809962175387,large
test,mt_fray_exp6_num_258703,E:\Data (Drive)\IUH\DL\GK\surface-defect-detection\data\images\test\mt_fray_exp6_num_258703.png,0.5,0.519006,1.0,0.961988,242.0,328.999896,0.961988,1.0395140064117225,large
test,mt_fray_exp6_num_972,E:\Data (Drive)\IUH\DL\GK\surface-defect-detection\data\images\test\mt_fray_exp6_num_972.png,0.960285,0.96832,0.06721,0.063361,33.00011,23.000043,0.00425849281,1.0607471472988117,small
test,mt_uneven_exp0_num_461,E:\Data (Drive)\IUH\DL\GK\surface-defect-detection\data\images\test\mt_uneven_exp0_num_461.png,0.5,0.128028,1.0,0.256055,121.0,73.999895,0.256055,3.9054109468668843,large
test,mt_uneven_exp1_num_109232,E:\Data (Drive)\IUH\DL\GK\surface-defect-detection\data\images\test\mt_uneven_exp1_num_109232.png,0.5,0.750958,1.0,0.498084,593.0,129.999924,0.498084,2.0076934814208043,large
test,mt_uneven_exp1_num_129031,E:\Data (Drive)\IUH\DL\GK\surface-defect-detection\data\images\test\mt_uneven_exp1_num_129031.png,0.5,0.054412,1.0,0.108824,244.0,37.00016,0.108824,9.189149452326692,large
test,mt_uneven_exp1_num_28341,E:\Data (Drive)\IUH\DL\GK\surface-defect-detection\data\images\test\mt_uneven_exp1_num_28341.png,0.834291,0.121622,0.331418,0.243243,173.000196,80.99991899999999,0.08061510857399999,1.3624975847198069,large
test,mt_uneven_exp1_num_313478,E:\Data (Drive)\IUH\DL\GK\surface-defect-detection\data\images\test\mt_uneven_exp1_num_313478.png,0.5,0.162857,1.0,0.325714,257.0,113.9999,0.325714,3.070178131735203,large
test,mt_uneven_exp1_num_352479,E:\Data (Drive)\IUH\DL\GK\surface-defect-detection\data\images\test\mt_uneven_exp1_num_352479.png,0.518701,0.886968,0.061024,0.007979,31.000192000000002,3.000104,0.00048691049600000004,7.648076200025066,small
test,mt_uneven_exp1_num_352479,E:\Data (Drive)\IUH\DL\GK\surface-defect-detection\data\images\test\mt_uneven_exp1_num_352479.png,0.042323,0.918883,0.084646,0.162234,43.000168,60.999984,0.013732459163999998,0.5217525302957456,medium
test,mt_uneven_exp1_num_352479,E:\Data (Drive)\IUH\DL\GK\surface-defect-detection\data\images\test\mt_uneven_exp1_num_352479.png,0.783465,0.884309,0.228346,0.231383,115.999768,87.00000800000001,0.052835382518,0.9868745759195792,large
test,mt_uneven_exp2_num_172267,E:\Data (Drive)\IUH\DL\GK\surface-defect-detection\data\images\test\mt_uneven_exp2_num_172267.png,0.5,0.207692,1.0,0.415385,181.0,135.000125,0.415385,2.4074051783285384,large
test,mt_uneven_exp2_num_274120,E:\Data (Drive)\IUH\DL\GK\surface-defect-detection\data\images\test\mt_uneven_exp2_num_274120.png,0.345455,0.169675,0.690909,0.33935,151.99998,93.99995,0.23445996914999997,2.035977604243407,large
test,mt_uneven_exp2_num_542,E:\Data (Drive)\IUH\DL\GK\surface-defect-detection\data\images\test\mt_uneven_exp2_num_542.png,0.5,0.119048,1.0,0.238095,119.0,69.99993,0.238095,4.2000042000042,large
test,mt_uneven_exp3_num_129069,E:\Data (Drive)\IUH\DL\GK\surface-defect-detection\data\images\test\mt_uneven_exp3_num_129069.png,0.449438,0.072944,0.898876,0.145889,239.999892,55.000153,0.131136120764,6.161369260190968,large
test,mt_uneven_exp3_num_311847,E:\Data (Drive)\IUH\DL\GK\surface-defect-detection\data\images\test\mt_uneven_exp3_num_311847.png,0.455556,0.948582,0.822222,0.102837,184.99995,29.000034,0.084554843814,7.995390764024622,large
test,mt_uneven_exp4_num_155384,E:\Data (Drive)\IUH\DL\GK\surface-defect-detection\data\images\test\mt_uneven_exp4_num_155384.png,0.5,0.772277,1.0,0.455446,186.0,138.000138,0.455446,2.195649978263065,large
test,mt_uneven_exp4_num_24843,E:\Data (Drive)\IUH\DL\GK\surface-defect-detection\data\images\test\mt_uneven_exp4_num_24843.png,0.018375,0.833832,0.005803,0.002994,3.000151,0.999996,1.7374182e-05,1.9382097528390112,small
test,mt_uneven_exp4_num_311863,E:\Data (Drive)\IUH\DL\GK\surface-defect-detection\data\images\test\mt_uneven_exp4_num_311863.png,0.5,0.949821,1.0,0.100358,218.0,27.999882,0.100358,9.964327706809621,large
test,mt_uneven_exp6_num_187011,E:\Data (Drive)\IUH\DL\GK\surface-defect-detection\data\images\test\mt_uneven_exp6_num_187011.png,0.518041,0.630094,0.850515,0.601881,164.99991,192.000039,0.511908818715,1.413094947340089,large
test,mt_uneven_exp6_num_33541,E:\Data (Drive)\IUH\DL\GK\surface-defect-detection\data\images\test\mt_uneven_exp6_num_33541.png,0.5,0.153968,1.0,0.307937,516.0,97.000155,0.307937,3.2474174912400913,large
test,mt_uneven_exp6_num_45116,E:\Data (Drive)\IUH\DL\GK\surface-defect-detection\data\images\test\mt_uneven_exp6_num_45116.png,0.339641,0.847962,0.679283,0.304075,341.000066,96.99992499999999,0.206552978225,2.233932417988983,large
