split,image_id,image_path,is_defect,gt_count,image_width,image_height
train,ksdd2_10000,E:\Data (Drive)\IUH\DL\GK\surface-defect-detection\data\images\train\ksdd2_10000.png,False,0,229,645
train,ksdd2_10002,E:\Data (Drive)\IUH\DL\GK\surface-defect-detection\data\images\train\ksdd2_10002.png,False,0,230,647
train,ksdd2_10003,E:\Data (Drive)\IUH\DL\GK\surface-defect-detection\data\images\train\ksdd2_10003.png,False,0,229,634
train,ksdd2_10005,E:\Data (Drive)\IUH\DL\GK\surface-defect-detection\data\images\train\ksdd2_10005.png,False,0,230,628
train,ksdd2_10007,E:\Data (Drive)\IUH\DL\GK\surface-defect-detection\data\images\train\ksdd2_10007.png,False,0,229,640
train,ksdd2_10008,E:\Data (Drive)\IUH\DL\GK\surface-defect-detection\data\images\train\ksdd2_10008.png,False,0,228,634
train,ksdd2_10009,E:\Data (Drive)\IUH\DL\GK\surface-defect-detection\data\images\train\ksdd2_10009.png,False,0,231,643
train,ksdd2_10011,E:\Data (Drive)\IUH\DL\GK\surface-defect-detection\data\images\train\ksdd2_10011.png,False,0,230,638
train,ksdd2_10012,E:\Data (Drive)\IUH\DL\GK\surface-defect-detection\data\images\train\ksdd2_10012.png,False,0,230,639
train,ksdd2_10013,E:\Data (Drive)\IUH\DL\GK\surface-defect-detection\data\images\train\ksdd2_10013.png,False,0,229,642
train,ksdd2_10015,E:\Data (Drive)\IUH\DL\GK\surface-defect-detection\data\images\train\ksdd2_10015.png,False,0,230,636
train,ksdd2_10016,E:\Data (Drive)\IUH\DL\GK\surface-defect-detection\data\images\train\ksdd2_10016.png,False,0,229,634
train,ksdd2_10017,E:\Data (Drive)\IUH\DL\GK\surface-defect-detection\data\images\train\ksdd2_10017.png,False,0,231,645
train,ksdd2_10018,E:\Data (Drive)\IUH\DL\GK\surface-defect-detection\data\images\train\ksdd2_10018.png,False,0,230,643
train,ksdd2_10019,E:\Data (Drive)\IUH\DL\GK\surface-defect-detection\data\images\train\ksdd2_10019.png,False,0,233,626
train,ksdd2_10020,E:\Data (Drive)\IUH\DL\GK\surface-defect-detection\data\images\train\ksdd2_10020.png,False,0,229,642
train,ksdd2_10021,E:\Data (Drive)\IUH\DL\GK\surface-defect-detection\data\images\train\ksdd2_10021.png,True,1,228,649
train,ksdd2_10021_aug1,E:\Data (Drive)\IUH\DL\GK\surface-defect-detection\data\images\train\ksdd2_10021_aug1.png,True,1,228,649
train,ksdd2_10021_aug2,E:\Data (Drive)\IUH\DL\GK\surface-defect-detection\data\images\train\ksdd2_10021_aug2.png,True,1,228,649
train,ksdd2_10022,E:\Data (Drive)\IUH\DL\GK\surface-defect-detection\data\images\train\ksdd2_10022.png,False,0,230,637
train,ksdd2_10024,E:\Data (Drive)\IUH\DL\GK\surface-defect-detection\data\images\train\ksdd2_10024.png,False,0,230,628
train,ksdd2_10026,E:\Data (Drive)\IUH\DL\GK\surface-defect-detection\data\images\train\ksdd2_10026.png,False,0,229,643
train,ksdd2_10027,E:\Data (Drive)\IUH\DL\GK\surface-defect-detection\data\images\train\ksdd2_10027.png,False,0,229,637
train,ksdd2_10028,E:\Data (Drive)\IUH\DL\GK\surface-defect-detection\data\images\train\ksdd2_10028.png,True,1,229,643
train,ksdd2_10028_aug1,E:\Data (Drive)\IUH\DL\GK\surface-defect-detection\data\images\train\ksdd2_10028_aug1.png,True,1,229,643
train,ksdd2_10028_aug2,E:\Data (Drive)\IUH\DL\GK\surface-defect-detection\data\images\train\ksdd2_10028_aug2.png,True,1,229,643
train,ksdd2_10029,E:\Data (Drive)\IUH\DL\GK\surface-defect-detection\data\images\train\ksdd2_10029.png,False,0,229,629
train,ksdd2_10030,E:\Data (Drive)\IUH\DL\GK\surface-defect-detection\data\images\train\ksdd2_10030.png,False,0,232,637
train,ksdd2_10031,E:\Data (Drive)\IUH\DL\GK\surface-defect-detection\data\images\train\ksdd2_10031.png,False,0,230,647
train,ksdd2_10032,E:\Data (Drive)\IUH\DL\GK\surface-defect-detection\data\images\train\ksdd2_10032.png,False,0,228,646
train,ksdd2_10033,E:\Data (Drive)\IUH\DL\GK\surface-defect-detection\data\images\train\ksdd2_10033.png,False,0,230,633
train,ksdd2_10036,E:\Data (Drive)\IUH\DL\GK\surface-defect-detection\data\images\train\ksdd2_10036.png,False,0,231,642
train,ksdd2_10037,E:\Data (Drive)\IUH\DL\GK\surface-defect-detection\data\images\train\ksdd2_10037.png,False,0,228,637
train,ksdd2_10038,E:\Data (Drive)\IUH\DL\GK\surface-defect-detection\data\images\train\ksdd2_10038.png,False,0,228,639
train,ksdd2_10039,E:\Data (Drive)\IUH\DL\GK\surface-defect-detection\data\images\train\ksdd2_10039.png,False,0,231,638
train,ksdd2_10042,E:\Data (Drive)\IUH\DL\GK\surface-defect-detection\data\images\train\ksdd2_10042.png,False,0,229,632
train,ksdd2_10044,E:\Data (Drive)\IUH\DL\GK\surface-defect-detection\data\images\train\ksdd2_10044.png,False,0,231,626
train,ksdd2_10045,E:\Data (Drive)\IUH\DL\GK\surface-defect-detection\data\images\train\ksdd2_10045.png,True,1,211,638
train,ksdd2_10045_aug1,E:\Data (Drive)\IUH\DL\GK\surface-defect-detection\data\images\train\ksdd2_10045_aug1.png,True,1,211,638
train,ksdd2_10045_aug2,E:\Data (Drive)\IUH\DL\GK\surface-defect-detection\data\images\train\ksdd2_10045_aug2.png,True,1,211,638
train,ksdd2_10046,E:\Data (Drive)\IUH\DL\GK\surface-defect-detection\data\images\train\ksdd2_10046.png,False,0,205,635
train,ksdd2_10048,E:\Data (Drive)\IUH\DL\GK\surface-defect-detection\data\images\train\ksdd2_10048.png,False,0,214,630
train,ksdd2_10049,E:\Data (Drive)\IUH\DL\GK\surface-defect-detection\data\images\train\ksdd2_10049.png,False,0,229,635
train,ksdd2_10050,E:\Data (Drive)\IUH\DL\GK\surface-defect-detection\data\images\train\ksdd2_10050.png,False,0,230,647
train,ksdd2_10051,E:\Data (Drive)\IUH\DL\GK\surface-defect-detection\data\images\train\ksdd2_10051.png,False,0,228,629
train,ksdd2_10052,E:\Data (Drive)\IUH\DL\GK\surface-defect-detection\data\images\train\ksdd2_10052.png,False,0,231,629
train,ksdd2_10053,E:\Data (Drive)\IUH\DL\GK\surface-defect-detection\data\images\train\ksdd2_10053.png,False,0,230,642
train,ksdd2_10056,E:\Data (Drive)\IUH\DL\GK\surface-defect-detection\data\images\train\ksdd2_10056.png,False,0,230,609
train,ksdd2_10057,E:\Data (Drive)\IUH\DL\GK\surface-defect-detection\data\images\train\ksdd2_10057.png,True,1,230,640
train,ksdd2_10057_aug1,E:\Data (Drive)\IUH\DL\GK\surface-defect-detection\data\images\train\ksdd2_10057_aug1.png,True,1,230,640
train,ksdd2_10057_aug2,E:\Data (Drive)\IUH\DL\GK\surface-defect-detection\data\images\train\ksdd2_10057_aug2.png,True,1,230,640
train,ksdd2_10058,E:\Data (Drive)\IUH\DL\GK\surface-defect-detection\data\images\train\ksdd2_10058.png,False,0,229,657
train,ksdd2_10059,E:\Data (Drive)\IUH\DL\GK\surface-defect-detection\data\images\train\ksdd2_10059.png,False,0,229,643
train,ksdd2_10060,E:\Data (Drive)\IUH\DL\GK\surface-defect-detection\data\images\train\ksdd2_10060.png,True,1,228,637
train,ksdd2_10060_aug1,E:\Data (Drive)\IUH\DL\GK\surface-defect-detection\data\images\train\ksdd2_10060_aug1.png,True,1,228,637
train,ksdd2_10060_aug2,E:\Data (Drive)\IUH\DL\GK\surface-defect-detection\data\images\train\ksdd2_10060_aug2.png,True,1,228,637
train,ksdd2_10061,E:\Data (Drive)\IUH\DL\GK\surface-defect-detection\data\images\train\ksdd2_10061.png,False,0,230,637
train,ksdd2_10064,E:\Data (Drive)\IUH\DL\GK\surface-defect-detection\data\images\train\ksdd2_10064.png,False,0,230,632
train,ksdd2_10065,E:\Data (Drive)\IUH\DL\GK\surface-defect-detection\data\images\train\ksdd2_10065.png,True,1,229,641
train,ksdd2_10065_aug1,E:\Data (Drive)\IUH\DL\GK\surface-defect-detection\data\images\train\ksdd2_10065_aug1.png,True,1,229,641
train,ksdd2_10065_aug2,E:\Data (Drive)\IUH\DL\GK\surface-defect-detection\data\images\train\ksdd2_10065_aug2.png,True,1,229,641
train,ksdd2_10066,E:\Data (Drive)\IUH\DL\GK\surface-defect-detection\data\images\train\ksdd2_10066.png,False,0,231,641
train,ksdd2_10067,E:\Data (Drive)\IUH\DL\GK\surface-defect-detection\data\images\train\ksdd2_10067.png,False,0,227,642
train,ksdd2_10068,E:\Data (Drive)\IUH\DL\GK\surface-defect-detection\data\images\train\ksdd2_10068.png,False,0,227,636
train,ksdd2_10070,E:\Data (Drive)\IUH\DL\GK\surface-defect-detection\data\images\train\ksdd2_10070.png,False,0,232,636
train,ksdd2_10071,E:\Data (Drive)\IUH\DL\GK\surface-defect-detection\data\images\train\ksdd2_10071.png,False,0,229,625
train,ksdd2_10072,E:\Data (Drive)\IUH\DL\GK\surface-defect-detection\data\images\train\ksdd2_10072.png,False,0,228,645
train,ksdd2_10073,E:\Data (Drive)\IUH\DL\GK\surface-defect-detection\data\images\train\ksdd2_10073.png,False,0,228,629
train,ksdd2_10074,E:\Data (Drive)\IUH\DL\GK\surface-defect-detection\data\images\train\ksdd2_10074.png,False,0,229,642
train,ksdd2_10075,E:\Data (Drive)\IUH\DL\GK\surface-defect-detection\data\images\train\ksdd2_10075.png,False,0,231,630
train,ksdd2_10076,E:\Data (Drive)\IUH\DL\GK\surface-defect-detection\data\images\train\ksdd2_10076.png,False,0,229,632
train,ksdd2_10078,E:\Data (Drive)\IUH\DL\GK\surface-defect-detection\data\images\train\ksdd2_10078.png,False,0,230,632
train,ksdd2_10079,E:\Data (Drive)\IUH\DL\GK\surface-defect-detection\data\images\train\ksdd2_10079.png,False,0,229,638
train,ksdd2_10080,E:\Data (Drive)\IUH\DL\GK\surface-defect-detection\data\images\train\ksdd2_10080.png,False,0,230,637
train,ksdd2_10081,E:\Data (Drive)\IUH\DL\GK\surface-defect-detection\data\images\train\ksdd2_10081.png,False,0,228,645
train,ksdd2_10082,E:\Data (Drive)\IUH\DL\GK\surface-defect-detection\data\images\train\ksdd2_10082.png,False,0,231,630
train,ksdd2_10083,E:\Data (Drive)\IUH\DL\GK\surface-defect-detection\data\images\train\ksdd2_10083.png,False,0,228,640
train,ksdd2_10084,E:\Data (Drive)\IUH\DL\GK\surface-defect-detection\data\images\train\ksdd2_10084.png,True,1,231,619
train,ksdd2_10084_aug1,E:\Data (Drive)\IUH\DL\GK\surface-defect-detection\data\images\train\ksdd2_10084_aug1.png,True,1,231,619
train,ksdd2_10084_aug2,E:\Data (Drive)\IUH\DL\GK\surface-defect-detection\data\images\train\ksdd2_10084_aug2.png,True,1,231,619
train,ksdd2_10085,E:\Data (Drive)\IUH\DL\GK\surface-defect-detection\data\images\train\ksdd2_10085.png,False,0,230,638
train,ksdd2_10086,E:\Data (Drive)\IUH\DL\GK\surface-defect-detection\data\images\train\ksdd2_10086.png,False,0,230,637
train,ksdd2_10089,E:\Data (Drive)\IUH\DL\GK\surface-defect-detection\data\images\train\ksdd2_10089.png,False,0,230,636
train,ksdd2_10090,E:\Data (Drive)\IUH\DL\GK\surface-defect-detection\data\images\train\ksdd2_10090.png,True,1,230,637
train,ksdd2_10090_aug1,E:\Data (Drive)\IUH\DL\GK\surface-defect-detection\data\images\train\ksdd2_10090_aug1.png,True,1,230,637
train,ksdd2_10090_aug2,E:\Data (Drive)\IUH\DL\GK\surface-defect-detection\data\images\train\ksdd2_10090_aug2.png,True,1,230,637
train,ksdd2_10091,E:\Data (Drive)\IUH\DL\GK\surface-defect-detection\data\images\train\ksdd2_10091.png,False,0,229,639
train,ksdd2_10094,E:\Data (Drive)\IUH\DL\GK\surface-defect-detection\data\images\train\ksdd2_10094.png,False,0,228,635
train,ksdd2_10095,E:\Data (Drive)\IUH\DL\GK\surface-defect-detection\data\images\train\ksdd2_10095.png,False,0,229,642
train,ksdd2_10096,E:\Data (Drive)\IUH\DL\GK\surface-defect-detection\data\images\train\ksdd2_10096.png,False,0,229,633
train,ksdd2_10097,E:\Data (Drive)\IUH\DL\GK\surface-defect-detection\data\images\train\ksdd2_10097.png,False,0,228,643
train,ksdd2_10099,E:\Data (Drive)\IUH\DL\GK\surface-defect-detection\data\images\train\ksdd2_10099.png,False,0,229,651
train,ksdd2_10100,E:\Data (Drive)\IUH\DL\GK\surface-defect-detection\data\images\train\ksdd2_10100.png,False,0,230,634
train,ksdd2_10101,E:\Data (Drive)\IUH\DL\GK\surface-defect-detection\data\images\train\ksdd2_10101.png,False,0,230,640
train,ksdd2_10102,E:\Data (Drive)\IUH\DL\GK\surface-defect-detection\data\images\train\ksdd2_10102.png,False,0,231,637
train,ksdd2_10103,E:\Data (Drive)\IUH\DL\GK\surface-defect-detection\data\images\train\ksdd2_10103.png,False,0,229,625
train,ksdd2_10104,E:\Data (Drive)\IUH\DL\GK\surface-defect-detection\data\images\train\ksdd2_10104.png,False,0,229,630
train,ksdd2_10106,E:\Data (Drive)\IUH\DL\GK\surface-defect-detection\data\images\train\ksdd2_10106.png,False,0,231,640
train,ksdd2_10107,E:\Data (Drive)\IUH\DL\GK\surface-defect-detection\data\images\train\ksdd2_10107.png,False,0,231,636
train,ksdd2_10108,E:\Data (Drive)\IUH\DL\GK\surface-defect-detection\data\images\train\ksdd2_10108.png,False,0,230,644
train,ksdd2_10112,E:\Data (Drive)\IUH\DL\GK\surface-defect-detection\data\images\train\ksdd2_10112.png,False,0,230,642
train,ksdd2_10113,E:\Data (Drive)\IUH\DL\GK\surface-defect-detection\data\images\train\ksdd2_10113.png,False,0,230,641
train,ksdd2_10115,E:\Data (Drive)\IUH\DL\GK\surface-defect-detection\data\images\train\ksdd2_10115.png,False,0,233,640
train,ksdd2_10116,E:\Data (Drive)\IUH\DL\GK\surface-defect-detection\data\images\train\ksdd2_10116.png,False,0,229,633
train,ksdd2_10117,E:\Data (Drive)\IUH\DL\GK\surface-defect-detection\data\images\train\ksdd2_10117.png,False,0,227,642
train,ksdd2_10118,E:\Data (Drive)\IUH\DL\GK\surface-defect-detection\data\images\train\ksdd2_10118.png,False,0,230,638
train,ksdd2_10121,E:\Data (Drive)\IUH\DL\GK\surface-defect-detection\data\images\train\ksdd2_10121.png,False,0,228,627
train,ksdd2_10123,E:\Data (Drive)\IUH\DL\GK\surface-defect-detection\data\images\train\ksdd2_10123.png,False,0,229,636
train,ksdd2_10124,E:\Data (Drive)\IUH\DL\GK\surface-defect-detection\data\images\train\ksdd2_10124.png,False,0,228,633
train,ksdd2_10125,E:\Data (Drive)\IUH\DL\GK\surface-defect-detection\data\images\train\ksdd2_10125.png,False,0,228,641
train,ksdd2_10128,E:\Data (Drive)\IUH\DL\GK\surface-defect-detection\data\images\train\ksdd2_10128.png,False,0,228,651
train,ksdd2_10129,E:\Data (Drive)\IUH\DL\GK\surface-defect-detection\data\images\train\ksdd2_10129.png,False,0,232,633
train,ksdd2_10130,E:\Data (Drive)\IUH\DL\GK\surface-defect-detection\data\images\train\ksdd2_10130.png,False,0,229,635
train,ksdd2_10131,E:\Data (Drive)\IUH\DL\GK\surface-defect-detection\data\images\train\ksdd2_10131.png,False,0,229,636
train,ksdd2_10132,E:\Data (Drive)\IUH\DL\GK\surface-defect-detection\data\images\train\ksdd2_10132.png,False,0,228,638
train,ksdd2_10133,E:\Data (Drive)\IUH\DL\GK\surface-defect-detection\data\images\train\ksdd2_10133.png,False,0,229,644
train,ksdd2_10134,E:\Data (Drive)\IUH\DL\GK\surface-defect-detection\data\images\train\ksdd2_10134.png,False,0,228,637
train,ksdd2_10135,E:\Data (Drive)\IUH\DL\GK\surface-defect-detection\data\images\train\ksdd2_10135.png,True,1,230,646
train,ksdd2_10135_aug1,E:\Data (Drive)\IUH\DL\GK\surface-defect-detection\data\images\train\ksdd2_10135_aug1.png,True,1,230,646
train,ksdd2_10135_aug2,E:\Data (Drive)\IUH\DL\GK\surface-defect-detection\data\images\train\ksdd2_10135_aug2.png,True,1,230,646
train,ksdd2_10136,E:\Data (Drive)\IUH\DL\GK\surface-defect-detection\data\images\train\ksdd2_10136.png,False,0,229,620
train,ksdd2_10138,E:\Data (Drive)\IUH\DL\GK\surface-defect-detection\data\images\train\ksdd2_10138.png,False,0,230,636
train,ksdd2_10139,E:\Data (Drive)\IUH\DL\GK\surface-defect-detection\data\images\train\ksdd2_10139.png,False,0,231,646
train,ksdd2_10140,E:\Data (Drive)\IUH\DL\GK\surface-defect-detection\data\images\train\ksdd2_10140.png,False,0,229,624
train,ksdd2_10141,E:\Data (Drive)\IUH\DL\GK\surface-defect-detection\data\images\train\ksdd2_10141.png,False,0,228,635
train,ksdd2_10142,E:\Data (Drive)\IUH\DL\GK\surface-defect-detection\data\images\train\ksdd2_10142.png,False,0,228,636
train,ksdd2_10145,E:\Data (Drive)\IUH\DL\GK\surface-defect-detection\data\images\train\ksdd2_10145.png,True,1,230,636
train,ksdd2_10145_aug1,E:\Data (Drive)\IUH\DL\GK\surface-defect-detection\data\images\train\ksdd2_10145_aug1.png,True,1,230,636
train,ksdd2_10145_aug2,E:\Data (Drive)\IUH\DL\GK\surface-defect-detection\data\images\train\ksdd2_10145_aug2.png,True,1,230,636
train,ksdd2_10146,E:\Data (Drive)\IUH\DL\GK\surface-defect-detection\data\images\train\ksdd2_10146.png,False,0,230,633
train,ksdd2_10148,E:\Data (Drive)\IUH\DL\GK\surface-defect-detection\data\images\train\ksdd2_10148.png,False,0,205,635
train,ksdd2_10149,E:\Data (Drive)\IUH\DL\GK\surface-defect-detection\data\images\train\ksdd2_10149.png,False,0,228,649
train,ksdd2_10150,E:\Data (Drive)\IUH\DL\GK\surface-defect-detection\data\images\train\ksdd2_10150.png,False,0,229,633
train,ksdd2_10151,E:\Data (Drive)\IUH\DL\GK\surface-defect-detection\data\images\train\ksdd2_10151.png,False,0,228,642
train,ksdd2_10152,E:\Data (Drive)\IUH\DL\GK\surface-defect-detection\data\images\train\ksdd2_10152.png,False,0,231,634
train,ksdd2_10153,E:\Data (Drive)\IUH\DL\GK\surface-defect-detection\data\images\train\ksdd2_10153.png,False,0,230,630
train,ksdd2_10154,E:\Data (Drive)\IUH\DL\GK\surface-defect-detection\data\images\train\ksdd2_10154.png,False,0,231,621
train,ksdd2_10155,E:\Data (Drive)\IUH\DL\GK\surface-defect-detection\data\images\train\ksdd2_10155.png,False,0,230,643
train,ksdd2_10156,E:\Data (Drive)\IUH\DL\GK\surface-defect-detection\data\images\train\ksdd2_10156.png,False,0,216,633
train,ksdd2_10157,E:\Data (Drive)\IUH\DL\GK\surface-defect-detection\data\images\train\ksdd2_10157.png,True,1,231,649
train,ksdd2_10157_aug1,E:\Data (Drive)\IUH\DL\GK\surface-defect-detection\data\images\train\ksdd2_10157_aug1.png,True,1,231,649
train,ksdd2_10157_aug2,E:\Data (Drive)\IUH\DL\GK\surface-defect-detection\data\images\train\ksdd2_10157_aug2.png,True,1,231,649
train,ksdd2_10158,E:\Data (Drive)\IUH\DL\GK\surface-defect-detection\data\images\train\ksdd2_10158.png,False,0,228,633
train,ksdd2_10161,E:\Data (Drive)\IUH\DL\GK\surface-defect-detection\data\images\train\ksdd2_10161.png,False,0,230,634
train,ksdd2_10162,E:\Data (Drive)\IUH\DL\GK\surface-defect-detection\data\images\train\ksdd2_10162.png,False,0,228,639
train,ksdd2_10166,E:\Data (Drive)\IUH\DL\GK\surface-defect-detection\data\images\train\ksdd2_10166.png,False,0,231,636
train,ksdd2_10167,E:\Data (Drive)\IUH\DL\GK\surface-defect-detection\data\images\train\ksdd2_10167.png,False,0,229,655
train,ksdd2_10168,E:\Data (Drive)\IUH\DL\GK\surface-defect-detection\data\images\train\ksdd2_10168.png,False,0,228,632
train,ksdd2_10170,E:\Data (Drive)\IUH\DL\GK\surface-defect-detection\data\images\train\ksdd2_10170.png,False,0,229,631
train,ksdd2_10172,E:\Data (Drive)\IUH\DL\GK\surface-defect-detection\data\images\train\ksdd2_10172.png,False,0,229,648
train,ksdd2_10173,E:\Data (Drive)\IUH\DL\GK\surface-defect-detection\data\images\train\ksdd2_10173.png,False,0,233,633
train,ksdd2_10175,E:\Data (Drive)\IUH\DL\GK\surface-defect-detection\data\images\train\ksdd2_10175.png,False,0,229,639
train,ksdd2_10178,E:\Data (Drive)\IUH\DL\GK\surface-defect-detection\data\images\train\ksdd2_10178.png,False,0,229,632
train,ksdd2_10179,E:\Data (Drive)\IUH\DL\GK\surface-defect-detection\data\images\train\ksdd2_10179.png,False,0,230,635
train,ksdd2_10180,E:\Data (Drive)\IUH\DL\GK\surface-defect-detection\data\images\train\ksdd2_10180.png,False,0,231,638
train,ksdd2_10182,E:\Data (Drive)\IUH\DL\GK\surface-defect-detection\data\images\train\ksdd2_10182.png,False,0,230,640
train,ksdd2_10183,E:\Data (Drive)\IUH\DL\GK\surface-defect-detection\data\images\train\ksdd2_10183.png,False,0,229,643
train,ksdd2_10185,E:\Data (Drive)\IUH\DL\GK\surface-defect-detection\data\images\train\ksdd2_10185.png,False,0,229,644
train,ksdd2_10186,E:\Data (Drive)\IUH\DL\GK\surface-defect-detection\data\images\train\ksdd2_10186.png,False,0,233,644
train,ksdd2_10187,E:\Data (Drive)\IUH\DL\GK\surface-defect-detection\data\images\train\ksdd2_10187.png,False,0,229,628
train,ksdd2_10188,E:\Data (Drive)\IUH\DL\GK\surface-defect-detection\data\images\train\ksdd2_10188.png,False,0,232,640
train,ksdd2_10189,E:\Data (Drive)\IUH\DL\GK\surface-defect-detection\data\images\train\ksdd2_10189.png,False,0,231,642
train,ksdd2_10190,E:\Data (Drive)\IUH\DL\GK\surface-defect-detection\data\images\train\ksdd2_10190.png,False,0,231,635
train,ksdd2_10192,E:\Data (Drive)\IUH\DL\GK\surface-defect-detection\data\images\train\ksdd2_10192.png,False,0,228,636
train,ksdd2_10195,E:\Data (Drive)\IUH\DL\GK\surface-defect-detection\data\images\train\ksdd2_10195.png,False,0,229,627
train,ksdd2_10196,E:\Data (Drive)\IUH\DL\GK\surface-defect-detection\data\images\train\ksdd2_10196.png,False,0,231,637
train,ksdd2_10197,E:\Data (Drive)\IUH\DL\GK\surface-defect-detection\data\images\train\ksdd2_10197.png,False,0,228,635
train,ksdd2_10200,E:\Data (Drive)\IUH\DL\GK\surface-defect-detection\data\images\train\ksdd2_10200.png,False,0,229,634
train,ksdd2_10204,E:\Data (Drive)\IUH\DL\GK\surface-defect-detection\data\images\train\ksdd2_10204.png,False,0,229,638
train,ksdd2_10205,E:\Data (Drive)\IUH\DL\GK\surface-defect-detection\data\images\train\ksdd2_10205.png,False,0,231,642
train,ksdd2_10206,E:\Data (Drive)\IUH\DL\GK\surface-defect-detection\data\images\train\ksdd2_10206.png,True,1,231,641
train,ksdd2_10206_aug1,E:\Data (Drive)\IUH\DL\GK\surface-defect-detection\data\images\train\ksdd2_10206_aug1.png,True,1,231,641
train,ksdd2_10206_aug2,E:\Data (Drive)\IUH\DL\GK\surface-defect-detection\data\images\train\ksdd2_10206_aug2.png,True,1,231,641
train,ksdd2_10207,E:\Data (Drive)\IUH\DL\GK\surface-defect-detection\data\images\train\ksdd2_10207.png,False,0,231,633
train,ksdd2_10209,E:\Data (Drive)\IUH\DL\GK\surface-defect-detection\data\images\train\ksdd2_10209.png,False,0,231,647
train,ksdd2_10210,E:\Data (Drive)\IUH\DL\GK\surface-defect-detection\data\images\train\ksdd2_10210.png,False,0,231,640
train,ksdd2_10211,E:\Data (Drive)\IUH\DL\GK\surface-defect-detection\data\images\train\ksdd2_10211.png,False,0,229,632
train,ksdd2_10212,E:\Data (Drive)\IUH\DL\GK\surface-defect-detection\data\images\train\ksdd2_10212.png,False,0,227,633
train,ksdd2_10213,E:\Data (Drive)\IUH\DL\GK\surface-defect-detection\data\images\train\ksdd2_10213.png,False,0,231,641
train,ksdd2_10214,E:\Data (Drive)\IUH\DL\GK\surface-defect-detection\data\images\train\ksdd2_10214.png,False,0,229,632
train,ksdd2_10215,E:\Data (Drive)\IUH\DL\GK\surface-defect-detection\data\images\train\ksdd2_10215.png,False,0,229,636
train,ksdd2_10217,E:\Data (Drive)\IUH\DL\GK\surface-defect-detection\data\images\train\ksdd2_10217.png,False,0,229,645
train,ksdd2_10218,E:\Data (Drive)\IUH\DL\GK\surface-defect-detection\data\images\train\ksdd2_10218.png,False,0,227,626
train,ksdd2_10219,E:\Data (Drive)\IUH\DL\GK\surface-defect-detection\data\images\train\ksdd2_10219.png,False,0,228,639
train,ksdd2_10220,E:\Data (Drive)\IUH\DL\GK\surface-defect-detection\data\images\train\ksdd2_10220.png,False,0,229,646
train,ksdd2_10222,E:\Data (Drive)\IUH\DL\GK\surface-defect-detection\data\images\train\ksdd2_10222.png,False,0,230,646
train,ksdd2_10224,E:\Data (Drive)\IUH\DL\GK\surface-defect-detection\data\images\train\ksdd2_10224.png,False,0,229,639
train,ksdd2_10226,E:\Data (Drive)\IUH\DL\GK\surface-defect-detection\data\images\train\ksdd2_10226.png,False,0,230,646
train,ksdd2_10229,E:\Data (Drive)\IUH\DL\GK\surface-defect-detection\data\images\train\ksdd2_10229.png,False,0,229,637
train,ksdd2_10231,E:\Data (Drive)\IUH\DL\GK\surface-defect-detection\data\images\train\ksdd2_10231.png,False,0,231,637
train,ksdd2_10232,E:\Data (Drive)\IUH\DL\GK\surface-defect-detection\data\images\train\ksdd2_10232.png,False,0,235,625
train,ksdd2_10233,E:\Data (Drive)\IUH\DL\GK\surface-defect-detection\data\images\train\ksdd2_10233.png,False,0,230,633
train,ksdd2_10234,E:\Data (Drive)\IUH\DL\GK\surface-defect-detection\data\images\train\ksdd2_10234.png,False,0,230,641
train,ksdd2_10235,E:\Data (Drive)\IUH\DL\GK\surface-defect-detection\data\images\train\ksdd2_10235.png,True,1,229,633
train,ksdd2_10235_aug1,E:\Data (Drive)\IUH\DL\GK\surface-defect-detection\data\images\train\ksdd2_10235_aug1.png,True,1,229,633
train,ksdd2_10235_aug2,E:\Data (Drive)\IUH\DL\GK\surface-defect-detection\data\images\train\ksdd2_10235_aug2.png,True,1,229,633
train,ksdd2_10236,E:\Data (Drive)\IUH\DL\GK\surface-defect-detection\data\images\train\ksdd2_10236.png,False,0,228,636
train,ksdd2_10238,E:\Data (Drive)\IUH\DL\GK\surface-defect-detection\data\images\train\ksdd2_10238.png,False,0,229,633
train,ksdd2_10239,E:\Data (Drive)\IUH\DL\GK\surface-defect-detection\data\images\train\ksdd2_10239.png,False,0,230,641
train,ksdd2_10242,E:\Data (Drive)\IUH\DL\GK\surface-defect-detection\data\images\train\ksdd2_10242.png,False,0,230,639
train,ksdd2_10243,E:\Data (Drive)\IUH\DL\GK\surface-defect-detection\data\images\train\ksdd2_10243.png,False,0,229,621
train,ksdd2_10244,E:\Data (Drive)\IUH\DL\GK\surface-defect-detection\data\images\train\ksdd2_10244.png,True,1,231,642
train,ksdd2_10244_aug1,E:\Data (Drive)\IUH\DL\GK\surface-defect-detection\data\images\train\ksdd2_10244_aug1.png,True,1,231,642
train,ksdd2_10244_aug2,E:\Data (Drive)\IUH\DL\GK\surface-defect-detection\data\images\train\ksdd2_10244_aug2.png,True,1,231,642
train,ksdd2_10245,E:\Data (Drive)\IUH\DL\GK\surface-defect-detection\data\images\train\ksdd2_10245.png,False,0,230,625
train,ksdd2_10246,E:\Data (Drive)\IUH\DL\GK\surface-defect-detection\data\images\train\ksdd2_10246.png,False,0,229,638
train,ksdd2_10247,E:\Data (Drive)\IUH\DL\GK\surface-defect-detection\data\images\train\ksdd2_10247.png,True,2,228,637
train,ksdd2_10247_aug1,E:\Data (Drive)\IUH\DL\GK\surface-defect-detection\data\images\train\ksdd2_10247_aug1.png,True,2,228,637
train,ksdd2_10247_aug2,E:\Data (Drive)\IUH\DL\GK\surface-defect-detection\data\images\train\ksdd2_10247_aug2.png,True,2,228,637
train,ksdd2_10248,E:\Data (Drive)\IUH\DL\GK\surface-defect-detection\data\images\train\ksdd2_10248.png,False,0,230,644
train,ksdd2_10250,E:\Data (Drive)\IUH\DL\GK\surface-defect-detection\data\images\train\ksdd2_10250.png,False,0,230,632
train,ksdd2_10251,E:\Data (Drive)\IUH\DL\GK\surface-defect-detection\data\images\train\ksdd2_10251.png,False,0,228,635
train,ksdd2_10252,E:\Data (Drive)\IUH\DL\GK\surface-defect-detection\data\images\train\ksdd2_10252.png,False,0,231,635
train,ksdd2_10253,E:\Data (Drive)\IUH\DL\GK\surface-defect-detection\data\images\train\ksdd2_10253.png,False,0,229,634
train,ksdd2_10254,E:\Data (Drive)\IUH\DL\GK\surface-defect-detection\data\images\train\ksdd2_10254.png,True,1,228,637
train,ksdd2_10254_aug1,E:\Data (Drive)\IUH\DL\GK\surface-defect-detection\data\images\train\ksdd2_10254_aug1.png,True,1,228,637
train,ksdd2_10254_aug2,E:\Data (Drive)\IUH\DL\GK\surface-defect-detection\data\images\train\ksdd2_10254_aug2.png,True,1,228,637
train,ksdd2_10255,E:\Data (Drive)\IUH\DL\GK\surface-defect-detection\data\images\train\ksdd2_10255.png,False,0,230,640
train,ksdd2_10256,E:\Data (Drive)\IUH\DL\GK\surface-defect-detection\data\images\train\ksdd2_10256.png,False,0,227,627
train,ksdd2_10257,E:\Data (Drive)\IUH\DL\GK\surface-defect-detection\data\images\train\ksdd2_10257.png,False,0,228,644
train,ksdd2_10258,E:\Data (Drive)\IUH\DL\GK\surface-defect-detection\data\images\train\ksdd2_10258.png,True,1,230,640
train,ksdd2_10258_aug1,E:\Data (Drive)\IUH\DL\GK\surface-defect-detection\data\images\train\ksdd2_10258_aug1.png,True,1,230,640
train,ksdd2_10258_aug2,E:\Data (Drive)\IUH\DL\GK\surface-defect-detection\data\images\train\ksdd2_10258_aug2.png,True,1,230,640
train,ksdd2_10259,E:\Data (Drive)\IUH\DL\GK\surface-defect-detection\data\images\train\ksdd2_10259.png,False,0,207,635
train,ksdd2_10260,E:\Data (Drive)\IUH\DL\GK\surface-defect-detection\data\images\train\ksdd2_10260.png,False,0,230,637
train,ksdd2_10261,E:\Data (Drive)\IUH\DL\GK\surface-defect-detection\data\images\train\ksdd2_10261.png,False,0,229,625
train,ksdd2_10262,E:\Data (Drive)\IUH\DL\GK\surface-defect-detection\data\images\train\ksdd2_10262.png,False,0,231,647
train,ksdd2_10263,E:\Data (Drive)\IUH\DL\GK\surface-defect-detection\data\images\train\ksdd2_10263.png,False,0,228,638
train,ksdd2_10264,E:\Data (Drive)\IUH\DL\GK\surface-defect-detection\data\images\train\ksdd2_10264.png,False,0,227,634
train,ksdd2_10265,E:\Data (Drive)\IUH\DL\GK\surface-defect-detection\data\images\train\ksdd2_10265.png,False,0,230,622
train,ksdd2_10268,E:\Data (Drive)\IUH\DL\GK\surface-defect-detection\data\images\train\ksdd2_10268.png,False,0,230,647
train,ksdd2_10270,E:\Data (Drive)\IUH\DL\GK\surface-defect-detection\data\images\train\ksdd2_10270.png,False,0,229,639
train,ksdd2_10272,E:\Data (Drive)\IUH\DL\GK\surface-defect-detection\data\images\train\ksdd2_10272.png,False,0,228,645
train,ksdd2_10274,E:\Data (Drive)\IUH\DL\GK\surface-defect-detection\data\images\train\ksdd2_10274.png,False,0,229,635
train,ksdd2_10275,E:\Data (Drive)\IUH\DL\GK\surface-defect-detection\data\images\train\ksdd2_10275.png,False,0,231,629
train,ksdd2_10276,E:\Data (Drive)\IUH\DL\GK\surface-defect-detection\data\images\train\ksdd2_10276.png,False,0,230,629
train,ksdd2_10277,E:\Data (Drive)\IUH\DL\GK\surface-defect-detection\data\images\train\ksdd2_10277.png,False,0,230,632
train,ksdd2_10278,E:\Data (Drive)\IUH\DL\GK\surface-defect-detection\data\images\train\ksdd2_10278.png,False,0,230,635
train,ksdd2_10280,E:\Data (Drive)\IUH\DL\GK\surface-defect-detection\data\images\train\ksdd2_10280.png,False,0,230,640
train,ksdd2_10281,E:\Data (Drive)\IUH\DL\GK\surface-defect-detection\data\images\train\ksdd2_10281.png,True,1,231,618
train,ksdd2_10281_aug1,E:\Data (Drive)\IUH\DL\GK\surface-defect-detection\data\images\train\ksdd2_10281_aug1.png,True,1,231,618
train,ksdd2_10281_aug2,E:\Data (Drive)\IUH\DL\GK\surface-defect-detection\data\images\train\ksdd2_10281_aug2.png,True,1,231,618
train,ksdd2_10282,E:\Data (Drive)\IUH\DL\GK\surface-defect-detection\data\images\train\ksdd2_10282.png,False,0,230,644
train,ksdd2_10284,E:\Data (Drive)\IUH\DL\GK\surface-defect-detection\data\images\train\ksdd2_10284.png,False,0,213,644
train,ksdd2_10285,E:\Data (Drive)\IUH\DL\GK\surface-defect-detection\data\images\train\ksdd2_10285.png,False,0,222,636
train,ksdd2_10286,E:\Data (Drive)\IUH\DL\GK\surface-defect-detection\data\images\train\ksdd2_10286.png,False,0,228,641
train,ksdd2_10287,E:\Data (Drive)\IUH\DL\GK\surface-defect-detection\data\images\train\ksdd2_10287.png,False,0,234,641
train,ksdd2_10289,E:\Data (Drive)\IUH\DL\GK\surface-defect-detection\data\images\train\ksdd2_10289.png,False,0,229,630
train,ksdd2_10290,E:\Data (Drive)\IUH\DL\GK\surface-defect-detection\data\images\train\ksdd2_10290.png,False,0,233,644
train,ksdd2_10291,E:\Data (Drive)\IUH\DL\GK\surface-defect-detection\data\images\train\ksdd2_10291.png,False,0,227,635
train,ksdd2_10293,E:\Data (Drive)\IUH\DL\GK\surface-defect-detection\data\images\train\ksdd2_10293.png,False,0,225,647
train,ksdd2_10294,E:\Data (Drive)\IUH\DL\GK\surface-defect-detection\data\images\train\ksdd2_10294.png,False,0,226,628
train,ksdd2_10295,E:\Data (Drive)\IUH\DL\GK\surface-defect-detection\data\images\train\ksdd2_10295.png,False,0,233,639
train,ksdd2_10296,E:\Data (Drive)\IUH\DL\GK\surface-defect-detection\data\images\train\ksdd2_10296.png,False,0,232,645
train,ksdd2_10297,E:\Data (Drive)\IUH\DL\GK\surface-defect-detection\data\images\train\ksdd2_10297.png,False,0,231,633
train,ksdd2_10298,E:\Data (Drive)\IUH\DL\GK\surface-defect-detection\data\images\train\ksdd2_10298.png,False,0,229,631
train,ksdd2_10299,E:\Data (Drive)\IUH\DL\GK\surface-defect-detection\data\images\train\ksdd2_10299.png,False,0,234,647
train,ksdd2_10300,E:\Data (Drive)\IUH\DL\GK\surface-defect-detection\data\images\train\ksdd2_10300.png,False,0,229,631
train,ksdd2_10301 (copy),E:\Data (Drive)\IUH\DL\GK\surface-defect-detection\data\images\train\ksdd2_10301 (copy).png,False,0,233,645
train,ksdd2_10301,E:\Data (Drive)\IUH\DL\GK\surface-defect-detection\data\images\train\ksdd2_10301.png,True,1,233,645
train,ksdd2_10301_aug1,E:\Data (Drive)\IUH\DL\GK\surface-defect-detection\data\images\train\ksdd2_10301_aug1.png,True,1,233,645
train,ksdd2_10301_aug2,E:\Data (Drive)\IUH\DL\GK\surface-defect-detection\data\images\train\ksdd2_10301_aug2.png,True,1,233,645
train,ksdd2_10301_GT (copy),E:\Data (Drive)\IUH\DL\GK\surface-defect-detection\data\images\train\ksdd2_10301_GT (copy).png,False,0,233,645
train,ksdd2_10302,E:\Data (Drive)\IUH\DL\GK\surface-defect-detection\data\images\train\ksdd2_10302.png,False,0,229,641
train,ksdd2_10303,E:\Data (Drive)\IUH\DL\GK\surface-defect-detection\data\images\train\ksdd2_10303.png,False,0,204,630
train,ksdd2_10304,E:\Data (Drive)\IUH\DL\GK\surface-defect-detection\data\images\train\ksdd2_10304.png,True,1,231,642
train,ksdd2_10304_aug1,E:\Data (Drive)\IUH\DL\GK\surface-defect-detection\data\images\train\ksdd2_10304_aug1.png,True,1,231,642
train,ksdd2_10304_aug2,E:\Data (Drive)\IUH\DL\GK\surface-defect-detection\data\images\train\ksdd2_10304_aug2.png,True,1,231,642
train,ksdd2_10306,E:\Data (Drive)\IUH\DL\GK\surface-defect-detection\data\images\train\ksdd2_10306.png,True,1,231,624
train,ksdd2_10306_aug1,E:\Data (Drive)\IUH\DL\GK\surface-defect-detection\data\images\train\ksdd2_10306_aug1.png,True,1,231,624
train,ksdd2_10306_aug2,E:\Data (Drive)\IUH\DL\GK\surface-defect-detection\data\images\train\ksdd2_10306_aug2.png,True,1,231,624
train,ksdd2_10309,E:\Data (Drive)\IUH\DL\GK\surface-defect-detection\data\images\train\ksdd2_10309.png,True,1,227,635
train,ksdd2_10309_aug1,E:\Data (Drive)\IUH\DL\GK\surface-defect-detection\data\images\train\ksdd2_10309_aug1.png,True,1,227,635
train,ksdd2_10309_aug2,E:\Data (Drive)\IUH\DL\GK\surface-defect-detection\data\images\train\ksdd2_10309_aug2.png,True,1,227,635
train,ksdd2_10311,E:\Data (Drive)\IUH\DL\GK\surface-defect-detection\data\images\train\ksdd2_10311.png,False,0,230,635
train,ksdd2_10312,E:\Data (Drive)\IUH\DL\GK\surface-defect-detection\data\images\train\ksdd2_10312.png,True,2,231,639
train,ksdd2_10312_aug1,E:\Data (Drive)\IUH\DL\GK\surface-defect-detection\data\images\train\ksdd2_10312_aug1.png,True,2,231,639
train,ksdd2_10312_aug2,E:\Data (Drive)\IUH\DL\GK\surface-defect-detection\data\images\train\ksdd2_10312_aug2.png,True,2,231,639
train,ksdd2_10316,E:\Data (Drive)\IUH\DL\GK\surface-defect-detection\data\images\train\ksdd2_10316.png,False,0,231,637
train,ksdd2_10317,E:\Data (Drive)\IUH\DL\GK\surface-defect-detection\data\images\train\ksdd2_10317.png,False,0,230,636
train,ksdd2_10318,E:\Data (Drive)\IUH\DL\GK\surface-defect-detection\data\images\train\ksdd2_10318.png,False,0,231,640
train,ksdd2_10319,E:\Data (Drive)\IUH\DL\GK\surface-defect-detection\data\images\train\ksdd2_10319.png,False,0,224,631
train,ksdd2_10322,E:\Data (Drive)\IUH\DL\GK\surface-defect-detection\data\images\train\ksdd2_10322.png,False,0,230,635
train,ksdd2_10323,E:\Data (Drive)\IUH\DL\GK\surface-defect-detection\data\images\train\ksdd2_10323.png,False,0,228,638
train,ksdd2_10324,E:\Data (Drive)\IUH\DL\GK\surface-defect-detection\data\images\train\ksdd2_10324.png,False,0,229,628
train,ksdd2_10325,E:\Data (Drive)\IUH\DL\GK\surface-defect-detection\data\images\train\ksdd2_10325.png,False,0,234,644
train,ksdd2_10326,E:\Data (Drive)\IUH\DL\GK\surface-defect-detection\data\images\train\ksdd2_10326.png,False,0,230,633
train,ksdd2_10328,E:\Data (Drive)\IUH\DL\GK\surface-defect-detection\data\images\train\ksdd2_10328.png,False,0,231,641
train,ksdd2_10329,E:\Data (Drive)\IUH\DL\GK\surface-defect-detection\data\images\train\ksdd2_10329.png,False,0,229,627
train,ksdd2_10330,E:\Data (Drive)\IUH\DL\GK\surface-defect-detection\data\images\train\ksdd2_10330.png,False,0,228,636
train,ksdd2_10333,E:\Data (Drive)\IUH\DL\GK\surface-defect-detection\data\images\train\ksdd2_10333.png,False,0,228,638
train,ksdd2_10334,E:\Data (Drive)\IUH\DL\GK\surface-defect-detection\data\images\train\ksdd2_10334.png,False,0,231,633
train,ksdd2_10335,E:\Data (Drive)\IUH\DL\GK\surface-defect-detection\data\images\train\ksdd2_10335.png,True,1,232,640
train,ksdd2_10335_aug1,E:\Data (Drive)\IUH\DL\GK\surface-defect-detection\data\images\train\ksdd2_10335_aug1.png,True,1,232,640
train,ksdd2_10335_aug2,E:\Data (Drive)\IUH\DL\GK\surface-defect-detection\data\images\train\ksdd2_10335_aug2.png,True,1,232,640
train,ksdd2_10337,E:\Data (Drive)\IUH\DL\GK\surface-defect-detection\data\images\train\ksdd2_10337.png,True,1,230,648
train,ksdd2_10337_aug1,E:\Data (Drive)\IUH\DL\GK\surface-defect-detection\data\images\train\ksdd2_10337_aug1.png,True,1,230,648
train,ksdd2_10337_aug2,E:\Data (Drive)\IUH\DL\GK\surface-defect-detection\data\images\train\ksdd2_10337_aug2.png,True,1,230,648
train,ksdd2_10340,E:\Data (Drive)\IUH\DL\GK\surface-defect-detection\data\images\train\ksdd2_10340.png,False,0,231,638
train,ksdd2_10341,E:\Data (Drive)\IUH\DL\GK\surface-defect-detection\data\images\train\ksdd2_10341.png,False,0,224,633
train,ksdd2_10343,E:\Data (Drive)\IUH\DL\GK\surface-defect-detection\data\images\train\ksdd2_10343.png,False,0,209,628
train,ksdd2_10345,E:\Data (Drive)\IUH\DL\GK\surface-defect-detection\data\images\train\ksdd2_10345.png,True,1,226,635
train,ksdd2_10345_aug1,E:\Data (Drive)\IUH\DL\GK\surface-defect-detection\data\images\train\ksdd2_10345_aug1.png,True,1,226,635
train,ksdd2_10345_aug2,E:\Data (Drive)\IUH\DL\GK\surface-defect-detection\data\images\train\ksdd2_10345_aug2.png,True,1,226,635
train,ksdd2_10346,E:\Data (Drive)\IUH\DL\GK\surface-defect-detection\data\images\train\ksdd2_10346.png,False,0,233,633
train,ksdd2_10347,E:\Data (Drive)\IUH\DL\GK\surface-defect-detection\data\images\train\ksdd2_10347.png,False,0,233,641
train,ksdd2_10348,E:\Data (Drive)\IUH\DL\GK\surface-defect-detection\data\images\train\ksdd2_10348.png,False,0,229,637
train,ksdd2_10349,E:\Data (Drive)\IUH\DL\GK\surface-defect-detection\data\images\train\ksdd2_10349.png,False,0,228,638
train,ksdd2_10351,E:\Data (Drive)\IUH\DL\GK\surface-defect-detection\data\images\train\ksdd2_10351.png,False,0,229,635
train,ksdd2_10353,E:\Data (Drive)\IUH\DL\GK\surface-defect-detection\data\images\train\ksdd2_10353.png,False,0,206,634
train,ksdd2_10355,E:\Data (Drive)\IUH\DL\GK\surface-defect-detection\data\images\train\ksdd2_10355.png,False,0,230,643
train,ksdd2_10356,E:\Data (Drive)\IUH\DL\GK\surface-defect-detection\data\images\train\ksdd2_10356.png,False,0,230,642
train,ksdd2_10357,E:\Data (Drive)\IUH\DL\GK\surface-defect-detection\data\images\train\ksdd2_10357.png,False,0,232,646
train,ksdd2_10359,E:\Data (Drive)\IUH\DL\GK\surface-defect-detection\data\images\train\ksdd2_10359.png,False,0,226,631
train,ksdd2_10360,E:\Data (Drive)\IUH\DL\GK\surface-defect-detection\data\images\train\ksdd2_10360.png,False,0,229,636
train,ksdd2_10361,E:\Data (Drive)\IUH\DL\GK\surface-defect-detection\data\images\train\ksdd2_10361.png,False,0,229,637
train,ksdd2_10362,E:\Data (Drive)\IUH\DL\GK\surface-defect-detection\data\images\train\ksdd2_10362.png,False,0,223,642
train,ksdd2_10366,E:\Data (Drive)\IUH\DL\GK\surface-defect-detection\data\images\train\ksdd2_10366.png,False,0,228,643
train,ksdd2_10367,E:\Data (Drive)\IUH\DL\GK\surface-defect-detection\data\images\train\ksdd2_10367.png,True,1,233,629
train,ksdd2_10367_aug1,E:\Data (Drive)\IUH\DL\GK\surface-defect-detection\data\images\train\ksdd2_10367_aug1.png,True,1,233,629
train,ksdd2_10367_aug2,E:\Data (Drive)\IUH\DL\GK\surface-defect-detection\data\images\train\ksdd2_10367_aug2.png,True,1,233,629
train,ksdd2_10369,E:\Data (Drive)\IUH\DL\GK\surface-defect-detection\data\images\train\ksdd2_10369.png,False,0,220,635
train,ksdd2_10370,E:\Data (Drive)\IUH\DL\GK\surface-defect-detection\data\images\train\ksdd2_10370.png,False,0,230,638
train,ksdd2_10372,E:\Data (Drive)\IUH\DL\GK\surface-defect-detection\data\images\train\ksdd2_10372.png,False,0,229,634
train,ksdd2_10373,E:\Data (Drive)\IUH\DL\GK\surface-defect-detection\data\images\train\ksdd2_10373.png,False,0,230,640
train,ksdd2_10374,E:\Data (Drive)\IUH\DL\GK\surface-defect-detection\data\images\train\ksdd2_10374.png,False,0,234,631
train,ksdd2_10375,E:\Data (Drive)\IUH\DL\GK\surface-defect-detection\data\images\train\ksdd2_10375.png,False,0,227,637
train,ksdd2_10376,E:\Data (Drive)\IUH\DL\GK\surface-defect-detection\data\images\train\ksdd2_10376.png,False,0,230,634
train,ksdd2_10377,E:\Data (Drive)\IUH\DL\GK\surface-defect-detection\data\images\train\ksdd2_10377.png,False,0,232,643
train,ksdd2_10378,E:\Data (Drive)\IUH\DL\GK\surface-defect-detection\data\images\train\ksdd2_10378.png,False,0,226,635
train,ksdd2_10380,E:\Data (Drive)\IUH\DL\GK\surface-defect-detection\data\images\train\ksdd2_10380.png,False,0,232,640
train,ksdd2_10381,E:\Data (Drive)\IUH\DL\GK\surface-defect-detection\data\images\train\ksdd2_10381.png,False,0,228,640
train,ksdd2_10382,E:\Data (Drive)\IUH\DL\GK\surface-defect-detection\data\images\train\ksdd2_10382.png,True,1,231,635
train,ksdd2_10382_aug1,E:\Data (Drive)\IUH\DL\GK\surface-defect-detection\data\images\train\ksdd2_10382_aug1.png,True,1,231,635
train,ksdd2_10382_aug2,E:\Data (Drive)\IUH\DL\GK\surface-defect-detection\data\images\train\ksdd2_10382_aug2.png,True,1,231,635
train,ksdd2_10383,E:\Data (Drive)\IUH\DL\GK\surface-defect-detection\data\images\train\ksdd2_10383.png,True,1,215,636
train,ksdd2_10383_aug1,E:\Data (Drive)\IUH\DL\GK\surface-defect-detection\data\images\train\ksdd2_10383_aug1.png,True,1,215,636
train,ksdd2_10383_aug2,E:\Data (Drive)\IUH\DL\GK\surface-defect-detection\data\images\train\ksdd2_10383_aug2.png,True,1,215,636
train,ksdd2_10384,E:\Data (Drive)\IUH\DL\GK\surface-defect-detection\data\images\train\ksdd2_10384.png,False,0,227,624
train,ksdd2_10387,E:\Data (Drive)\IUH\DL\GK\surface-defect-detection\data\images\train\ksdd2_10387.png,False,0,230,638
train,ksdd2_10389,E:\Data (Drive)\IUH\DL\GK\surface-defect-detection\data\images\train\ksdd2_10389.png,False,0,233,631
train,ksdd2_10390,E:\Data (Drive)\IUH\DL\GK\surface-defect-detection\data\images\train\ksdd2_10390.png,False,0,228,630
train,ksdd2_10391,E:\Data (Drive)\IUH\DL\GK\surface-defect-detection\data\images\train\ksdd2_10391.png,False,0,227,640
train,ksdd2_10393,E:\Data (Drive)\IUH\DL\GK\surface-defect-detection\data\images\train\ksdd2_10393.png,False,0,227,638
train,ksdd2_10394,E:\Data (Drive)\IUH\DL\GK\surface-defect-detection\data\images\train\ksdd2_10394.png,False,0,231,632
train,ksdd2_10395,E:\Data (Drive)\IUH\DL\GK\surface-defect-detection\data\images\train\ksdd2_10395.png,False,0,224,639
train,ksdd2_10397,E:\Data (Drive)\IUH\DL\GK\surface-defect-detection\data\images\train\ksdd2_10397.png,False,0,230,632
train,ksdd2_10398,E:\Data (Drive)\IUH\DL\GK\surface-defect-detection\data\images\train\ksdd2_10398.png,False,0,230,638
train,ksdd2_10400,E:\Data (Drive)\IUH\DL\GK\surface-defect-detection\data\images\train\ksdd2_10400.png,False,0,227,626
train,ksdd2_10401,E:\Data (Drive)\IUH\DL\GK\surface-defect-detection\data\images\train\ksdd2_10401.png,True,1,232,645
train,ksdd2_10401_aug1,E:\Data (Drive)\IUH\DL\GK\surface-defect-detection\data\images\train\ksdd2_10401_aug1.png,True,1,232,645
train,ksdd2_10401_aug2,E:\Data (Drive)\IUH\DL\GK\surface-defect-detection\data\images\train\ksdd2_10401_aug2.png,True,1,232,645
train,ksdd2_10402,E:\Data (Drive)\IUH\DL\GK\surface-defect-detection\data\images\train\ksdd2_10402.png,True,1,228,641
train,ksdd2_10402_aug1,E:\Data (Drive)\IUH\DL\GK\surface-defect-detection\data\images\train\ksdd2_10402_aug1.png,True,1,228,641
train,ksdd2_10402_aug2,E:\Data (Drive)\IUH\DL\GK\surface-defect-detection\data\images\train\ksdd2_10402_aug2.png,True,1,228,641
train,ksdd2_10403,E:\Data (Drive)\IUH\DL\GK\surface-defect-detection\data\images\train\ksdd2_10403.png,True,1,234,648
train,ksdd2_10403_aug1,E:\Data (Drive)\IUH\DL\GK\surface-defect-detection\data\images\train\ksdd2_10403_aug1.png,True,1,234,648
train,ksdd2_10403_aug2,E:\Data (Drive)\IUH\DL\GK\surface-defect-detection\data\images\train\ksdd2_10403_aug2.png,True,1,234,648
train,ksdd2_10404,E:\Data (Drive)\IUH\DL\GK\surface-defect-detection\data\images\train\ksdd2_10404.png,False,0,233,646
train,ksdd2_10405,E:\Data (Drive)\IUH\DL\GK\surface-defect-detection\data\images\train\ksdd2_10405.png,False,0,233,648
train,ksdd2_10406,E:\Data (Drive)\IUH\DL\GK\surface-defect-detection\data\images\train\ksdd2_10406.png,False,0,229,627
train,ksdd2_10407,E:\Data (Drive)\IUH\DL\GK\surface-defect-detection\data\images\train\ksdd2_10407.png,False,0,228,640
train,ksdd2_10408,E:\Data (Drive)\IUH\DL\GK\surface-defect-detection\data\images\train\ksdd2_10408.png,False,0,230,637
train,ksdd2_10409,E:\Data (Drive)\IUH\DL\GK\surface-defect-detection\data\images\train\ksdd2_10409.png,False,0,230,641
train,ksdd2_10410,E:\Data (Drive)\IUH\DL\GK\surface-defect-detection\data\images\train\ksdd2_10410.png,False,0,227,639
train,ksdd2_10413,E:\Data (Drive)\IUH\DL\GK\surface-defect-detection\data\images\train\ksdd2_10413.png,False,0,230,637
train,ksdd2_10415,E:\Data (Drive)\IUH\DL\GK\surface-defect-detection\data\images\train\ksdd2_10415.png,False,0,228,629
train,ksdd2_10418,E:\Data (Drive)\IUH\DL\GK\surface-defect-detection\data\images\train\ksdd2_10418.png,False,0,232,641
train,ksdd2_10419,E:\Data (Drive)\IUH\DL\GK\surface-defect-detection\data\images\train\ksdd2_10419.png,False,0,229,634
train,ksdd2_10420,E:\Data (Drive)\IUH\DL\GK\surface-defect-detection\data\images\train\ksdd2_10420.png,False,0,227,622
train,ksdd2_10421,E:\Data (Drive)\IUH\DL\GK\surface-defect-detection\data\images\train\ksdd2_10421.png,True,1,230,641
train,ksdd2_10421_aug1,E:\Data (Drive)\IUH\DL\GK\surface-defect-detection\data\images\train\ksdd2_10421_aug1.png,True,1,230,641
train,ksdd2_10421_aug2,E:\Data (Drive)\IUH\DL\GK\surface-defect-detection\data\images\train\ksdd2_10421_aug2.png,True,1,230,641
train,ksdd2_10423,E:\Data (Drive)\IUH\DL\GK\surface-defect-detection\data\images\train\ksdd2_10423.png,True,2,231,640
train,ksdd2_10423_aug1,E:\Data (Drive)\IUH\DL\GK\surface-defect-detection\data\images\train\ksdd2_10423_aug1.png,True,2,231,640
train,ksdd2_10423_aug2,E:\Data (Drive)\IUH\DL\GK\surface-defect-detection\data\images\train\ksdd2_10423_aug2.png,True,2,231,640
train,ksdd2_10424,E:\Data (Drive)\IUH\DL\GK\surface-defect-detection\data\images\train\ksdd2_10424.png,False,0,225,650
train,ksdd2_10425,E:\Data (Drive)\IUH\DL\GK\surface-defect-detection\data\images\train\ksdd2_10425.png,False,0,227,638
train,ksdd2_10429,E:\Data (Drive)\IUH\DL\GK\surface-defect-detection\data\images\train\ksdd2_10429.png,False,0,229,640
train,ksdd2_10430,E:\Data (Drive)\IUH\DL\GK\surface-defect-detection\data\images\train\ksdd2_10430.png,False,0,226,633
train,ksdd2_10431,E:\Data (Drive)\IUH\DL\GK\surface-defect-detection\data\images\train\ksdd2_10431.png,False,0,229,639
train,ksdd2_10432,E:\Data (Drive)\IUH\DL\GK\surface-defect-detection\data\images\train\ksdd2_10432.png,False,0,226,638
train,ksdd2_10433,E:\Data (Drive)\IUH\DL\GK\surface-defect-detection\data\images\train\ksdd2_10433.png,False,0,232,645
train,ksdd2_10434,E:\Data (Drive)\IUH\DL\GK\surface-defect-detection\data\images\train\ksdd2_10434.png,False,0,226,640
train,ksdd2_10435,E:\Data (Drive)\IUH\DL\GK\surface-defect-detection\data\images\train\ksdd2_10435.png,False,0,229,626
train,ksdd2_10436,E:\Data (Drive)\IUH\DL\GK\surface-defect-detection\data\images\train\ksdd2_10436.png,False,0,227,635
train,ksdd2_10437,E:\Data (Drive)\IUH\DL\GK\surface-defect-detection\data\images\train\ksdd2_10437.png,False,0,232,633
train,ksdd2_10438,E:\Data (Drive)\IUH\DL\GK\surface-defect-detection\data\images\train\ksdd2_10438.png,False,0,228,633
train,ksdd2_10439,E:\Data (Drive)\IUH\DL\GK\surface-defect-detection\data\images\train\ksdd2_10439.png,False,0,230,638
train,ksdd2_10440,E:\Data (Drive)\IUH\DL\GK\surface-defect-detection\data\images\train\ksdd2_10440.png,False,0,227,644
train,ksdd2_10441,E:\Data (Drive)\IUH\DL\GK\surface-defect-detection\data\images\train\ksdd2_10441.png,False,0,233,644
train,ksdd2_10442,E:\Data (Drive)\IUH\DL\GK\surface-defect-detection\data\images\train\ksdd2_10442.png,False,0,229,629
train,ksdd2_10445,E:\Data (Drive)\IUH\DL\GK\surface-defect-detection\data\images\train\ksdd2_10445.png,False,0,233,633
train,ksdd2_10446,E:\Data (Drive)\IUH\DL\GK\surface-defect-detection\data\images\train\ksdd2_10446.png,False,0,234,642
train,ksdd2_10447,E:\Data (Drive)\IUH\DL\GK\surface-defect-detection\data\images\train\ksdd2_10447.png,False,0,234,639
train,ksdd2_10448,E:\Data (Drive)\IUH\DL\GK\surface-defect-detection\data\images\train\ksdd2_10448.png,False,0,226,640
train,ksdd2_10450,E:\Data (Drive)\IUH\DL\GK\surface-defect-detection\data\images\train\ksdd2_10450.png,False,0,233,634
train,ksdd2_10453,E:\Data (Drive)\IUH\DL\GK\surface-defect-detection\data\images\train\ksdd2_10453.png,False,0,234,638
train,ksdd2_10455,E:\Data (Drive)\IUH\DL\GK\surface-defect-detection\data\images\train\ksdd2_10455.png,False,0,231,636
train,ksdd2_10456,E:\Data (Drive)\IUH\DL\GK\surface-defect-detection\data\images\train\ksdd2_10456.png,False,0,229,637
train,ksdd2_10457,E:\Data (Drive)\IUH\DL\GK\surface-defect-detection\data\images\train\ksdd2_10457.png,True,1,229,637
train,ksdd2_10457_aug1,E:\Data (Drive)\IUH\DL\GK\surface-defect-detection\data\images\train\ksdd2_10457_aug1.png,True,1,229,637
train,ksdd2_10457_aug2,E:\Data (Drive)\IUH\DL\GK\surface-defect-detection\data\images\train\ksdd2_10457_aug2.png,True,1,229,637
train,ksdd2_10459,E:\Data (Drive)\IUH\DL\GK\surface-defect-detection\data\images\train\ksdd2_10459.png,False,0,228,626
train,ksdd2_10460,E:\Data (Drive)\IUH\DL\GK\surface-defect-detection\data\images\train\ksdd2_10460.png,False,0,226,632
train,ksdd2_10461,E:\Data (Drive)\IUH\DL\GK\surface-defect-detection\data\images\train\ksdd2_10461.png,False,0,230,642
train,ksdd2_10462,E:\Data (Drive)\IUH\DL\GK\surface-defect-detection\data\images\train\ksdd2_10462.png,False,0,233,632
train,ksdd2_10463,E:\Data (Drive)\IUH\DL\GK\surface-defect-detection\data\images\train\ksdd2_10463.png,False,0,234,639
train,ksdd2_10465,E:\Data (Drive)\IUH\DL\GK\surface-defect-detection\data\images\train\ksdd2_10465.png,False,0,226,641
train,ksdd2_10467,E:\Data (Drive)\IUH\DL\GK\surface-defect-detection\data\images\train\ksdd2_10467.png,False,0,215,634
train,ksdd2_10470,E:\Data (Drive)\IUH\DL\GK\surface-defect-detection\data\images\train\ksdd2_10470.png,False,0,233,642
train,ksdd2_10471,E:\Data (Drive)\IUH\DL\GK\surface-defect-detection\data\images\train\ksdd2_10471.png,False,0,230,637
train,ksdd2_10473,E:\Data (Drive)\IUH\DL\GK\surface-defect-detection\data\images\train\ksdd2_10473.png,False,0,206,632
train,ksdd2_10474,E:\Data (Drive)\IUH\DL\GK\surface-defect-detection\data\images\train\ksdd2_10474.png,False,0,234,640
train,ksdd2_10475,E:\Data (Drive)\IUH\DL\GK\surface-defect-detection\data\images\train\ksdd2_10475.png,False,0,226,657
train,ksdd2_10477,E:\Data (Drive)\IUH\DL\GK\surface-defect-detection\data\images\train\ksdd2_10477.png,False,0,231,638
train,ksdd2_10478,E:\Data (Drive)\IUH\DL\GK\surface-defect-detection\data\images\train\ksdd2_10478.png,True,1,229,636
train,ksdd2_10478_aug1,E:\Data (Drive)\IUH\DL\GK\surface-defect-detection\data\images\train\ksdd2_10478_aug1.png,True,1,229,636
train,ksdd2_10478_aug2,E:\Data (Drive)\IUH\DL\GK\surface-defect-detection\data\images\train\ksdd2_10478_aug2.png,True,1,229,636
train,ksdd2_10479,E:\Data (Drive)\IUH\DL\GK\surface-defect-detection\data\images\train\ksdd2_10479.png,False,0,229,636
train,ksdd2_10480,E:\Data (Drive)\IUH\DL\GK\surface-defect-detection\data\images\train\ksdd2_10480.png,False,0,228,628
train,ksdd2_10482,E:\Data (Drive)\IUH\DL\GK\surface-defect-detection\data\images\train\ksdd2_10482.png,False,0,229,624
train,ksdd2_10483,E:\Data (Drive)\IUH\DL\GK\surface-defect-detection\data\images\train\ksdd2_10483.png,False,0,229,637
train,ksdd2_10484,E:\Data (Drive)\IUH\DL\GK\surface-defect-detection\data\images\train\ksdd2_10484.png,False,0,206,640
train,ksdd2_10486,E:\Data (Drive)\IUH\DL\GK\surface-defect-detection\data\images\train\ksdd2_10486.png,False,0,225,634
train,ksdd2_10489,E:\Data (Drive)\IUH\DL\GK\surface-defect-detection\data\images\train\ksdd2_10489.png,False,0,233,642
train,ksdd2_10490,E:\Data (Drive)\IUH\DL\GK\surface-defect-detection\data\images\train\ksdd2_10490.png,False,0,229,632
train,ksdd2_10491,E:\Data (Drive)\IUH\DL\GK\surface-defect-detection\data\images\train\ksdd2_10491.png,False,0,226,635
train,ksdd2_10495,E:\Data (Drive)\IUH\DL\GK\surface-defect-detection\data\images\train\ksdd2_10495.png,False,0,230,635
train,ksdd2_10496,E:\Data (Drive)\IUH\DL\GK\surface-defect-detection\data\images\train\ksdd2_10496.png,False,0,228,643
train,ksdd2_10497,E:\Data (Drive)\IUH\DL\GK\surface-defect-detection\data\images\train\ksdd2_10497.png,False,0,229,638
train,ksdd2_10498,E:\Data (Drive)\IUH\DL\GK\surface-defect-detection\data\images\train\ksdd2_10498.png,False,0,231,637
train,ksdd2_10500,E:\Data (Drive)\IUH\DL\GK\surface-defect-detection\data\images\train\ksdd2_10500.png,False,0,231,637
train,ksdd2_10501,E:\Data (Drive)\IUH\DL\GK\surface-defect-detection\data\images\train\ksdd2_10501.png,False,0,229,639
train,ksdd2_10502,E:\Data (Drive)\IUH\DL\GK\surface-defect-detection\data\images\train\ksdd2_10502.png,True,1,228,645
train,ksdd2_10502_aug1,E:\Data (Drive)\IUH\DL\GK\surface-defect-detection\data\images\train\ksdd2_10502_aug1.png,True,1,228,645
train,ksdd2_10502_aug2,E:\Data (Drive)\IUH\DL\GK\surface-defect-detection\data\images\train\ksdd2_10502_aug2.png,True,1,228,645
train,ksdd2_10503,E:\Data (Drive)\IUH\DL\GK\surface-defect-detection\data\images\train\ksdd2_10503.png,False,0,232,633
train,ksdd2_10504,E:\Data (Drive)\IUH\DL\GK\surface-defect-detection\data\images\train\ksdd2_10504.png,False,0,230,635
train,ksdd2_10505,E:\Data (Drive)\IUH\DL\GK\surface-defect-detection\data\images\train\ksdd2_10505.png,False,0,233,646
train,ksdd2_10506,E:\Data (Drive)\IUH\DL\GK\surface-defect-detection\data\images\train\ksdd2_10506.png,True,1,231,645
train,ksdd2_10506_aug1,E:\Data (Drive)\IUH\DL\GK\surface-defect-detection\data\images\train\ksdd2_10506_aug1.png,True,1,231,645
train,ksdd2_10506_aug2,E:\Data (Drive)\IUH\DL\GK\surface-defect-detection\data\images\train\ksdd2_10506_aug2.png,True,1,231,645
train,ksdd2_10507,E:\Data (Drive)\IUH\DL\GK\surface-defect-detection\data\images\train\ksdd2_10507.png,False,0,235,640
train,ksdd2_10508,E:\Data (Drive)\IUH\DL\GK\surface-defect-detection\data\images\train\ksdd2_10508.png,False,0,231,638
train,ksdd2_10509,E:\Data (Drive)\IUH\DL\GK\surface-defect-detection\data\images\train\ksdd2_10509.png,False,0,215,641
train,ksdd2_10510,E:\Data (Drive)\IUH\DL\GK\surface-defect-detection\data\images\train\ksdd2_10510.png,False,0,231,641
train,ksdd2_10512,E:\Data (Drive)\IUH\DL\GK\surface-defect-detection\data\images\train\ksdd2_10512.png,False,0,232,642
train,ksdd2_10513,E:\Data (Drive)\IUH\DL\GK\surface-defect-detection\data\images\train\ksdd2_10513.png,False,0,230,633
train,ksdd2_10514,E:\Data (Drive)\IUH\DL\GK\surface-defect-detection\data\images\train\ksdd2_10514.png,True,1,228,637
train,ksdd2_10514_aug1,E:\Data (Drive)\IUH\DL\GK\surface-defect-detection\data\images\train\ksdd2_10514_aug1.png,True,1,228,637
train,ksdd2_10514_aug2,E:\Data (Drive)\IUH\DL\GK\surface-defect-detection\data\images\train\ksdd2_10514_aug2.png,True,1,228,637
train,ksdd2_10515,E:\Data (Drive)\IUH\DL\GK\surface-defect-detection\data\images\train\ksdd2_10515.png,False,0,228,628
train,ksdd2_10516,E:\Data (Drive)\IUH\DL\GK\surface-defect-detection\data\images\train\ksdd2_10516.png,True,1,232,633
train,ksdd2_10516_aug1,E:\Data (Drive)\IUH\DL\GK\surface-defect-detection\data\images\train\ksdd2_10516_aug1.png,True,1,232,633
train,ksdd2_10516_aug2,E:\Data (Drive)\IUH\DL\GK\surface-defect-detection\data\images\train\ksdd2_10516_aug2.png,True,1,232,633
train,ksdd2_10517,E:\Data (Drive)\IUH\DL\GK\surface-defect-detection\data\images\train\ksdd2_10517.png,False,0,233,645
train,ksdd2_10518,E:\Data (Drive)\IUH\DL\GK\surface-defect-detection\data\images\train\ksdd2_10518.png,False,0,230,635
train,ksdd2_10520,E:\Data (Drive)\IUH\DL\GK\surface-defect-detection\data\images\train\ksdd2_10520.png,False,0,228,636
train,ksdd2_10521,E:\Data (Drive)\IUH\DL\GK\surface-defect-detection\data\images\train\ksdd2_10521.png,False,0,229,632
train,ksdd2_10531,E:\Data (Drive)\IUH\DL\GK\surface-defect-detection\data\images\train\ksdd2_10531.png,False,0,228,645
train,ksdd2_10533,E:\Data (Drive)\IUH\DL\GK\surface-defect-detection\data\images\train\ksdd2_10533.png,False,0,227,643
train,ksdd2_10534,E:\Data (Drive)\IUH\DL\GK\surface-defect-detection\data\images\train\ksdd2_10534.png,False,0,229,631
train,ksdd2_10535,E:\Data (Drive)\IUH\DL\GK\surface-defect-detection\data\images\train\ksdd2_10535.png,False,0,231,629
train,ksdd2_10538,E:\Data (Drive)\IUH\DL\GK\surface-defect-detection\data\images\train\ksdd2_10538.png,False,0,234,639
train,ksdd2_10539,E:\Data (Drive)\IUH\DL\GK\surface-defect-detection\data\images\train\ksdd2_10539.png,False,0,232,632
train,ksdd2_10540,E:\Data (Drive)\IUH\DL\GK\surface-defect-detection\data\images\train\ksdd2_10540.png,False,0,236,633
train,ksdd2_10542,E:\Data (Drive)\IUH\DL\GK\surface-defect-detection\data\images\train\ksdd2_10542.png,False,0,229,634
train,ksdd2_10543,E:\Data (Drive)\IUH\DL\GK\surface-defect-detection\data\images\train\ksdd2_10543.png,False,0,228,638
train,ksdd2_10544,E:\Data (Drive)\IUH\DL\GK\surface-defect-detection\data\images\train\ksdd2_10544.png,False,0,226,640
train,ksdd2_10546,E:\Data (Drive)\IUH\DL\GK\surface-defect-detection\data\images\train\ksdd2_10546.png,False,0,231,638
train,ksdd2_10547,E:\Data (Drive)\IUH\DL\GK\surface-defect-detection\data\images\train\ksdd2_10547.png,False,0,227,640
train,ksdd2_10548,E:\Data (Drive)\IUH\DL\GK\surface-defect-detection\data\images\train\ksdd2_10548.png,False,0,230,636
train,ksdd2_10549,E:\Data (Drive)\IUH\DL\GK\surface-defect-detection\data\images\train\ksdd2_10549.png,False,0,231,637
train,ksdd2_10552,E:\Data (Drive)\IUH\DL\GK\surface-defect-detection\data\images\train\ksdd2_10552.png,False,0,226,634
train,ksdd2_10554,E:\Data (Drive)\IUH\DL\GK\surface-defect-detection\data\images\train\ksdd2_10554.png,True,1,232,629
train,ksdd2_10554_aug1,E:\Data (Drive)\IUH\DL\GK\surface-defect-detection\data\images\train\ksdd2_10554_aug1.png,True,1,232,629
train,ksdd2_10554_aug2,E:\Data (Drive)\IUH\DL\GK\surface-defect-detection\data\images\train\ksdd2_10554_aug2.png,True,1,232,629
train,ksdd2_10555,E:\Data (Drive)\IUH\DL\GK\surface-defect-detection\data\images\train\ksdd2_10555.png,False,0,229,631
train,ksdd2_10556,E:\Data (Drive)\IUH\DL\GK\surface-defect-detection\data\images\train\ksdd2_10556.png,False,0,231,643
train,ksdd2_10557,E:\Data (Drive)\IUH\DL\GK\surface-defect-detection\data\images\train\ksdd2_10557.png,True,1,225,635
train,ksdd2_10557_aug1,E:\Data (Drive)\IUH\DL\GK\surface-defect-detection\data\images\train\ksdd2_10557_aug1.png,True,1,225,635
train,ksdd2_10557_aug2,E:\Data (Drive)\IUH\DL\GK\surface-defect-detection\data\images\train\ksdd2_10557_aug2.png,True,1,225,635
train,ksdd2_10559,E:\Data (Drive)\IUH\DL\GK\surface-defect-detection\data\images\train\ksdd2_10559.png,False,0,229,635
train,ksdd2_10560,E:\Data (Drive)\IUH\DL\GK\surface-defect-detection\data\images\train\ksdd2_10560.png,False,0,224,633
train,ksdd2_10561,E:\Data (Drive)\IUH\DL\GK\surface-defect-detection\data\images\train\ksdd2_10561.png,False,0,228,634
train,ksdd2_10562,E:\Data (Drive)\IUH\DL\GK\surface-defect-detection\data\images\train\ksdd2_10562.png,False,0,231,627
train,ksdd2_10563,E:\Data (Drive)\IUH\DL\GK\surface-defect-detection\data\images\train\ksdd2_10563.png,False,0,231,631
train,ksdd2_10565,E:\Data (Drive)\IUH\DL\GK\surface-defect-detection\data\images\train\ksdd2_10565.png,False,0,227,638
train,ksdd2_10566,E:\Data (Drive)\IUH\DL\GK\surface-defect-detection\data\images\train\ksdd2_10566.png,False,0,229,638
train,ksdd2_10569,E:\Data (Drive)\IUH\DL\GK\surface-defect-detection\data\images\train\ksdd2_10569.png,True,1,229,642
train,ksdd2_10569_aug1,E:\Data (Drive)\IUH\DL\GK\surface-defect-detection\data\images\train\ksdd2_10569_aug1.png,True,1,229,642
train,ksdd2_10569_aug2,E:\Data (Drive)\IUH\DL\GK\surface-defect-detection\data\images\train\ksdd2_10569_aug2.png,True,1,229,642
train,ksdd2_10570,E:\Data (Drive)\IUH\DL\GK\surface-defect-detection\data\images\train\ksdd2_10570.png,False,0,230,628
train,ksdd2_10571,E:\Data (Drive)\IUH\DL\GK\surface-defect-detection\data\images\train\ksdd2_10571.png,False,0,231,635
train,ksdd2_10572,E:\Data (Drive)\IUH\DL\GK\surface-defect-detection\data\images\train\ksdd2_10572.png,False,0,233,639
train,ksdd2_10573,E:\Data (Drive)\IUH\DL\GK\surface-defect-detection\data\images\train\ksdd2_10573.png,False,0,228,631
train,ksdd2_10574,E:\Data (Drive)\IUH\DL\GK\surface-defect-detection\data\images\train\ksdd2_10574.png,True,1,218,644
train,ksdd2_10574_aug1,E:\Data (Drive)\IUH\DL\GK\surface-defect-detection\data\images\train\ksdd2_10574_aug1.png,True,1,218,644
train,ksdd2_10574_aug2,E:\Data (Drive)\IUH\DL\GK\surface-defect-detection\data\images\train\ksdd2_10574_aug2.png,True,1,218,644
train,ksdd2_10575,E:\Data (Drive)\IUH\DL\GK\surface-defect-detection\data\images\train\ksdd2_10575.png,False,0,232,650
train,ksdd2_10576,E:\Data (Drive)\IUH\DL\GK\surface-defect-detection\data\images\train\ksdd2_10576.png,False,0,230,643
train,ksdd2_10579,E:\Data (Drive)\IUH\DL\GK\surface-defect-detection\data\images\train\ksdd2_10579.png,False,0,232,645
train,ksdd2_10580,E:\Data (Drive)\IUH\DL\GK\surface-defect-detection\data\images\train\ksdd2_10580.png,False,0,230,647
train,ksdd2_10583,E:\Data (Drive)\IUH\DL\GK\surface-defect-detection\data\images\train\ksdd2_10583.png,True,2,234,645
train,ksdd2_10583_aug1,E:\Data (Drive)\IUH\DL\GK\surface-defect-detection\data\images\train\ksdd2_10583_aug1.png,True,2,234,645
train,ksdd2_10583_aug2,E:\Data (Drive)\IUH\DL\GK\surface-defect-detection\data\images\train\ksdd2_10583_aug2.png,True,2,234,645
train,ksdd2_10584,E:\Data (Drive)\IUH\DL\GK\surface-defect-detection\data\images\train\ksdd2_10584.png,False,0,234,643
train,ksdd2_10586,E:\Data (Drive)\IUH\DL\GK\surface-defect-detection\data\images\train\ksdd2_10586.png,False,0,225,638
train,ksdd2_10587,E:\Data (Drive)\IUH\DL\GK\surface-defect-detection\data\images\train\ksdd2_10587.png,False,0,230,636
train,ksdd2_10588,E:\Data (Drive)\IUH\DL\GK\surface-defect-detection\data\images\train\ksdd2_10588.png,False,0,230,630
train,ksdd2_10589,E:\Data (Drive)\IUH\DL\GK\surface-defect-detection\data\images\train\ksdd2_10589.png,False,0,228,632
train,ksdd2_10590,E:\Data (Drive)\IUH\DL\GK\surface-defect-detection\data\images\train\ksdd2_10590.png,False,0,229,635
train,ksdd2_10591,E:\Data (Drive)\IUH\DL\GK\surface-defect-detection\data\images\train\ksdd2_10591.png,False,0,221,633
train,ksdd2_10592,E:\Data (Drive)\IUH\DL\GK\surface-defect-detection\data\images\train\ksdd2_10592.png,False,0,228,638
train,ksdd2_10593,E:\Data (Drive)\IUH\DL\GK\surface-defect-detection\data\images\train\ksdd2_10593.png,False,0,230,639
train,ksdd2_10594,E:\Data (Drive)\IUH\DL\GK\surface-defect-detection\data\images\train\ksdd2_10594.png,False,0,231,646
train,ksdd2_10595,E:\Data (Drive)\IUH\DL\GK\surface-defect-detection\data\images\train\ksdd2_10595.png,False,0,234,642
train,ksdd2_10596,E:\Data (Drive)\IUH\DL\GK\surface-defect-detection\data\images\train\ksdd2_10596.png,False,0,230,644
train,ksdd2_10599,E:\Data (Drive)\IUH\DL\GK\surface-defect-detection\data\images\train\ksdd2_10599.png,False,0,227,632
train,ksdd2_10601,E:\Data (Drive)\IUH\DL\GK\surface-defect-detection\data\images\train\ksdd2_10601.png,False,0,232,637
train,ksdd2_10602,E:\Data (Drive)\IUH\DL\GK\surface-defect-detection\data\images\train\ksdd2_10602.png,True,1,229,644
train,ksdd2_10602_aug1,E:\Data (Drive)\IUH\DL\GK\surface-defect-detection\data\images\train\ksdd2_10602_aug1.png,True,1,229,644
train,ksdd2_10602_aug2,E:\Data (Drive)\IUH\DL\GK\surface-defect-detection\data\images\train\ksdd2_10602_aug2.png,True,1,229,644
train,ksdd2_10603,E:\Data (Drive)\IUH\DL\GK\surface-defect-detection\data\images\train\ksdd2_10603.png,False,0,227,631
train,ksdd2_10605,E:\Data (Drive)\IUH\DL\GK\surface-defect-detection\data\images\train\ksdd2_10605.png,False,0,225,639
train,ksdd2_10606,E:\Data (Drive)\IUH\DL\GK\surface-defect-detection\data\images\train\ksdd2_10606.png,False,0,229,640
train,ksdd2_10607,E:\Data (Drive)\IUH\DL\GK\surface-defect-detection\data\images\train\ksdd2_10607.png,False,0,231,631
train,ksdd2_10608,E:\Data (Drive)\IUH\DL\GK\surface-defect-detection\data\images\train\ksdd2_10608.png,False,0,230,643
train,ksdd2_10610,E:\Data (Drive)\IUH\DL\GK\surface-defect-detection\data\images\train\ksdd2_10610.png,False,0,233,638
train,ksdd2_10611,E:\Data (Drive)\IUH\DL\GK\surface-defect-detection\data\images\train\ksdd2_10611.png,False,0,231,636
train,ksdd2_10612,E:\Data (Drive)\IUH\DL\GK\surface-defect-detection\data\images\train\ksdd2_10612.png,True,1,219,633
train,ksdd2_10612_aug1,E:\Data (Drive)\IUH\DL\GK\surface-defect-detection\data\images\train\ksdd2_10612_aug1.png,True,1,219,633
train,ksdd2_10612_aug2,E:\Data (Drive)\IUH\DL\GK\surface-defect-detection\data\images\train\ksdd2_10612_aug2.png,True,1,219,633
train,ksdd2_10613,E:\Data (Drive)\IUH\DL\GK\surface-defect-detection\data\images\train\ksdd2_10613.png,False,0,226,637
train,ksdd2_10615,E:\Data (Drive)\IUH\DL\GK\surface-defect-detection\data\images\train\ksdd2_10615.png,False,0,228,632
train,ksdd2_10616,E:\Data (Drive)\IUH\DL\GK\surface-defect-detection\data\images\train\ksdd2_10616.png,False,0,227,638
train,ksdd2_10617,E:\Data (Drive)\IUH\DL\GK\surface-defect-detection\data\images\train\ksdd2_10617.png,False,0,228,631
train,ksdd2_10618,E:\Data (Drive)\IUH\DL\GK\surface-defect-detection\data\images\train\ksdd2_10618.png,True,1,228,636
train,ksdd2_10618_aug1,E:\Data (Drive)\IUH\DL\GK\surface-defect-detection\data\images\train\ksdd2_10618_aug1.png,True,1,228,636
train,ksdd2_10618_aug2,E:\Data (Drive)\IUH\DL\GK\surface-defect-detection\data\images\train\ksdd2_10618_aug2.png,True,1,228,636
train,ksdd2_10619,E:\Data (Drive)\IUH\DL\GK\surface-defect-detection\data\images\train\ksdd2_10619.png,False,0,232,643
train,ksdd2_10621,E:\Data (Drive)\IUH\DL\GK\surface-defect-detection\data\images\train\ksdd2_10621.png,False,0,235,635
train,ksdd2_10622,E:\Data (Drive)\IUH\DL\GK\surface-defect-detection\data\images\train\ksdd2_10622.png,False,0,228,640
train,ksdd2_10623,E:\Data (Drive)\IUH\DL\GK\surface-defect-detection\data\images\train\ksdd2_10623.png,False,0,230,639
train,ksdd2_10626,E:\Data (Drive)\IUH\DL\GK\surface-defect-detection\data\images\train\ksdd2_10626.png,False,0,227,627
train,ksdd2_10627,E:\Data (Drive)\IUH\DL\GK\surface-defect-detection\data\images\train\ksdd2_10627.png,False,0,235,642
train,ksdd2_10628,E:\Data (Drive)\IUH\DL\GK\surface-defect-detection\data\images\train\ksdd2_10628.png,True,1,229,634
train,ksdd2_10628_aug1,E:\Data (Drive)\IUH\DL\GK\surface-defect-detection\data\images\train\ksdd2_10628_aug1.png,True,1,229,634
train,ksdd2_10628_aug2,E:\Data (Drive)\IUH\DL\GK\surface-defect-detection\data\images\train\ksdd2_10628_aug2.png,True,1,229,634
train,ksdd2_10629,E:\Data (Drive)\IUH\DL\GK\surface-defect-detection\data\images\train\ksdd2_10629.png,False,0,231,634
train,ksdd2_10630,E:\Data (Drive)\IUH\DL\GK\surface-defect-detection\data\images\train\ksdd2_10630.png,False,0,232,625
train,ksdd2_10631,E:\Data (Drive)\IUH\DL\GK\surface-defect-detection\data\images\train\ksdd2_10631.png,False,0,229,634
train,ksdd2_10633,E:\Data (Drive)\IUH\DL\GK\surface-defect-detection\data\images\train\ksdd2_10633.png,False,0,225,633
train,ksdd2_10634,E:\Data (Drive)\IUH\DL\GK\surface-defect-detection\data\images\train\ksdd2_10634.png,False,0,228,632
train,ksdd2_10635,E:\Data (Drive)\IUH\DL\GK\surface-defect-detection\data\images\train\ksdd2_10635.png,False,0,234,637
train,ksdd2_10636,E:\Data (Drive)\IUH\DL\GK\surface-defect-detection\data\images\train\ksdd2_10636.png,False,0,224,628
train,ksdd2_10637,E:\Data (Drive)\IUH\DL\GK\surface-defect-detection\data\images\train\ksdd2_10637.png,True,1,229,637
train,ksdd2_10637_aug1,E:\Data (Drive)\IUH\DL\GK\surface-defect-detection\data\images\train\ksdd2_10637_aug1.png,True,1,229,637
train,ksdd2_10637_aug2,E:\Data (Drive)\IUH\DL\GK\surface-defect-detection\data\images\train\ksdd2_10637_aug2.png,True,1,229,637
train,ksdd2_10638,E:\Data (Drive)\IUH\DL\GK\surface-defect-detection\data\images\train\ksdd2_10638.png,True,1,192,646
train,ksdd2_10638_aug1,E:\Data (Drive)\IUH\DL\GK\surface-defect-detection\data\images\train\ksdd2_10638_aug1.png,True,1,192,646
train,ksdd2_10638_aug2,E:\Data (Drive)\IUH\DL\GK\surface-defect-detection\data\images\train\ksdd2_10638_aug2.png,True,1,192,646
train,ksdd2_10639,E:\Data (Drive)\IUH\DL\GK\surface-defect-detection\data\images\train\ksdd2_10639.png,False,0,227,622
train,ksdd2_10641,E:\Data (Drive)\IUH\DL\GK\surface-defect-detection\data\images\train\ksdd2_10641.png,False,0,227,634
train,ksdd2_10642,E:\Data (Drive)\IUH\DL\GK\surface-defect-detection\data\images\train\ksdd2_10642.png,False,0,225,626
train,ksdd2_10643,E:\Data (Drive)\IUH\DL\GK\surface-defect-detection\data\images\train\ksdd2_10643.png,False,0,235,640
train,ksdd2_10645,E:\Data (Drive)\IUH\DL\GK\surface-defect-detection\data\images\train\ksdd2_10645.png,False,0,226,632
train,ksdd2_10646,E:\Data (Drive)\IUH\DL\GK\surface-defect-detection\data\images\train\ksdd2_10646.png,False,0,226,626
train,ksdd2_10647,E:\Data (Drive)\IUH\DL\GK\surface-defect-detection\data\images\train\ksdd2_10647.png,True,1,231,638
train,ksdd2_10647_aug1,E:\Data (Drive)\IUH\DL\GK\surface-defect-detection\data\images\train\ksdd2_10647_aug1.png,True,1,231,638
train,ksdd2_10647_aug2,E:\Data (Drive)\IUH\DL\GK\surface-defect-detection\data\images\train\ksdd2_10647_aug2.png,True,1,231,638
train,ksdd2_10649,E:\Data (Drive)\IUH\DL\GK\surface-defect-detection\data\images\train\ksdd2_10649.png,False,0,229,638
train,ksdd2_10650,E:\Data (Drive)\IUH\DL\GK\surface-defect-detection\data\images\train\ksdd2_10650.png,False,0,229,642
train,ksdd2_10651,E:\Data (Drive)\IUH\DL\GK\surface-defect-detection\data\images\train\ksdd2_10651.png,False,0,224,631
train,ksdd2_10653,E:\Data (Drive)\IUH\DL\GK\surface-defect-detection\data\images\train\ksdd2_10653.png,False,0,226,636
train,ksdd2_10654,E:\Data (Drive)\IUH\DL\GK\surface-defect-detection\data\images\train\ksdd2_10654.png,True,1,233,636
train,ksdd2_10654_aug1,E:\Data (Drive)\IUH\DL\GK\surface-defect-detection\data\images\train\ksdd2_10654_aug1.png,True,1,233,636
train,ksdd2_10654_aug2,E:\Data (Drive)\IUH\DL\GK\surface-defect-detection\data\images\train\ksdd2_10654_aug2.png,True,1,233,636
train,ksdd2_10655,E:\Data (Drive)\IUH\DL\GK\surface-defect-detection\data\images\train\ksdd2_10655.png,False,0,222,630
train,ksdd2_10656,E:\Data (Drive)\IUH\DL\GK\surface-defect-detection\data\images\train\ksdd2_10656.png,False,0,225,632
train,ksdd2_10658,E:\Data (Drive)\IUH\DL\GK\surface-defect-detection\data\images\train\ksdd2_10658.png,False,0,228,645
train,ksdd2_10660,E:\Data (Drive)\IUH\DL\GK\surface-defect-detection\data\images\train\ksdd2_10660.png,False,0,232,645
train,ksdd2_10661,E:\Data (Drive)\IUH\DL\GK\surface-defect-detection\data\images\train\ksdd2_10661.png,True,1,233,624
train,ksdd2_10661_aug1,E:\Data (Drive)\IUH\DL\GK\surface-defect-detection\data\images\train\ksdd2_10661_aug1.png,True,1,233,624
train,ksdd2_10661_aug2,E:\Data (Drive)\IUH\DL\GK\surface-defect-detection\data\images\train\ksdd2_10661_aug2.png,True,1,233,624
train,ksdd2_10662,E:\Data (Drive)\IUH\DL\GK\surface-defect-detection\data\images\train\ksdd2_10662.png,False,0,236,640
train,ksdd2_10663,E:\Data (Drive)\IUH\DL\GK\surface-defect-detection\data\images\train\ksdd2_10663.png,True,1,237,640
train,ksdd2_10663_aug1,E:\Data (Drive)\IUH\DL\GK\surface-defect-detection\data\images\train\ksdd2_10663_aug1.png,True,1,237,640
train,ksdd2_10663_aug2,E:\Data (Drive)\IUH\DL\GK\surface-defect-detection\data\images\train\ksdd2_10663_aug2.png,True,1,237,640
train,ksdd2_10665,E:\Data (Drive)\IUH\DL\GK\surface-defect-detection\data\images\train\ksdd2_10665.png,False,0,235,640
train,ksdd2_10667,E:\Data (Drive)\IUH\DL\GK\surface-defect-detection\data\images\train\ksdd2_10667.png,False,0,232,626
train,ksdd2_10668,E:\Data (Drive)\IUH\DL\GK\surface-defect-detection\data\images\train\ksdd2_10668.png,False,0,232,643
train,ksdd2_10669,E:\Data (Drive)\IUH\DL\GK\surface-defect-detection\data\images\train\ksdd2_10669.png,False,0,235,628
train,ksdd2_10671,E:\Data (Drive)\IUH\DL\GK\surface-defect-detection\data\images\train\ksdd2_10671.png,False,0,229,630
train,ksdd2_10672,E:\Data (Drive)\IUH\DL\GK\surface-defect-detection\data\images\train\ksdd2_10672.png,True,1,238,634
train,ksdd2_10672_aug1,E:\Data (Drive)\IUH\DL\GK\surface-defect-detection\data\images\train\ksdd2_10672_aug1.png,True,1,238,634
train,ksdd2_10672_aug2,E:\Data (Drive)\IUH\DL\GK\surface-defect-detection\data\images\train\ksdd2_10672_aug2.png,True,1,238,634
train,ksdd2_10673,E:\Data (Drive)\IUH\DL\GK\surface-defect-detection\data\images\train\ksdd2_10673.png,False,0,227,636
train,ksdd2_10674,E:\Data (Drive)\IUH\DL\GK\surface-defect-detection\data\images\train\ksdd2_10674.png,False,0,233,636
train,ksdd2_10675,E:\Data (Drive)\IUH\DL\GK\surface-defect-detection\data\images\train\ksdd2_10675.png,False,0,228,628
train,ksdd2_10676,E:\Data (Drive)\IUH\DL\GK\surface-defect-detection\data\images\train\ksdd2_10676.png,False,0,229,647
train,ksdd2_10677,E:\Data (Drive)\IUH\DL\GK\surface-defect-detection\data\images\train\ksdd2_10677.png,True,1,235,639
train,ksdd2_10677_aug1,E:\Data (Drive)\IUH\DL\GK\surface-defect-detection\data\images\train\ksdd2_10677_aug1.png,True,1,235,639
train,ksdd2_10677_aug2,E:\Data (Drive)\IUH\DL\GK\surface-defect-detection\data\images\train\ksdd2_10677_aug2.png,True,1,235,639
train,ksdd2_10678,E:\Data (Drive)\IUH\DL\GK\surface-defect-detection\data\images\train\ksdd2_10678.png,True,1,221,630
train,ksdd2_10678_aug1,E:\Data (Drive)\IUH\DL\GK\surface-defect-detection\data\images\train\ksdd2_10678_aug1.png,True,1,221,630
train,ksdd2_10678_aug2,E:\Data (Drive)\IUH\DL\GK\surface-defect-detection\data\images\train\ksdd2_10678_aug2.png,True,1,221,630
train,ksdd2_10679,E:\Data (Drive)\IUH\DL\GK\surface-defect-detection\data\images\train\ksdd2_10679.png,False,0,224,628
train,ksdd2_10682,E:\Data (Drive)\IUH\DL\GK\surface-defect-detection\data\images\train\ksdd2_10682.png,False,0,227,639
train,ksdd2_10684,E:\Data (Drive)\IUH\DL\GK\surface-defect-detection\data\images\train\ksdd2_10684.png,False,0,226,639
train,ksdd2_10686,E:\Data (Drive)\IUH\DL\GK\surface-defect-detection\data\images\train\ksdd2_10686.png,False,0,231,637
train,ksdd2_10689,E:\Data (Drive)\IUH\DL\GK\surface-defect-detection\data\images\train\ksdd2_10689.png,False,0,233,637
train,ksdd2_10690,E:\Data (Drive)\IUH\DL\GK\surface-defect-detection\data\images\train\ksdd2_10690.png,False,0,232,644
train,ksdd2_10691,E:\Data (Drive)\IUH\DL\GK\surface-defect-detection\data\images\train\ksdd2_10691.png,False,0,231,628
train,ksdd2_10692,E:\Data (Drive)\IUH\DL\GK\surface-defect-detection\data\images\train\ksdd2_10692.png,False,0,227,641
train,ksdd2_10693,E:\Data (Drive)\IUH\DL\GK\surface-defect-detection\data\images\train\ksdd2_10693.png,False,0,225,631
train,ksdd2_10696,E:\Data (Drive)\IUH\DL\GK\surface-defect-detection\data\images\train\ksdd2_10696.png,False,0,227,633
train,ksdd2_10697,E:\Data (Drive)\IUH\DL\GK\surface-defect-detection\data\images\train\ksdd2_10697.png,False,0,228,642
train,ksdd2_10698,E:\Data (Drive)\IUH\DL\GK\surface-defect-detection\data\images\train\ksdd2_10698.png,False,0,229,636
train,ksdd2_10700,E:\Data (Drive)\IUH\DL\GK\surface-defect-detection\data\images\train\ksdd2_10700.png,False,0,231,640
train,ksdd2_10705,E:\Data (Drive)\IUH\DL\GK\surface-defect-detection\data\images\train\ksdd2_10705.png,False,0,222,641
train,ksdd2_10706,E:\Data (Drive)\IUH\DL\GK\surface-defect-detection\data\images\train\ksdd2_10706.png,False,0,231,637
train,ksdd2_10707,E:\Data (Drive)\IUH\DL\GK\surface-defect-detection\data\images\train\ksdd2_10707.png,True,1,233,639
train,ksdd2_10707_aug1,E:\Data (Drive)\IUH\DL\GK\surface-defect-detection\data\images\train\ksdd2_10707_aug1.png,True,1,233,639
train,ksdd2_10707_aug2,E:\Data (Drive)\IUH\DL\GK\surface-defect-detection\data\images\train\ksdd2_10707_aug2.png,True,1,233,639
train,ksdd2_10708,E:\Data (Drive)\IUH\DL\GK\surface-defect-detection\data\images\train\ksdd2_10708.png,False,0,227,629
train,ksdd2_10710,E:\Data (Drive)\IUH\DL\GK\surface-defect-detection\data\images\train\ksdd2_10710.png,False,0,227,636
train,ksdd2_10712,E:\Data (Drive)\IUH\DL\GK\surface-defect-detection\data\images\train\ksdd2_10712.png,True,1,229,637
train,ksdd2_10712_aug1,E:\Data (Drive)\IUH\DL\GK\surface-defect-detection\data\images\train\ksdd2_10712_aug1.png,True,1,229,637
train,ksdd2_10712_aug2,E:\Data (Drive)\IUH\DL\GK\surface-defect-detection\data\images\train\ksdd2_10712_aug2.png,True,1,229,637
train,ksdd2_10716,E:\Data (Drive)\IUH\DL\GK\surface-defect-detection\data\images\train\ksdd2_10716.png,False,0,229,623
train,ksdd2_10717,E:\Data (Drive)\IUH\DL\GK\surface-defect-detection\data\images\train\ksdd2_10717.png,False,0,224,633
train,ksdd2_10719,E:\Data (Drive)\IUH\DL\GK\surface-defect-detection\data\images\train\ksdd2_10719.png,False,0,230,629
train,ksdd2_10720,E:\Data (Drive)\IUH\DL\GK\surface-defect-detection\data\images\train\ksdd2_10720.png,False,0,223,628
train,ksdd2_10721,E:\Data (Drive)\IUH\DL\GK\surface-defect-detection\data\images\train\ksdd2_10721.png,False,0,233,633
train,ksdd2_10722,E:\Data (Drive)\IUH\DL\GK\surface-defect-detection\data\images\train\ksdd2_10722.png,False,0,227,636
train,ksdd2_10724,E:\Data (Drive)\IUH\DL\GK\surface-defect-detection\data\images\train\ksdd2_10724.png,False,0,234,641
train,ksdd2_10726,E:\Data (Drive)\IUH\DL\GK\surface-defect-detection\data\images\train\ksdd2_10726.png,False,0,229,652
train,ksdd2_10727,E:\Data (Drive)\IUH\DL\GK\surface-defect-detection\data\images\train\ksdd2_10727.png,True,1,232,640
train,ksdd2_10727_aug1,E:\Data (Drive)\IUH\DL\GK\surface-defect-detection\data\images\train\ksdd2_10727_aug1.png,True,1,232,640
train,ksdd2_10727_aug2,E:\Data (Drive)\IUH\DL\GK\surface-defect-detection\data\images\train\ksdd2_10727_aug2.png,True,1,232,640
train,ksdd2_10728,E:\Data (Drive)\IUH\DL\GK\surface-defect-detection\data\images\train\ksdd2_10728.png,False,0,234,638
train,ksdd2_10729,E:\Data (Drive)\IUH\DL\GK\surface-defect-detection\data\images\train\ksdd2_10729.png,True,1,232,640
train,ksdd2_10729_aug1,E:\Data (Drive)\IUH\DL\GK\surface-defect-detection\data\images\train\ksdd2_10729_aug1.png,True,1,232,640
train,ksdd2_10729_aug2,E:\Data (Drive)\IUH\DL\GK\surface-defect-detection\data\images\train\ksdd2_10729_aug2.png,True,1,232,640
train,ksdd2_10733,E:\Data (Drive)\IUH\DL\GK\surface-defect-detection\data\images\train\ksdd2_10733.png,False,0,223,648
train,ksdd2_10734,E:\Data (Drive)\IUH\DL\GK\surface-defect-detection\data\images\train\ksdd2_10734.png,False,0,227,642
train,ksdd2_10737,E:\Data (Drive)\IUH\DL\GK\surface-defect-detection\data\images\train\ksdd2_10737.png,False,0,236,644
train,ksdd2_10738,E:\Data (Drive)\IUH\DL\GK\surface-defect-detection\data\images\train\ksdd2_10738.png,False,0,235,638
train,ksdd2_10739,E:\Data (Drive)\IUH\DL\GK\surface-defect-detection\data\images\train\ksdd2_10739.png,False,0,229,646
train,ksdd2_10740,E:\Data (Drive)\IUH\DL\GK\surface-defect-detection\data\images\train\ksdd2_10740.png,False,0,230,636
train,ksdd2_10741,E:\Data (Drive)\IUH\DL\GK\surface-defect-detection\data\images\train\ksdd2_10741.png,False,0,226,630
train,ksdd2_10743,E:\Data (Drive)\IUH\DL\GK\surface-defect-detection\data\images\train\ksdd2_10743.png,True,1,230,632
train,ksdd2_10743_aug1,E:\Data (Drive)\IUH\DL\GK\surface-defect-detection\data\images\train\ksdd2_10743_aug1.png,True,1,230,632
train,ksdd2_10743_aug2,E:\Data (Drive)\IUH\DL\GK\surface-defect-detection\data\images\train\ksdd2_10743_aug2.png,True,1,230,632
train,ksdd2_10744,E:\Data (Drive)\IUH\DL\GK\surface-defect-detection\data\images\train\ksdd2_10744.png,False,0,228,642
train,ksdd2_10745,E:\Data (Drive)\IUH\DL\GK\surface-defect-detection\data\images\train\ksdd2_10745.png,False,0,229,636
train,ksdd2_10747,E:\Data (Drive)\IUH\DL\GK\surface-defect-detection\data\images\train\ksdd2_10747.png,False,0,229,621
train,ksdd2_10748,E:\Data (Drive)\IUH\DL\GK\surface-defect-detection\data\images\train\ksdd2_10748.png,False,0,228,641
train,ksdd2_10749,E:\Data (Drive)\IUH\DL\GK\surface-defect-detection\data\images\train\ksdd2_10749.png,False,0,231,649
train,ksdd2_10751,E:\Data (Drive)\IUH\DL\GK\surface-defect-detection\data\images\train\ksdd2_10751.png,False,0,234,643
train,ksdd2_10752,E:\Data (Drive)\IUH\DL\GK\surface-defect-detection\data\images\train\ksdd2_10752.png,False,0,234,646
train,ksdd2_10753,E:\Data (Drive)\IUH\DL\GK\surface-defect-detection\data\images\train\ksdd2_10753.png,False,0,228,638
train,ksdd2_10754,E:\Data (Drive)\IUH\DL\GK\surface-defect-detection\data\images\train\ksdd2_10754.png,False,0,224,637
train,ksdd2_10757,E:\Data (Drive)\IUH\DL\GK\surface-defect-detection\data\images\train\ksdd2_10757.png,False,0,223,637
train,ksdd2_10758,E:\Data (Drive)\IUH\DL\GK\surface-defect-detection\data\images\train\ksdd2_10758.png,False,0,232,631
train,ksdd2_10760,E:\Data (Drive)\IUH\DL\GK\surface-defect-detection\data\images\train\ksdd2_10760.png,False,0,236,643
train,ksdd2_10761,E:\Data (Drive)\IUH\DL\GK\surface-defect-detection\data\images\train\ksdd2_10761.png,False,0,229,631
train,ksdd2_10763,E:\Data (Drive)\IUH\DL\GK\surface-defect-detection\data\images\train\ksdd2_10763.png,False,0,229,631
train,ksdd2_10764,E:\Data (Drive)\IUH\DL\GK\surface-defect-detection\data\images\train\ksdd2_10764.png,False,0,233,647
train,ksdd2_10766,E:\Data (Drive)\IUH\DL\GK\surface-defect-detection\data\images\train\ksdd2_10766.png,False,0,226,650
train,ksdd2_10768,E:\Data (Drive)\IUH\DL\GK\surface-defect-detection\data\images\train\ksdd2_10768.png,False,0,201,641
train,ksdd2_10769,E:\Data (Drive)\IUH\DL\GK\surface-defect-detection\data\images\train\ksdd2_10769.png,False,0,226,642
train,ksdd2_10770,E:\Data (Drive)\IUH\DL\GK\surface-defect-detection\data\images\train\ksdd2_10770.png,True,1,230,640
train,ksdd2_10770_aug1,E:\Data (Drive)\IUH\DL\GK\surface-defect-detection\data\images\train\ksdd2_10770_aug1.png,True,1,230,640
train,ksdd2_10770_aug2,E:\Data (Drive)\IUH\DL\GK\surface-defect-detection\data\images\train\ksdd2_10770_aug2.png,True,1,230,640
train,ksdd2_10771,E:\Data (Drive)\IUH\DL\GK\surface-defect-detection\data\images\train\ksdd2_10771.png,False,0,228,629
train,ksdd2_10772,E:\Data (Drive)\IUH\DL\GK\surface-defect-detection\data\images\train\ksdd2_10772.png,False,0,232,640
train,ksdd2_10773,E:\Data (Drive)\IUH\DL\GK\surface-defect-detection\data\images\train\ksdd2_10773.png,False,0,227,640
train,ksdd2_10774,E:\Data (Drive)\IUH\DL\GK\surface-defect-detection\data\images\train\ksdd2_10774.png,True,1,233,638
train,ksdd2_10774_aug1,E:\Data (Drive)\IUH\DL\GK\surface-defect-detection\data\images\train\ksdd2_10774_aug1.png,True,1,233,638
train,ksdd2_10774_aug2,E:\Data (Drive)\IUH\DL\GK\surface-defect-detection\data\images\train\ksdd2_10774_aug2.png,True,1,233,638
train,ksdd2_10776,E:\Data (Drive)\IUH\DL\GK\surface-defect-detection\data\images\train\ksdd2_10776.png,False,0,229,633
train,ksdd2_10777,E:\Data (Drive)\IUH\DL\GK\surface-defect-detection\data\images\train\ksdd2_10777.png,False,0,232,638
train,ksdd2_10778,E:\Data (Drive)\IUH\DL\GK\surface-defect-detection\data\images\train\ksdd2_10778.png,False,0,232,632
train,ksdd2_10779,E:\Data (Drive)\IUH\DL\GK\surface-defect-detection\data\images\train\ksdd2_10779.png,False,0,235,643
train,ksdd2_10780,E:\Data (Drive)\IUH\DL\GK\surface-defect-detection\data\images\train\ksdd2_10780.png,False,0,233,623
train,ksdd2_10781,E:\Data (Drive)\IUH\DL\GK\surface-defect-detection\data\images\train\ksdd2_10781.png,False,0,211,638
train,ksdd2_10782,E:\Data (Drive)\IUH\DL\GK\surface-defect-detection\data\images\train\ksdd2_10782.png,False,0,234,642
train,ksdd2_10785,E:\Data (Drive)\IUH\DL\GK\surface-defect-detection\data\images\train\ksdd2_10785.png,False,0,225,633
train,ksdd2_10786,E:\Data (Drive)\IUH\DL\GK\surface-defect-detection\data\images\train\ksdd2_10786.png,False,0,221,639
train,ksdd2_10787,E:\Data (Drive)\IUH\DL\GK\surface-defect-detection\data\images\train\ksdd2_10787.png,False,0,229,638
train,ksdd2_10788,E:\Data (Drive)\IUH\DL\GK\surface-defect-detection\data\images\train\ksdd2_10788.png,False,0,234,647
train,ksdd2_10789,E:\Data (Drive)\IUH\DL\GK\surface-defect-detection\data\images\train\ksdd2_10789.png,False,0,236,645
train,ksdd2_10790,E:\Data (Drive)\IUH\DL\GK\surface-defect-detection\data\images\train\ksdd2_10790.png,False,0,227,630
train,ksdd2_10791,E:\Data (Drive)\IUH\DL\GK\surface-defect-detection\data\images\train\ksdd2_10791.png,False,0,231,638
train,ksdd2_10792,E:\Data (Drive)\IUH\DL\GK\surface-defect-detection\data\images\train\ksdd2_10792.png,False,0,233,636
train,ksdd2_10793,E:\Data (Drive)\IUH\DL\GK\surface-defect-detection\data\images\train\ksdd2_10793.png,False,0,229,635
train,ksdd2_10794,E:\Data (Drive)\IUH\DL\GK\surface-defect-detection\data\images\train\ksdd2_10794.png,False,0,226,632
train,ksdd2_10795,E:\Data (Drive)\IUH\DL\GK\surface-defect-detection\data\images\train\ksdd2_10795.png,False,0,229,652
train,ksdd2_10796,E:\Data (Drive)\IUH\DL\GK\surface-defect-detection\data\images\train\ksdd2_10796.png,False,0,214,638
train,ksdd2_10797,E:\Data (Drive)\IUH\DL\GK\surface-defect-detection\data\images\train\ksdd2_10797.png,True,1,220,632
train,ksdd2_10797_aug1,E:\Data (Drive)\IUH\DL\GK\surface-defect-detection\data\images\train\ksdd2_10797_aug1.png,True,1,220,632
train,ksdd2_10797_aug2,E:\Data (Drive)\IUH\DL\GK\surface-defect-detection\data\images\train\ksdd2_10797_aug2.png,True,1,220,632
train,ksdd2_10798,E:\Data (Drive)\IUH\DL\GK\surface-defect-detection\data\images\train\ksdd2_10798.png,False,0,235,649
train,ksdd2_10799,E:\Data (Drive)\IUH\DL\GK\surface-defect-detection\data\images\train\ksdd2_10799.png,False,0,232,641
train,ksdd2_10802,E:\Data (Drive)\IUH\DL\GK\surface-defect-detection\data\images\train\ksdd2_10802.png,False,0,236,647
train,ksdd2_10803,E:\Data (Drive)\IUH\DL\GK\surface-defect-detection\data\images\train\ksdd2_10803.png,False,0,229,639
train,ksdd2_10804,E:\Data (Drive)\IUH\DL\GK\surface-defect-detection\data\images\train\ksdd2_10804.png,False,0,226,634
train,ksdd2_10805,E:\Data (Drive)\IUH\DL\GK\surface-defect-detection\data\images\train\ksdd2_10805.png,False,0,205,634
train,ksdd2_10807,E:\Data (Drive)\IUH\DL\GK\surface-defect-detection\data\images\train\ksdd2_10807.png,False,0,232,639
train,ksdd2_10808,E:\Data (Drive)\IUH\DL\GK\surface-defect-detection\data\images\train\ksdd2_10808.png,True,1,226,631
train,ksdd2_10808_aug1,E:\Data (Drive)\IUH\DL\GK\surface-defect-detection\data\images\train\ksdd2_10808_aug1.png,True,1,226,631
train,ksdd2_10808_aug2,E:\Data (Drive)\IUH\DL\GK\surface-defect-detection\data\images\train\ksdd2_10808_aug2.png,True,1,226,631
train,ksdd2_10812,E:\Data (Drive)\IUH\DL\GK\surface-defect-detection\data\images\train\ksdd2_10812.png,False,0,228,630
train,ksdd2_10813,E:\Data (Drive)\IUH\DL\GK\surface-defect-detection\data\images\train\ksdd2_10813.png,False,0,233,630
train,ksdd2_10814,E:\Data (Drive)\IUH\DL\GK\surface-defect-detection\data\images\train\ksdd2_10814.png,False,0,226,632
train,ksdd2_10816,E:\Data (Drive)\IUH\DL\GK\surface-defect-detection\data\images\train\ksdd2_10816.png,False,0,205,632
train,ksdd2_10817,E:\Data (Drive)\IUH\DL\GK\surface-defect-detection\data\images\train\ksdd2_10817.png,False,0,227,625
train,ksdd2_10818,E:\Data (Drive)\IUH\DL\GK\surface-defect-detection\data\images\train\ksdd2_10818.png,False,0,226,633
train,ksdd2_10819,E:\Data (Drive)\IUH\DL\GK\surface-defect-detection\data\images\train\ksdd2_10819.png,False,0,227,645
train,ksdd2_10820,E:\Data (Drive)\IUH\DL\GK\surface-defect-detection\data\images\train\ksdd2_10820.png,False,0,222,634
train,ksdd2_10821,E:\Data (Drive)\IUH\DL\GK\surface-defect-detection\data\images\train\ksdd2_10821.png,True,2,228,634
train,ksdd2_10821_aug1,E:\Data (Drive)\IUH\DL\GK\surface-defect-detection\data\images\train\ksdd2_10821_aug1.png,True,2,228,634
train,ksdd2_10821_aug2,E:\Data (Drive)\IUH\DL\GK\surface-defect-detection\data\images\train\ksdd2_10821_aug2.png,True,2,228,634
train,ksdd2_10823,E:\Data (Drive)\IUH\DL\GK\surface-defect-detection\data\images\train\ksdd2_10823.png,False,0,235,631
train,ksdd2_10824,E:\Data (Drive)\IUH\DL\GK\surface-defect-detection\data\images\train\ksdd2_10824.png,False,0,233,636
train,ksdd2_10826,E:\Data (Drive)\IUH\DL\GK\surface-defect-detection\data\images\train\ksdd2_10826.png,False,0,225,638
train,ksdd2_10827,E:\Data (Drive)\IUH\DL\GK\surface-defect-detection\data\images\train\ksdd2_10827.png,False,0,225,641
train,ksdd2_10829,E:\Data (Drive)\IUH\DL\GK\surface-defect-detection\data\images\train\ksdd2_10829.png,False,0,229,629
train,ksdd2_10830,E:\Data (Drive)\IUH\DL\GK\surface-defect-detection\data\images\train\ksdd2_10830.png,False,0,230,646
train,ksdd2_10831,E:\Data (Drive)\IUH\DL\GK\surface-defect-detection\data\images\train\ksdd2_10831.png,False,0,226,630
train,ksdd2_10832,E:\Data (Drive)\IUH\DL\GK\surface-defect-detection\data\images\train\ksdd2_10832.png,False,0,229,628
train,ksdd2_10833,E:\Data (Drive)\IUH\DL\GK\surface-defect-detection\data\images\train\ksdd2_10833.png,False,0,231,634
train,ksdd2_10836,E:\Data (Drive)\IUH\DL\GK\surface-defect-detection\data\images\train\ksdd2_10836.png,False,0,229,637
train,ksdd2_10837,E:\Data (Drive)\IUH\DL\GK\surface-defect-detection\data\images\train\ksdd2_10837.png,False,0,226,632
train,ksdd2_10838,E:\Data (Drive)\IUH\DL\GK\surface-defect-detection\data\images\train\ksdd2_10838.png,False,0,231,641
train,ksdd2_10839,E:\Data (Drive)\IUH\DL\GK\surface-defect-detection\data\images\train\ksdd2_10839.png,False,0,234,640
train,ksdd2_10840,E:\Data (Drive)\IUH\DL\GK\surface-defect-detection\data\images\train\ksdd2_10840.png,False,0,240,637
train,ksdd2_10841,E:\Data (Drive)\IUH\DL\GK\surface-defect-detection\data\images\train\ksdd2_10841.png,False,0,227,636
train,ksdd2_10842,E:\Data (Drive)\IUH\DL\GK\surface-defect-detection\data\images\train\ksdd2_10842.png,False,0,223,631
train,ksdd2_10843,E:\Data (Drive)\IUH\DL\GK\surface-defect-detection\data\images\train\ksdd2_10843.png,False,0,231,633
train,ksdd2_10844,E:\Data (Drive)\IUH\DL\GK\surface-defect-detection\data\images\train\ksdd2_10844.png,True,1,227,640
train,ksdd2_10844_aug1,E:\Data (Drive)\IUH\DL\GK\surface-defect-detection\data\images\train\ksdd2_10844_aug1.png,True,1,227,640
train,ksdd2_10844_aug2,E:\Data (Drive)\IUH\DL\GK\surface-defect-detection\data\images\train\ksdd2_10844_aug2.png,True,1,227,640
train,ksdd2_10845,E:\Data (Drive)\IUH\DL\GK\surface-defect-detection\data\images\train\ksdd2_10845.png,True,1,231,635
train,ksdd2_10845_aug1,E:\Data (Drive)\IUH\DL\GK\surface-defect-detection\data\images\train\ksdd2_10845_aug1.png,True,1,231,635
train,ksdd2_10845_aug2,E:\Data (Drive)\IUH\DL\GK\surface-defect-detection\data\images\train\ksdd2_10845_aug2.png,True,1,231,635
train,ksdd2_10846,E:\Data (Drive)\IUH\DL\GK\surface-defect-detection\data\images\train\ksdd2_10846.png,True,1,231,642
train,ksdd2_10846_aug1,E:\Data (Drive)\IUH\DL\GK\surface-defect-detection\data\images\train\ksdd2_10846_aug1.png,True,1,231,642
train,ksdd2_10846_aug2,E:\Data (Drive)\IUH\DL\GK\surface-defect-detection\data\images\train\ksdd2_10846_aug2.png,True,1,231,642
train,ksdd2_10847,E:\Data (Drive)\IUH\DL\GK\surface-defect-detection\data\images\train\ksdd2_10847.png,False,0,227,645
train,ksdd2_10848,E:\Data (Drive)\IUH\DL\GK\surface-defect-detection\data\images\train\ksdd2_10848.png,False,0,233,638
train,ksdd2_10849,E:\Data (Drive)\IUH\DL\GK\surface-defect-detection\data\images\train\ksdd2_10849.png,True,2,231,633
train,ksdd2_10849_aug1,E:\Data (Drive)\IUH\DL\GK\surface-defect-detection\data\images\train\ksdd2_10849_aug1.png,True,2,231,633
train,ksdd2_10849_aug2,E:\Data (Drive)\IUH\DL\GK\surface-defect-detection\data\images\train\ksdd2_10849_aug2.png,True,2,231,633
train,ksdd2_10851,E:\Data (Drive)\IUH\DL\GK\surface-defect-detection\data\images\train\ksdd2_10851.png,False,0,232,644
train,ksdd2_10852,E:\Data (Drive)\IUH\DL\GK\surface-defect-detection\data\images\train\ksdd2_10852.png,False,0,232,642
train,ksdd2_10854,E:\Data (Drive)\IUH\DL\GK\surface-defect-detection\data\images\train\ksdd2_10854.png,False,0,235,645
train,ksdd2_10855,E:\Data (Drive)\IUH\DL\GK\surface-defect-detection\data\images\train\ksdd2_10855.png,False,0,226,634
train,ksdd2_10856,E:\Data (Drive)\IUH\DL\GK\surface-defect-detection\data\images\train\ksdd2_10856.png,False,0,231,636
train,ksdd2_10857,E:\Data (Drive)\IUH\DL\GK\surface-defect-detection\data\images\train\ksdd2_10857.png,False,0,227,624
train,ksdd2_10858,E:\Data (Drive)\IUH\DL\GK\surface-defect-detection\data\images\train\ksdd2_10858.png,False,0,227,637
train,ksdd2_10859,E:\Data (Drive)\IUH\DL\GK\surface-defect-detection\data\images\train\ksdd2_10859.png,False,0,233,635
train,ksdd2_10860,E:\Data (Drive)\IUH\DL\GK\surface-defect-detection\data\images\train\ksdd2_10860.png,False,0,226,637
train,ksdd2_10861,E:\Data (Drive)\IUH\DL\GK\surface-defect-detection\data\images\train\ksdd2_10861.png,False,0,223,637
train,ksdd2_10862,E:\Data (Drive)\IUH\DL\GK\surface-defect-detection\data\images\train\ksdd2_10862.png,False,0,222,636
train,ksdd2_10864,E:\Data (Drive)\IUH\DL\GK\surface-defect-detection\data\images\train\ksdd2_10864.png,False,0,233,634
train,ksdd2_10865,E:\Data (Drive)\IUH\DL\GK\surface-defect-detection\data\images\train\ksdd2_10865.png,False,0,227,635
train,ksdd2_10866,E:\Data (Drive)\IUH\DL\GK\surface-defect-detection\data\images\train\ksdd2_10866.png,False,0,225,633
train,ksdd2_10868,E:\Data (Drive)\IUH\DL\GK\surface-defect-detection\data\images\train\ksdd2_10868.png,False,0,228,630
train,ksdd2_10869,E:\Data (Drive)\IUH\DL\GK\surface-defect-detection\data\images\train\ksdd2_10869.png,True,1,230,643
train,ksdd2_10869_aug1,E:\Data (Drive)\IUH\DL\GK\surface-defect-detection\data\images\train\ksdd2_10869_aug1.png,True,1,230,643
train,ksdd2_10869_aug2,E:\Data (Drive)\IUH\DL\GK\surface-defect-detection\data\images\train\ksdd2_10869_aug2.png,True,1,230,643
train,ksdd2_10870,E:\Data (Drive)\IUH\DL\GK\surface-defect-detection\data\images\train\ksdd2_10870.png,False,0,229,633
train,ksdd2_10871,E:\Data (Drive)\IUH\DL\GK\surface-defect-detection\data\images\train\ksdd2_10871.png,False,0,210,638
train,ksdd2_10872,E:\Data (Drive)\IUH\DL\GK\surface-defect-detection\data\images\train\ksdd2_10872.png,False,0,229,639
train,ksdd2_10876,E:\Data (Drive)\IUH\DL\GK\surface-defect-detection\data\images\train\ksdd2_10876.png,False,0,235,648
train,ksdd2_10878,E:\Data (Drive)\IUH\DL\GK\surface-defect-detection\data\images\train\ksdd2_10878.png,False,0,233,642
train,ksdd2_10880,E:\Data (Drive)\IUH\DL\GK\surface-defect-detection\data\images\train\ksdd2_10880.png,False,0,225,634
train,ksdd2_10883,E:\Data (Drive)\IUH\DL\GK\surface-defect-detection\data\images\train\ksdd2_10883.png,False,0,231,636
train,ksdd2_10884,E:\Data (Drive)\IUH\DL\GK\surface-defect-detection\data\images\train\ksdd2_10884.png,False,0,236,634
train,ksdd2_10886,E:\Data (Drive)\IUH\DL\GK\surface-defect-detection\data\images\train\ksdd2_10886.png,False,0,233,641
train,ksdd2_10887,E:\Data (Drive)\IUH\DL\GK\surface-defect-detection\data\images\train\ksdd2_10887.png,False,0,229,650
train,ksdd2_10889,E:\Data (Drive)\IUH\DL\GK\surface-defect-detection\data\images\train\ksdd2_10889.png,False,0,226,638
train,ksdd2_10890,E:\Data (Drive)\IUH\DL\GK\surface-defect-detection\data\images\train\ksdd2_10890.png,False,0,235,646
train,ksdd2_10891,E:\Data (Drive)\IUH\DL\GK\surface-defect-detection\data\images\train\ksdd2_10891.png,False,0,232,634
train,ksdd2_10893,E:\Data (Drive)\IUH\DL\GK\surface-defect-detection\data\images\train\ksdd2_10893.png,True,1,227,634
train,ksdd2_10893_aug1,E:\Data (Drive)\IUH\DL\GK\surface-defect-detection\data\images\train\ksdd2_10893_aug1.png,True,1,227,634
train,ksdd2_10893_aug2,E:\Data (Drive)\IUH\DL\GK\surface-defect-detection\data\images\train\ksdd2_10893_aug2.png,True,1,227,634
train,ksdd2_10895,E:\Data (Drive)\IUH\DL\GK\surface-defect-detection\data\images\train\ksdd2_10895.png,False,0,226,642
train,ksdd2_10896,E:\Data (Drive)\IUH\DL\GK\surface-defect-detection\data\images\train\ksdd2_10896.png,False,0,229,644
train,ksdd2_10897,E:\Data (Drive)\IUH\DL\GK\surface-defect-detection\data\images\train\ksdd2_10897.png,False,0,232,641
train,ksdd2_10898,E:\Data (Drive)\IUH\DL\GK\surface-defect-detection\data\images\train\ksdd2_10898.png,False,0,229,644
train,ksdd2_10899,E:\Data (Drive)\IUH\DL\GK\surface-defect-detection\data\images\train\ksdd2_10899.png,False,0,232,640
train,ksdd2_10900,E:\Data (Drive)\IUH\DL\GK\surface-defect-detection\data\images\train\ksdd2_10900.png,True,1,238,642
train,ksdd2_10900_aug1,E:\Data (Drive)\IUH\DL\GK\surface-defect-detection\data\images\train\ksdd2_10900_aug1.png,True,1,238,642
train,ksdd2_10900_aug2,E:\Data (Drive)\IUH\DL\GK\surface-defect-detection\data\images\train\ksdd2_10900_aug2.png,True,1,238,642
train,ksdd2_10901,E:\Data (Drive)\IUH\DL\GK\surface-defect-detection\data\images\train\ksdd2_10901.png,False,0,227,633
train,ksdd2_10902,E:\Data (Drive)\IUH\DL\GK\surface-defect-detection\data\images\train\ksdd2_10902.png,False,0,230,637
train,ksdd2_10903,E:\Data (Drive)\IUH\DL\GK\surface-defect-detection\data\images\train\ksdd2_10903.png,False,0,229,639
train,ksdd2_10904,E:\Data (Drive)\IUH\DL\GK\surface-defect-detection\data\images\train\ksdd2_10904.png,False,0,234,635
train,ksdd2_10906,E:\Data (Drive)\IUH\DL\GK\surface-defect-detection\data\images\train\ksdd2_10906.png,False,0,225,627
train,ksdd2_10909,E:\Data (Drive)\IUH\DL\GK\surface-defect-detection\data\images\train\ksdd2_10909.png,False,0,228,640
train,ksdd2_10910,E:\Data (Drive)\IUH\DL\GK\surface-defect-detection\data\images\train\ksdd2_10910.png,False,0,234,630
train,ksdd2_10912,E:\Data (Drive)\IUH\DL\GK\surface-defect-detection\data\images\train\ksdd2_10912.png,False,0,229,638
train,ksdd2_10914,E:\Data (Drive)\IUH\DL\GK\surface-defect-detection\data\images\train\ksdd2_10914.png,False,0,229,639
train,ksdd2_10915,E:\Data (Drive)\IUH\DL\GK\surface-defect-detection\data\images\train\ksdd2_10915.png,False,0,206,636
train,ksdd2_10919,E:\Data (Drive)\IUH\DL\GK\surface-defect-detection\data\images\train\ksdd2_10919.png,False,0,227,633
train,ksdd2_10920,E:\Data (Drive)\IUH\DL\GK\surface-defect-detection\data\images\train\ksdd2_10920.png,False,0,232,648
train,ksdd2_10921,E:\Data (Drive)\IUH\DL\GK\surface-defect-detection\data\images\train\ksdd2_10921.png,False,0,228,632
train,ksdd2_10922,E:\Data (Drive)\IUH\DL\GK\surface-defect-detection\data\images\train\ksdd2_10922.png,False,0,233,631
train,ksdd2_10924,E:\Data (Drive)\IUH\DL\GK\surface-defect-detection\data\images\train\ksdd2_10924.png,False,0,227,638
train,ksdd2_10925,E:\Data (Drive)\IUH\DL\GK\surface-defect-detection\data\images\train\ksdd2_10925.png,False,0,233,643
train,ksdd2_10926,E:\Data (Drive)\IUH\DL\GK\surface-defect-detection\data\images\train\ksdd2_10926.png,False,0,227,632
train,ksdd2_10927,E:\Data (Drive)\IUH\DL\GK\surface-defect-detection\data\images\train\ksdd2_10927.png,False,0,231,633
train,ksdd2_10928,E:\Data (Drive)\IUH\DL\GK\surface-defect-detection\data\images\train\ksdd2_10928.png,False,0,229,633
train,ksdd2_10929,E:\Data (Drive)\IUH\DL\GK\surface-defect-detection\data\images\train\ksdd2_10929.png,False,0,230,632
train,ksdd2_10930,E:\Data (Drive)\IUH\DL\GK\surface-defect-detection\data\images\train\ksdd2_10930.png,False,0,231,648
train,ksdd2_10931,E:\Data (Drive)\IUH\DL\GK\surface-defect-detection\data\images\train\ksdd2_10931.png,False,0,226,625
train,ksdd2_10932,E:\Data (Drive)\IUH\DL\GK\surface-defect-detection\data\images\train\ksdd2_10932.png,False,0,227,642
train,ksdd2_10933,E:\Data (Drive)\IUH\DL\GK\surface-defect-detection\data\images\train\ksdd2_10933.png,False,0,227,631
train,ksdd2_10935,E:\Data (Drive)\IUH\DL\GK\surface-defect-detection\data\images\train\ksdd2_10935.png,False,0,239,642
train,ksdd2_10936,E:\Data (Drive)\IUH\DL\GK\surface-defect-detection\data\images\train\ksdd2_10936.png,False,0,235,637
train,ksdd2_10937,E:\Data (Drive)\IUH\DL\GK\surface-defect-detection\data\images\train\ksdd2_10937.png,False,0,227,612
train,ksdd2_10938,E:\Data (Drive)\IUH\DL\GK\surface-defect-detection\data\images\train\ksdd2_10938.png,False,0,232,643
train,ksdd2_10939,E:\Data (Drive)\IUH\DL\GK\surface-defect-detection\data\images\train\ksdd2_10939.png,False,0,236,638
train,ksdd2_10940,E:\Data (Drive)\IUH\DL\GK\surface-defect-detection\data\images\train\ksdd2_10940.png,False,0,233,639
train,ksdd2_10941,E:\Data (Drive)\IUH\DL\GK\surface-defect-detection\data\images\train\ksdd2_10941.png,False,0,232,646
train,ksdd2_10942,E:\Data (Drive)\IUH\DL\GK\surface-defect-detection\data\images\train\ksdd2_10942.png,False,0,214,643
train,ksdd2_10943,E:\Data (Drive)\IUH\DL\GK\surface-defect-detection\data\images\train\ksdd2_10943.png,False,0,226,637
train,ksdd2_10944,E:\Data (Drive)\IUH\DL\GK\surface-defect-detection\data\images\train\ksdd2_10944.png,False,0,226,636
train,ksdd2_10945,E:\Data (Drive)\IUH\DL\GK\surface-defect-detection\data\images\train\ksdd2_10945.png,False,0,230,636
train,ksdd2_10946,E:\Data (Drive)\IUH\DL\GK\surface-defect-detection\data\images\train\ksdd2_10946.png,False,0,234,640
train,ksdd2_10947,E:\Data (Drive)\IUH\DL\GK\surface-defect-detection\data\images\train\ksdd2_10947.png,False,0,228,635
train,ksdd2_10949,E:\Data (Drive)\IUH\DL\GK\surface-defect-detection\data\images\train\ksdd2_10949.png,False,0,231,643
train,ksdd2_10950,E:\Data (Drive)\IUH\DL\GK\surface-defect-detection\data\images\train\ksdd2_10950.png,False,0,230,636
train,ksdd2_10951,E:\Data (Drive)\IUH\DL\GK\surface-defect-detection\data\images\train\ksdd2_10951.png,True,1,227,636
train,ksdd2_10951_aug1,E:\Data (Drive)\IUH\DL\GK\surface-defect-detection\data\images\train\ksdd2_10951_aug1.png,True,1,227,636
train,ksdd2_10951_aug2,E:\Data (Drive)\IUH\DL\GK\surface-defect-detection\data\images\train\ksdd2_10951_aug2.png,True,1,227,636
train,ksdd2_10952,E:\Data (Drive)\IUH\DL\GK\surface-defect-detection\data\images\train\ksdd2_10952.png,True,1,228,643
train,ksdd2_10952_aug1,E:\Data (Drive)\IUH\DL\GK\surface-defect-detection\data\images\train\ksdd2_10952_aug1.png,True,1,228,643
train,ksdd2_10952_aug2,E:\Data (Drive)\IUH\DL\GK\surface-defect-detection\data\images\train\ksdd2_10952_aug2.png,True,1,228,643
train,ksdd2_10953,E:\Data (Drive)\IUH\DL\GK\surface-defect-detection\data\images\train\ksdd2_10953.png,False,0,228,643
train,ksdd2_10955,E:\Data (Drive)\IUH\DL\GK\surface-defect-detection\data\images\train\ksdd2_10955.png,False,0,228,638
train,ksdd2_10956,E:\Data (Drive)\IUH\DL\GK\surface-defect-detection\data\images\train\ksdd2_10956.png,False,0,224,632
train,ksdd2_10957,E:\Data (Drive)\IUH\DL\GK\surface-defect-detection\data\images\train\ksdd2_10957.png,False,0,199,634
train,ksdd2_10958,E:\Data (Drive)\IUH\DL\GK\surface-defect-detection\data\images\train\ksdd2_10958.png,False,0,226,637
train,ksdd2_10959,E:\Data (Drive)\IUH\DL\GK\surface-defect-detection\data\images\train\ksdd2_10959.png,False,0,229,641
train,ksdd2_10960,E:\Data (Drive)\IUH\DL\GK\surface-defect-detection\data\images\train\ksdd2_10960.png,False,0,224,629
train,ksdd2_10961,E:\Data (Drive)\IUH\DL\GK\surface-defect-detection\data\images\train\ksdd2_10961.png,False,0,240,641
train,ksdd2_10962,E:\Data (Drive)\IUH\DL\GK\surface-defect-detection\data\images\train\ksdd2_10962.png,False,0,224,631
train,ksdd2_10964,E:\Data (Drive)\IUH\DL\GK\surface-defect-detection\data\images\train\ksdd2_10964.png,False,0,233,644
train,ksdd2_10966,E:\Data (Drive)\IUH\DL\GK\surface-defect-detection\data\images\train\ksdd2_10966.png,False,0,232,634
train,ksdd2_10968,E:\Data (Drive)\IUH\DL\GK\surface-defect-detection\data\images\train\ksdd2_10968.png,False,0,226,644
train,ksdd2_10970,E:\Data (Drive)\IUH\DL\GK\surface-defect-detection\data\images\train\ksdd2_10970.png,False,0,234,655
train,ksdd2_10972,E:\Data (Drive)\IUH\DL\GK\surface-defect-detection\data\images\train\ksdd2_10972.png,False,0,233,635
train,ksdd2_10973,E:\Data (Drive)\IUH\DL\GK\surface-defect-detection\data\images\train\ksdd2_10973.png,False,0,232,634
train,ksdd2_10974,E:\Data (Drive)\IUH\DL\GK\surface-defect-detection\data\images\train\ksdd2_10974.png,False,0,226,635
train,ksdd2_10975,E:\Data (Drive)\IUH\DL\GK\surface-defect-detection\data\images\train\ksdd2_10975.png,False,0,232,639
train,ksdd2_10976,E:\Data (Drive)\IUH\DL\GK\surface-defect-detection\data\images\train\ksdd2_10976.png,False,0,237,630
train,ksdd2_10977,E:\Data (Drive)\IUH\DL\GK\surface-defect-detection\data\images\train\ksdd2_10977.png,False,0,225,634
train,ksdd2_10980,E:\Data (Drive)\IUH\DL\GK\surface-defect-detection\data\images\train\ksdd2_10980.png,False,0,236,638
train,ksdd2_10981,E:\Data (Drive)\IUH\DL\GK\surface-defect-detection\data\images\train\ksdd2_10981.png,False,0,235,631
train,ksdd2_10982,E:\Data (Drive)\IUH\DL\GK\surface-defect-detection\data\images\train\ksdd2_10982.png,False,0,229,636
train,ksdd2_10983,E:\Data (Drive)\IUH\DL\GK\surface-defect-detection\data\images\train\ksdd2_10983.png,False,0,231,634
train,ksdd2_10984,E:\Data (Drive)\IUH\DL\GK\surface-defect-detection\data\images\train\ksdd2_10984.png,False,0,236,641
train,ksdd2_10985,E:\Data (Drive)\IUH\DL\GK\surface-defect-detection\data\images\train\ksdd2_10985.png,False,0,234,640
train,ksdd2_10986,E:\Data (Drive)\IUH\DL\GK\surface-defect-detection\data\images\train\ksdd2_10986.png,False,0,229,631
train,ksdd2_10987,E:\Data (Drive)\IUH\DL\GK\surface-defect-detection\data\images\train\ksdd2_10987.png,False,0,214,645
train,ksdd2_10988,E:\Data (Drive)\IUH\DL\GK\surface-defect-detection\data\images\train\ksdd2_10988.png,False,0,232,641
train,ksdd2_10990,E:\Data (Drive)\IUH\DL\GK\surface-defect-detection\data\images\train\ksdd2_10990.png,False,0,229,629
train,ksdd2_10991,E:\Data (Drive)\IUH\DL\GK\surface-defect-detection\data\images\train\ksdd2_10991.png,False,0,231,636
train,ksdd2_10993,E:\Data (Drive)\IUH\DL\GK\surface-defect-detection\data\images\train\ksdd2_10993.png,False,0,226,633
train,ksdd2_10994,E:\Data (Drive)\IUH\DL\GK\surface-defect-detection\data\images\train\ksdd2_10994.png,False,0,232,642
train,ksdd2_10996,E:\Data (Drive)\IUH\DL\GK\surface-defect-detection\data\images\train\ksdd2_10996.png,False,0,232,635
train,ksdd2_10997,E:\Data (Drive)\IUH\DL\GK\surface-defect-detection\data\images\train\ksdd2_10997.png,False,0,233,648
train,ksdd2_10998,E:\Data (Drive)\IUH\DL\GK\surface-defect-detection\data\images\train\ksdd2_10998.png,False,0,227,628
train,ksdd2_11002,E:\Data (Drive)\IUH\DL\GK\surface-defect-detection\data\images\train\ksdd2_11002.png,True,1,227,636
train,ksdd2_11002_aug1,E:\Data (Drive)\IUH\DL\GK\surface-defect-detection\data\images\train\ksdd2_11002_aug1.png,True,1,227,636
train,ksdd2_11002_aug2,E:\Data (Drive)\IUH\DL\GK\surface-defect-detection\data\images\train\ksdd2_11002_aug2.png,True,1,227,636
train,ksdd2_11003,E:\Data (Drive)\IUH\DL\GK\surface-defect-detection\data\images\train\ksdd2_11003.png,True,1,224,631
train,ksdd2_11003_aug1,E:\Data (Drive)\IUH\DL\GK\surface-defect-detection\data\images\train\ksdd2_11003_aug1.png,True,1,224,631
train,ksdd2_11003_aug2,E:\Data (Drive)\IUH\DL\GK\surface-defect-detection\data\images\train\ksdd2_11003_aug2.png,True,1,224,631
train,ksdd2_11004,E:\Data (Drive)\IUH\DL\GK\surface-defect-detection\data\images\train\ksdd2_11004.png,False,0,231,644
train,ksdd2_11005,E:\Data (Drive)\IUH\DL\GK\surface-defect-detection\data\images\train\ksdd2_11005.png,False,0,227,650
train,ksdd2_11006,E:\Data (Drive)\IUH\DL\GK\surface-defect-detection\data\images\train\ksdd2_11006.png,False,0,215,641
train,ksdd2_11007,E:\Data (Drive)\IUH\DL\GK\surface-defect-detection\data\images\train\ksdd2_11007.png,False,0,232,647
train,ksdd2_11009,E:\Data (Drive)\IUH\DL\GK\surface-defect-detection\data\images\train\ksdd2_11009.png,False,0,228,637
train,ksdd2_11010,E:\Data (Drive)\IUH\DL\GK\surface-defect-detection\data\images\train\ksdd2_11010.png,False,0,208,638
train,ksdd2_11014,E:\Data (Drive)\IUH\DL\GK\surface-defect-detection\data\images\train\ksdd2_11014.png,False,0,227,634
train,ksdd2_11015,E:\Data (Drive)\IUH\DL\GK\surface-defect-detection\data\images\train\ksdd2_11015.png,False,0,232,633
train,ksdd2_11016,E:\Data (Drive)\IUH\DL\GK\surface-defect-detection\data\images\train\ksdd2_11016.png,False,0,229,636
train,ksdd2_11018,E:\Data (Drive)\IUH\DL\GK\surface-defect-detection\data\images\train\ksdd2_11018.png,False,0,229,642
train,ksdd2_11020,E:\Data (Drive)\IUH\DL\GK\surface-defect-detection\data\images\train\ksdd2_11020.png,False,0,231,634
train,ksdd2_11021,E:\Data (Drive)\IUH\DL\GK\surface-defect-detection\data\images\train\ksdd2_11021.png,False,0,223,626
train,ksdd2_11022,E:\Data (Drive)\IUH\DL\GK\surface-defect-detection\data\images\train\ksdd2_11022.png,False,0,231,638
train,ksdd2_11023,E:\Data (Drive)\IUH\DL\GK\surface-defect-detection\data\images\train\ksdd2_11023.png,False,0,225,638
train,ksdd2_11026,E:\Data (Drive)\IUH\DL\GK\surface-defect-detection\data\images\train\ksdd2_11026.png,False,0,228,636
train,ksdd2_11028,E:\Data (Drive)\IUH\DL\GK\surface-defect-detection\data\images\train\ksdd2_11028.png,False,0,234,636
train,ksdd2_11029,E:\Data (Drive)\IUH\DL\GK\surface-defect-detection\data\images\train\ksdd2_11029.png,False,0,231,641
train,ksdd2_11030,E:\Data (Drive)\IUH\DL\GK\surface-defect-detection\data\images\train\ksdd2_11030.png,False,0,235,647
train,ksdd2_11032,E:\Data (Drive)\IUH\DL\GK\surface-defect-detection\data\images\train\ksdd2_11032.png,False,0,229,641
train,ksdd2_11033,E:\Data (Drive)\IUH\DL\GK\surface-defect-detection\data\images\train\ksdd2_11033.png,False,0,234,647
train,ksdd2_11034,E:\Data (Drive)\IUH\DL\GK\surface-defect-detection\data\images\train\ksdd2_11034.png,False,0,223,637
train,ksdd2_11035,E:\Data (Drive)\IUH\DL\GK\surface-defect-detection\data\images\train\ksdd2_11035.png,False,0,228,637
train,ksdd2_11036,E:\Data (Drive)\IUH\DL\GK\surface-defect-detection\data\images\train\ksdd2_11036.png,False,0,239,644
train,ksdd2_11037,E:\Data (Drive)\IUH\DL\GK\surface-defect-detection\data\images\train\ksdd2_11037.png,False,0,228,638
train,ksdd2_11041,E:\Data (Drive)\IUH\DL\GK\surface-defect-detection\data\images\train\ksdd2_11041.png,False,0,226,639
train,ksdd2_11042,E:\Data (Drive)\IUH\DL\GK\surface-defect-detection\data\images\train\ksdd2_11042.png,False,0,230,645
train,ksdd2_11043,E:\Data (Drive)\IUH\DL\GK\surface-defect-detection\data\images\train\ksdd2_11043.png,False,0,230,649
train,ksdd2_11044,E:\Data (Drive)\IUH\DL\GK\surface-defect-detection\data\images\train\ksdd2_11044.png,False,0,232,642
train,ksdd2_11046,E:\Data (Drive)\IUH\DL\GK\surface-defect-detection\data\images\train\ksdd2_11046.png,False,0,230,635
train,ksdd2_11047,E:\Data (Drive)\IUH\DL\GK\surface-defect-detection\data\images\train\ksdd2_11047.png,False,0,229,644
train,ksdd2_11048,E:\Data (Drive)\IUH\DL\GK\surface-defect-detection\data\images\train\ksdd2_11048.png,False,0,234,633
train,ksdd2_11049,E:\Data (Drive)\IUH\DL\GK\surface-defect-detection\data\images\train\ksdd2_11049.png,False,0,233,633
train,ksdd2_11051,E:\Data (Drive)\IUH\DL\GK\surface-defect-detection\data\images\train\ksdd2_11051.png,False,0,233,648
train,ksdd2_11054,E:\Data (Drive)\IUH\DL\GK\surface-defect-detection\data\images\train\ksdd2_11054.png,False,0,224,635
train,ksdd2_11055,E:\Data (Drive)\IUH\DL\GK\surface-defect-detection\data\images\train\ksdd2_11055.png,False,0,231,639
train,ksdd2_11058,E:\Data (Drive)\IUH\DL\GK\surface-defect-detection\data\images\train\ksdd2_11058.png,False,0,229,641
train,ksdd2_11059,E:\Data (Drive)\IUH\DL\GK\surface-defect-detection\data\images\train\ksdd2_11059.png,False,0,237,644
train,ksdd2_11062,E:\Data (Drive)\IUH\DL\GK\surface-defect-detection\data\images\train\ksdd2_11062.png,False,0,227,623
train,ksdd2_11063,E:\Data (Drive)\IUH\DL\GK\surface-defect-detection\data\images\train\ksdd2_11063.png,False,0,231,635
train,ksdd2_11064,E:\Data (Drive)\IUH\DL\GK\surface-defect-detection\data\images\train\ksdd2_11064.png,False,0,233,628
train,ksdd2_11065,E:\Data (Drive)\IUH\DL\GK\surface-defect-detection\data\images\train\ksdd2_11065.png,False,0,230,646
train,ksdd2_11068,E:\Data (Drive)\IUH\DL\GK\surface-defect-detection\data\images\train\ksdd2_11068.png,False,0,227,632
train,ksdd2_11069,E:\Data (Drive)\IUH\DL\GK\surface-defect-detection\data\images\train\ksdd2_11069.png,False,0,229,641
train,ksdd2_11073,E:\Data (Drive)\IUH\DL\GK\surface-defect-detection\data\images\train\ksdd2_11073.png,False,0,230,637
train,ksdd2_11075,E:\Data (Drive)\IUH\DL\GK\surface-defect-detection\data\images\train\ksdd2_11075.png,False,0,230,632
train,ksdd2_11076,E:\Data (Drive)\IUH\DL\GK\surface-defect-detection\data\images\train\ksdd2_11076.png,False,0,228,645
train,ksdd2_11077,E:\Data (Drive)\IUH\DL\GK\surface-defect-detection\data\images\train\ksdd2_11077.png,False,0,230,641
train,ksdd2_11079,E:\Data (Drive)\IUH\DL\GK\surface-defect-detection\data\images\train\ksdd2_11079.png,False,0,225,637
train,ksdd2_11081,E:\Data (Drive)\IUH\DL\GK\surface-defect-detection\data\images\train\ksdd2_11081.png,False,0,236,652
train,ksdd2_11083,E:\Data (Drive)\IUH\DL\GK\surface-defect-detection\data\images\train\ksdd2_11083.png,False,0,235,643
train,ksdd2_11084,E:\Data (Drive)\IUH\DL\GK\surface-defect-detection\data\images\train\ksdd2_11084.png,False,0,233,642
train,ksdd2_11085,E:\Data (Drive)\IUH\DL\GK\surface-defect-detection\data\images\train\ksdd2_11085.png,False,0,238,644
train,ksdd2_11086,E:\Data (Drive)\IUH\DL\GK\surface-defect-detection\data\images\train\ksdd2_11086.png,False,0,239,640
train,ksdd2_11087,E:\Data (Drive)\IUH\DL\GK\surface-defect-detection\data\images\train\ksdd2_11087.png,False,0,232,633
train,ksdd2_11088,E:\Data (Drive)\IUH\DL\GK\surface-defect-detection\data\images\train\ksdd2_11088.png,True,1,236,637
train,ksdd2_11088_aug1,E:\Data (Drive)\IUH\DL\GK\surface-defect-detection\data\images\train\ksdd2_11088_aug1.png,True,1,236,637
train,ksdd2_11088_aug2,E:\Data (Drive)\IUH\DL\GK\surface-defect-detection\data\images\train\ksdd2_11088_aug2.png,True,1,236,637
train,ksdd2_11094,E:\Data (Drive)\IUH\DL\GK\surface-defect-detection\data\images\train\ksdd2_11094.png,True,1,229,637
train,ksdd2_11094_aug1,E:\Data (Drive)\IUH\DL\GK\surface-defect-detection\data\images\train\ksdd2_11094_aug1.png,True,1,229,637
train,ksdd2_11094_aug2,E:\Data (Drive)\IUH\DL\GK\surface-defect-detection\data\images\train\ksdd2_11094_aug2.png,True,1,229,637
train,ksdd2_11095,E:\Data (Drive)\IUH\DL\GK\surface-defect-detection\data\images\train\ksdd2_11095.png,False,0,225,641
train,ksdd2_11097,E:\Data (Drive)\IUH\DL\GK\surface-defect-detection\data\images\train\ksdd2_11097.png,False,0,231,649
train,ksdd2_11099,E:\Data (Drive)\IUH\DL\GK\surface-defect-detection\data\images\train\ksdd2_11099.png,False,0,233,635
train,ksdd2_11102,E:\Data (Drive)\IUH\DL\GK\surface-defect-detection\data\images\train\ksdd2_11102.png,False,0,217,630
train,ksdd2_11104,E:\Data (Drive)\IUH\DL\GK\surface-defect-detection\data\images\train\ksdd2_11104.png,False,0,235,645
train,ksdd2_11105,E:\Data (Drive)\IUH\DL\GK\surface-defect-detection\data\images\train\ksdd2_11105.png,False,0,184,627
train,ksdd2_11106,E:\Data (Drive)\IUH\DL\GK\surface-defect-detection\data\images\train\ksdd2_11106.png,False,0,229,633
train,ksdd2_11107,E:\Data (Drive)\IUH\DL\GK\surface-defect-detection\data\images\train\ksdd2_11107.png,False,0,222,633
train,ksdd2_11108,E:\Data (Drive)\IUH\DL\GK\surface-defect-detection\data\images\train\ksdd2_11108.png,False,0,233,642
train,ksdd2_11110,E:\Data (Drive)\IUH\DL\GK\surface-defect-detection\data\images\train\ksdd2_11110.png,False,0,229,641
train,ksdd2_11112,E:\Data (Drive)\IUH\DL\GK\surface-defect-detection\data\images\train\ksdd2_11112.png,False,0,227,635
train,ksdd2_11116,E:\Data (Drive)\IUH\DL\GK\surface-defect-detection\data\images\train\ksdd2_11116.png,False,0,230,640
train,ksdd2_11118,E:\Data (Drive)\IUH\DL\GK\surface-defect-detection\data\images\train\ksdd2_11118.png,False,0,229,637
train,ksdd2_11119,E:\Data (Drive)\IUH\DL\GK\surface-defect-detection\data\images\train\ksdd2_11119.png,False,0,227,639
train,ksdd2_11121,E:\Data (Drive)\IUH\DL\GK\surface-defect-detection\data\images\train\ksdd2_11121.png,False,0,239,653
train,ksdd2_11122,E:\Data (Drive)\IUH\DL\GK\surface-defect-detection\data\images\train\ksdd2_11122.png,False,0,227,636
train,ksdd2_11123,E:\Data (Drive)\IUH\DL\GK\surface-defect-detection\data\images\train\ksdd2_11123.png,False,0,211,644
train,ksdd2_11124,E:\Data (Drive)\IUH\DL\GK\surface-defect-detection\data\images\train\ksdd2_11124.png,False,0,225,638
train,ksdd2_11125,E:\Data (Drive)\IUH\DL\GK\surface-defect-detection\data\images\train\ksdd2_11125.png,False,0,226,636
train,ksdd2_11126,E:\Data (Drive)\IUH\DL\GK\surface-defect-detection\data\images\train\ksdd2_11126.png,False,0,211,650
train,ksdd2_11128,E:\Data (Drive)\IUH\DL\GK\surface-defect-detection\data\images\train\ksdd2_11128.png,False,0,236,652
train,ksdd2_11129,E:\Data (Drive)\IUH\DL\GK\surface-defect-detection\data\images\train\ksdd2_11129.png,False,0,236,635
train,ksdd2_11130,E:\Data (Drive)\IUH\DL\GK\surface-defect-detection\data\images\train\ksdd2_11130.png,False,0,240,640
train,ksdd2_11132,E:\Data (Drive)\IUH\DL\GK\surface-defect-detection\data\images\train\ksdd2_11132.png,False,0,227,628
train,ksdd2_11133,E:\Data (Drive)\IUH\DL\GK\surface-defect-detection\data\images\train\ksdd2_11133.png,False,0,228,633
train,ksdd2_11134,E:\Data (Drive)\IUH\DL\GK\surface-defect-detection\data\images\train\ksdd2_11134.png,False,0,224,631
train,ksdd2_11137,E:\Data (Drive)\IUH\DL\GK\surface-defect-detection\data\images\train\ksdd2_11137.png,False,0,231,644
train,ksdd2_11139,E:\Data (Drive)\IUH\DL\GK\surface-defect-detection\data\images\train\ksdd2_11139.png,True,3,228,631
train,ksdd2_11139_aug1,E:\Data (Drive)\IUH\DL\GK\surface-defect-detection\data\images\train\ksdd2_11139_aug1.png,True,3,228,631
train,ksdd2_11139_aug2,E:\Data (Drive)\IUH\DL\GK\surface-defect-detection\data\images\train\ksdd2_11139_aug2.png,True,3,228,631
train,ksdd2_11140,E:\Data (Drive)\IUH\DL\GK\surface-defect-detection\data\images\train\ksdd2_11140.png,False,0,232,640
train,ksdd2_11144,E:\Data (Drive)\IUH\DL\GK\surface-defect-detection\data\images\train\ksdd2_11144.png,False,0,226,633
train,ksdd2_11147,E:\Data (Drive)\IUH\DL\GK\surface-defect-detection\data\images\train\ksdd2_11147.png,False,0,232,638
train,ksdd2_11148,E:\Data (Drive)\IUH\DL\GK\surface-defect-detection\data\images\train\ksdd2_11148.png,False,0,226,634
train,ksdd2_11149,E:\Data (Drive)\IUH\DL\GK\surface-defect-detection\data\images\train\ksdd2_11149.png,False,0,233,636
train,ksdd2_11152,E:\Data (Drive)\IUH\DL\GK\surface-defect-detection\data\images\train\ksdd2_11152.png,False,0,227,639
train,ksdd2_11153,E:\Data (Drive)\IUH\DL\GK\surface-defect-detection\data\images\train\ksdd2_11153.png,False,0,225,631
train,ksdd2_11154,E:\Data (Drive)\IUH\DL\GK\surface-defect-detection\data\images\train\ksdd2_11154.png,False,0,226,616
train,ksdd2_11155,E:\Data (Drive)\IUH\DL\GK\surface-defect-detection\data\images\train\ksdd2_11155.png,False,0,227,629
train,ksdd2_11156,E:\Data (Drive)\IUH\DL\GK\surface-defect-detection\data\images\train\ksdd2_11156.png,False,0,230,641
train,ksdd2_11158,E:\Data (Drive)\IUH\DL\GK\surface-defect-detection\data\images\train\ksdd2_11158.png,False,0,229,635
train,ksdd2_11159,E:\Data (Drive)\IUH\DL\GK\surface-defect-detection\data\images\train\ksdd2_11159.png,False,0,231,636
train,ksdd2_11161,E:\Data (Drive)\IUH\DL\GK\surface-defect-detection\data\images\train\ksdd2_11161.png,False,0,225,631
train,ksdd2_11163,E:\Data (Drive)\IUH\DL\GK\surface-defect-detection\data\images\train\ksdd2_11163.png,False,0,236,638
train,ksdd2_11164,E:\Data (Drive)\IUH\DL\GK\surface-defect-detection\data\images\train\ksdd2_11164.png,False,0,231,634
train,ksdd2_11165,E:\Data (Drive)\IUH\DL\GK\surface-defect-detection\data\images\train\ksdd2_11165.png,False,0,231,637
train,ksdd2_11167,E:\Data (Drive)\IUH\DL\GK\surface-defect-detection\data\images\train\ksdd2_11167.png,False,0,226,632
train,ksdd2_11168,E:\Data (Drive)\IUH\DL\GK\surface-defect-detection\data\images\train\ksdd2_11168.png,False,0,233,640
train,ksdd2_11171,E:\Data (Drive)\IUH\DL\GK\surface-defect-detection\data\images\train\ksdd2_11171.png,False,0,233,645
train,ksdd2_11172,E:\Data (Drive)\IUH\DL\GK\surface-defect-detection\data\images\train\ksdd2_11172.png,False,0,226,636
train,ksdd2_11173,E:\Data (Drive)\IUH\DL\GK\surface-defect-detection\data\images\train\ksdd2_11173.png,False,0,226,637
train,ksdd2_11174,E:\Data (Drive)\IUH\DL\GK\surface-defect-detection\data\images\train\ksdd2_11174.png,False,0,230,651
train,ksdd2_11175,E:\Data (Drive)\IUH\DL\GK\surface-defect-detection\data\images\train\ksdd2_11175.png,False,0,232,637
train,ksdd2_11177,E:\Data (Drive)\IUH\DL\GK\surface-defect-detection\data\images\train\ksdd2_11177.png,False,0,226,634
train,ksdd2_11178,E:\Data (Drive)\IUH\DL\GK\surface-defect-detection\data\images\train\ksdd2_11178.png,True,1,233,639
train,ksdd2_11178_aug1,E:\Data (Drive)\IUH\DL\GK\surface-defect-detection\data\images\train\ksdd2_11178_aug1.png,True,1,233,639
train,ksdd2_11178_aug2,E:\Data (Drive)\IUH\DL\GK\surface-defect-detection\data\images\train\ksdd2_11178_aug2.png,True,1,233,639
train,ksdd2_11179,E:\Data (Drive)\IUH\DL\GK\surface-defect-detection\data\images\train\ksdd2_11179.png,False,0,221,632
train,ksdd2_11181,E:\Data (Drive)\IUH\DL\GK\surface-defect-detection\data\images\train\ksdd2_11181.png,False,0,229,648
train,ksdd2_11182,E:\Data (Drive)\IUH\DL\GK\surface-defect-detection\data\images\train\ksdd2_11182.png,False,0,228,626
train,ksdd2_11183,E:\Data (Drive)\IUH\DL\GK\surface-defect-detection\data\images\train\ksdd2_11183.png,False,0,228,645
train,ksdd2_11185,E:\Data (Drive)\IUH\DL\GK\surface-defect-detection\data\images\train\ksdd2_11185.png,False,0,228,642
train,ksdd2_11186,E:\Data (Drive)\IUH\DL\GK\surface-defect-detection\data\images\train\ksdd2_11186.png,False,0,231,636
train,ksdd2_11187,E:\Data (Drive)\IUH\DL\GK\surface-defect-detection\data\images\train\ksdd2_11187.png,True,1,238,639
train,ksdd2_11187_aug1,E:\Data (Drive)\IUH\DL\GK\surface-defect-detection\data\images\train\ksdd2_11187_aug1.png,True,1,238,639
train,ksdd2_11187_aug2,E:\Data (Drive)\IUH\DL\GK\surface-defect-detection\data\images\train\ksdd2_11187_aug2.png,True,1,238,639
train,ksdd2_11188,E:\Data (Drive)\IUH\DL\GK\surface-defect-detection\data\images\train\ksdd2_11188.png,False,0,229,634
train,ksdd2_11190,E:\Data (Drive)\IUH\DL\GK\surface-defect-detection\data\images\train\ksdd2_11190.png,True,1,232,637
train,ksdd2_11190_aug1,E:\Data (Drive)\IUH\DL\GK\surface-defect-detection\data\images\train\ksdd2_11190_aug1.png,True,1,232,637
train,ksdd2_11190_aug2,E:\Data (Drive)\IUH\DL\GK\surface-defect-detection\data\images\train\ksdd2_11190_aug2.png,True,1,232,637
train,ksdd2_11191,E:\Data (Drive)\IUH\DL\GK\surface-defect-detection\data\images\train\ksdd2_11191.png,False,0,231,636
train,ksdd2_11192,E:\Data (Drive)\IUH\DL\GK\surface-defect-detection\data\images\train\ksdd2_11192.png,False,0,233,637
train,ksdd2_11195,E:\Data (Drive)\IUH\DL\GK\surface-defect-detection\data\images\train\ksdd2_11195.png,True,1,235,638
train,ksdd2_11195_aug1,E:\Data (Drive)\IUH\DL\GK\surface-defect-detection\data\images\train\ksdd2_11195_aug1.png,True,1,235,638
train,ksdd2_11195_aug2,E:\Data (Drive)\IUH\DL\GK\surface-defect-detection\data\images\train\ksdd2_11195_aug2.png,True,1,235,638
train,ksdd2_11196,E:\Data (Drive)\IUH\DL\GK\surface-defect-detection\data\images\train\ksdd2_11196.png,False,0,224,633
train,ksdd2_11197,E:\Data (Drive)\IUH\DL\GK\surface-defect-detection\data\images\train\ksdd2_11197.png,False,0,229,632
train,ksdd2_11198,E:\Data (Drive)\IUH\DL\GK\surface-defect-detection\data\images\train\ksdd2_11198.png,False,0,230,632
train,ksdd2_11199,E:\Data (Drive)\IUH\DL\GK\surface-defect-detection\data\images\train\ksdd2_11199.png,False,0,231,638
train,ksdd2_11200,E:\Data (Drive)\IUH\DL\GK\surface-defect-detection\data\images\train\ksdd2_11200.png,False,0,228,641
train,ksdd2_11201,E:\Data (Drive)\IUH\DL\GK\surface-defect-detection\data\images\train\ksdd2_11201.png,False,0,227,632
train,ksdd2_11202,E:\Data (Drive)\IUH\DL\GK\surface-defect-detection\data\images\train\ksdd2_11202.png,False,0,234,632
train,ksdd2_11204,E:\Data (Drive)\IUH\DL\GK\surface-defect-detection\data\images\train\ksdd2_11204.png,False,0,232,630
train,ksdd2_11206,E:\Data (Drive)\IUH\DL\GK\surface-defect-detection\data\images\train\ksdd2_11206.png,False,0,233,641
train,ksdd2_11208,E:\Data (Drive)\IUH\DL\GK\surface-defect-detection\data\images\train\ksdd2_11208.png,False,0,230,643
train,ksdd2_11211,E:\Data (Drive)\IUH\DL\GK\surface-defect-detection\data\images\train\ksdd2_11211.png,False,0,229,641
train,ksdd2_11212,E:\Data (Drive)\IUH\DL\GK\surface-defect-detection\data\images\train\ksdd2_11212.png,False,0,228,633
train,ksdd2_11213,E:\Data (Drive)\IUH\DL\GK\surface-defect-detection\data\images\train\ksdd2_11213.png,False,0,230,638
train,ksdd2_11214,E:\Data (Drive)\IUH\DL\GK\surface-defect-detection\data\images\train\ksdd2_11214.png,True,1,231,637
train,ksdd2_11214_aug1,E:\Data (Drive)\IUH\DL\GK\surface-defect-detection\data\images\train\ksdd2_11214_aug1.png,True,1,231,637
train,ksdd2_11214_aug2,E:\Data (Drive)\IUH\DL\GK\surface-defect-detection\data\images\train\ksdd2_11214_aug2.png,True,1,231,637
train,ksdd2_11218,E:\Data (Drive)\IUH\DL\GK\surface-defect-detection\data\images\train\ksdd2_11218.png,False,0,199,631
train,ksdd2_11219,E:\Data (Drive)\IUH\DL\GK\surface-defect-detection\data\images\train\ksdd2_11219.png,False,0,224,632
train,ksdd2_11220,E:\Data (Drive)\IUH\DL\GK\surface-defect-detection\data\images\train\ksdd2_11220.png,False,0,229,641
train,ksdd2_11221,E:\Data (Drive)\IUH\DL\GK\surface-defect-detection\data\images\train\ksdd2_11221.png,False,0,229,646
train,ksdd2_11223,E:\Data (Drive)\IUH\DL\GK\surface-defect-detection\data\images\train\ksdd2_11223.png,False,0,230,636
train,ksdd2_11224,E:\Data (Drive)\IUH\DL\GK\surface-defect-detection\data\images\train\ksdd2_11224.png,False,0,225,632
train,ksdd2_11225,E:\Data (Drive)\IUH\DL\GK\surface-defect-detection\data\images\train\ksdd2_11225.png,False,0,229,633
train,ksdd2_11227,E:\Data (Drive)\IUH\DL\GK\surface-defect-detection\data\images\train\ksdd2_11227.png,False,0,229,638
train,ksdd2_11229,E:\Data (Drive)\IUH\DL\GK\surface-defect-detection\data\images\train\ksdd2_11229.png,False,0,239,647
train,ksdd2_11232,E:\Data (Drive)\IUH\DL\GK\surface-defect-detection\data\images\train\ksdd2_11232.png,False,0,233,638
train,ksdd2_11233,E:\Data (Drive)\IUH\DL\GK\surface-defect-detection\data\images\train\ksdd2_11233.png,False,0,234,647
train,ksdd2_11235,E:\Data (Drive)\IUH\DL\GK\surface-defect-detection\data\images\train\ksdd2_11235.png,False,0,227,639
train,ksdd2_11236,E:\Data (Drive)\IUH\DL\GK\surface-defect-detection\data\images\train\ksdd2_11236.png,False,0,233,649
train,ksdd2_11238,E:\Data (Drive)\IUH\DL\GK\surface-defect-detection\data\images\train\ksdd2_11238.png,False,0,229,637
train,ksdd2_11239,E:\Data (Drive)\IUH\DL\GK\surface-defect-detection\data\images\train\ksdd2_11239.png,False,0,231,641
train,ksdd2_11242,E:\Data (Drive)\IUH\DL\GK\surface-defect-detection\data\images\train\ksdd2_11242.png,True,1,228,647
train,ksdd2_11242_aug1,E:\Data (Drive)\IUH\DL\GK\surface-defect-detection\data\images\train\ksdd2_11242_aug1.png,True,1,228,647
train,ksdd2_11242_aug2,E:\Data (Drive)\IUH\DL\GK\surface-defect-detection\data\images\train\ksdd2_11242_aug2.png,True,1,228,647
train,ksdd2_11244,E:\Data (Drive)\IUH\DL\GK\surface-defect-detection\data\images\train\ksdd2_11244.png,False,0,227,632
train,ksdd2_11246,E:\Data (Drive)\IUH\DL\GK\surface-defect-detection\data\images\train\ksdd2_11246.png,False,0,229,636
train,ksdd2_11247,E:\Data (Drive)\IUH\DL\GK\surface-defect-detection\data\images\train\ksdd2_11247.png,False,0,225,634
train,ksdd2_11248,E:\Data (Drive)\IUH\DL\GK\surface-defect-detection\data\images\train\ksdd2_11248.png,False,0,230,644
train,ksdd2_11250,E:\Data (Drive)\IUH\DL\GK\surface-defect-detection\data\images\train\ksdd2_11250.png,True,1,232,637
train,ksdd2_11250_aug1,E:\Data (Drive)\IUH\DL\GK\surface-defect-detection\data\images\train\ksdd2_11250_aug1.png,True,1,232,637
train,ksdd2_11250_aug2,E:\Data (Drive)\IUH\DL\GK\surface-defect-detection\data\images\train\ksdd2_11250_aug2.png,True,1,232,637
train,ksdd2_11252,E:\Data (Drive)\IUH\DL\GK\surface-defect-detection\data\images\train\ksdd2_11252.png,False,0,236,629
train,ksdd2_11253,E:\Data (Drive)\IUH\DL\GK\surface-defect-detection\data\images\train\ksdd2_11253.png,False,0,232,631
train,ksdd2_11254,E:\Data (Drive)\IUH\DL\GK\surface-defect-detection\data\images\train\ksdd2_11254.png,False,0,235,625
train,ksdd2_11255,E:\Data (Drive)\IUH\DL\GK\surface-defect-detection\data\images\train\ksdd2_11255.png,False,0,237,643
train,ksdd2_11256,E:\Data (Drive)\IUH\DL\GK\surface-defect-detection\data\images\train\ksdd2_11256.png,False,0,228,640
train,ksdd2_11258,E:\Data (Drive)\IUH\DL\GK\surface-defect-detection\data\images\train\ksdd2_11258.png,True,1,237,633
train,ksdd2_11258_aug1,E:\Data (Drive)\IUH\DL\GK\surface-defect-detection\data\images\train\ksdd2_11258_aug1.png,True,1,237,633
train,ksdd2_11258_aug2,E:\Data (Drive)\IUH\DL\GK\surface-defect-detection\data\images\train\ksdd2_11258_aug2.png,True,1,237,633
train,ksdd2_11262,E:\Data (Drive)\IUH\DL\GK\surface-defect-detection\data\images\train\ksdd2_11262.png,False,0,235,639
train,ksdd2_11264,E:\Data (Drive)\IUH\DL\GK\surface-defect-detection\data\images\train\ksdd2_11264.png,False,0,232,636
train,ksdd2_11265,E:\Data (Drive)\IUH\DL\GK\surface-defect-detection\data\images\train\ksdd2_11265.png,False,0,227,642
train,ksdd2_11266,E:\Data (Drive)\IUH\DL\GK\surface-defect-detection\data\images\train\ksdd2_11266.png,False,0,235,639
train,ksdd2_11268,E:\Data (Drive)\IUH\DL\GK\surface-defect-detection\data\images\train\ksdd2_11268.png,False,0,236,631
train,ksdd2_11269,E:\Data (Drive)\IUH\DL\GK\surface-defect-detection\data\images\train\ksdd2_11269.png,True,1,236,642
train,ksdd2_11269_aug1,E:\Data (Drive)\IUH\DL\GK\surface-defect-detection\data\images\train\ksdd2_11269_aug1.png,True,1,236,642
train,ksdd2_11269_aug2,E:\Data (Drive)\IUH\DL\GK\surface-defect-detection\data\images\train\ksdd2_11269_aug2.png,True,1,236,642
train,ksdd2_11273,E:\Data (Drive)\IUH\DL\GK\surface-defect-detection\data\images\train\ksdd2_11273.png,False,0,228,639
train,ksdd2_11275,E:\Data (Drive)\IUH\DL\GK\surface-defect-detection\data\images\train\ksdd2_11275.png,False,0,236,640
train,ksdd2_11276,E:\Data (Drive)\IUH\DL\GK\surface-defect-detection\data\images\train\ksdd2_11276.png,False,0,232,638
train,ksdd2_11277,E:\Data (Drive)\IUH\DL\GK\surface-defect-detection\data\images\train\ksdd2_11277.png,False,0,228,652
train,ksdd2_11278,E:\Data (Drive)\IUH\DL\GK\surface-defect-detection\data\images\train\ksdd2_11278.png,False,0,231,637
train,ksdd2_11279,E:\Data (Drive)\IUH\DL\GK\surface-defect-detection\data\images\train\ksdd2_11279.png,False,0,234,638
train,ksdd2_11280,E:\Data (Drive)\IUH\DL\GK\surface-defect-detection\data\images\train\ksdd2_11280.png,False,0,229,646
train,ksdd2_11281,E:\Data (Drive)\IUH\DL\GK\surface-defect-detection\data\images\train\ksdd2_11281.png,False,0,231,643
train,ksdd2_11282,E:\Data (Drive)\IUH\DL\GK\surface-defect-detection\data\images\train\ksdd2_11282.png,True,1,228,630
train,ksdd2_11282_aug1,E:\Data (Drive)\IUH\DL\GK\surface-defect-detection\data\images\train\ksdd2_11282_aug1.png,True,1,228,630
train,ksdd2_11282_aug2,E:\Data (Drive)\IUH\DL\GK\surface-defect-detection\data\images\train\ksdd2_11282_aug2.png,True,1,228,630
train,ksdd2_11283,E:\Data (Drive)\IUH\DL\GK\surface-defect-detection\data\images\train\ksdd2_11283.png,False,0,229,631
train,ksdd2_11285,E:\Data (Drive)\IUH\DL\GK\surface-defect-detection\data\images\train\ksdd2_11285.png,False,0,232,642
train,ksdd2_11286,E:\Data (Drive)\IUH\DL\GK\surface-defect-detection\data\images\train\ksdd2_11286.png,False,0,213,653
train,ksdd2_11287,E:\Data (Drive)\IUH\DL\GK\surface-defect-detection\data\images\train\ksdd2_11287.png,False,0,225,634
train,ksdd2_11290,E:\Data (Drive)\IUH\DL\GK\surface-defect-detection\data\images\train\ksdd2_11290.png,False,0,232,640
train,ksdd2_11291,E:\Data (Drive)\IUH\DL\GK\surface-defect-detection\data\images\train\ksdd2_11291.png,False,0,233,645
train,ksdd2_11293,E:\Data (Drive)\IUH\DL\GK\surface-defect-detection\data\images\train\ksdd2_11293.png,False,0,226,628
train,ksdd2_11295,E:\Data (Drive)\IUH\DL\GK\surface-defect-detection\data\images\train\ksdd2_11295.png,False,0,232,631
train,ksdd2_11296,E:\Data (Drive)\IUH\DL\GK\surface-defect-detection\data\images\train\ksdd2_11296.png,False,0,227,644
train,ksdd2_11297,E:\Data (Drive)\IUH\DL\GK\surface-defect-detection\data\images\train\ksdd2_11297.png,False,0,226,640
train,ksdd2_11298,E:\Data (Drive)\IUH\DL\GK\surface-defect-detection\data\images\train\ksdd2_11298.png,False,0,232,650
train,ksdd2_11299,E:\Data (Drive)\IUH\DL\GK\surface-defect-detection\data\images\train\ksdd2_11299.png,True,1,231,640
train,ksdd2_11299_aug1,E:\Data (Drive)\IUH\DL\GK\surface-defect-detection\data\images\train\ksdd2_11299_aug1.png,True,1,231,640
train,ksdd2_11299_aug2,E:\Data (Drive)\IUH\DL\GK\surface-defect-detection\data\images\train\ksdd2_11299_aug2.png,True,1,231,640
train,ksdd2_11300,E:\Data (Drive)\IUH\DL\GK\surface-defect-detection\data\images\train\ksdd2_11300.png,False,0,228,642
train,ksdd2_11302,E:\Data (Drive)\IUH\DL\GK\surface-defect-detection\data\images\train\ksdd2_11302.png,False,0,229,640
train,ksdd2_11304,E:\Data (Drive)\IUH\DL\GK\surface-defect-detection\data\images\train\ksdd2_11304.png,False,0,223,628
train,ksdd2_11305,E:\Data (Drive)\IUH\DL\GK\surface-defect-detection\data\images\train\ksdd2_11305.png,False,0,232,630
train,ksdd2_11307,E:\Data (Drive)\IUH\DL\GK\surface-defect-detection\data\images\train\ksdd2_11307.png,False,0,229,631
train,ksdd2_11312,E:\Data (Drive)\IUH\DL\GK\surface-defect-detection\data\images\train\ksdd2_11312.png,False,0,231,632
train,ksdd2_11314,E:\Data (Drive)\IUH\DL\GK\surface-defect-detection\data\images\train\ksdd2_11314.png,False,0,228,631
train,ksdd2_11315,E:\Data (Drive)\IUH\DL\GK\surface-defect-detection\data\images\train\ksdd2_11315.png,True,1,226,655
train,ksdd2_11315_aug1,E:\Data (Drive)\IUH\DL\GK\surface-defect-detection\data\images\train\ksdd2_11315_aug1.png,True,1,226,655
train,ksdd2_11315_aug2,E:\Data (Drive)\IUH\DL\GK\surface-defect-detection\data\images\train\ksdd2_11315_aug2.png,True,1,226,655
train,ksdd2_11316,E:\Data (Drive)\IUH\DL\GK\surface-defect-detection\data\images\train\ksdd2_11316.png,False,0,224,632
train,ksdd2_11317,E:\Data (Drive)\IUH\DL\GK\surface-defect-detection\data\images\train\ksdd2_11317.png,False,0,234,630
train,ksdd2_11318,E:\Data (Drive)\IUH\DL\GK\surface-defect-detection\data\images\train\ksdd2_11318.png,False,0,229,639
train,ksdd2_11319,E:\Data (Drive)\IUH\DL\GK\surface-defect-detection\data\images\train\ksdd2_11319.png,False,0,228,643
train,ksdd2_11320,E:\Data (Drive)\IUH\DL\GK\surface-defect-detection\data\images\train\ksdd2_11320.png,False,0,225,638
train,ksdd2_11321,E:\Data (Drive)\IUH\DL\GK\surface-defect-detection\data\images\train\ksdd2_11321.png,False,0,232,627
train,ksdd2_11322,E:\Data (Drive)\IUH\DL\GK\surface-defect-detection\data\images\train\ksdd2_11322.png,False,0,234,643
train,ksdd2_11323,E:\Data (Drive)\IUH\DL\GK\surface-defect-detection\data\images\train\ksdd2_11323.png,False,0,228,632
train,ksdd2_11325,E:\Data (Drive)\IUH\DL\GK\surface-defect-detection\data\images\train\ksdd2_11325.png,False,0,232,638
train,ksdd2_11326,E:\Data (Drive)\IUH\DL\GK\surface-defect-detection\data\images\train\ksdd2_11326.png,False,0,234,633
train,ksdd2_11329,E:\Data (Drive)\IUH\DL\GK\surface-defect-detection\data\images\train\ksdd2_11329.png,False,0,220,634
train,ksdd2_11330,E:\Data (Drive)\IUH\DL\GK\surface-defect-detection\data\images\train\ksdd2_11330.png,False,0,221,638
train,ksdd2_11331,E:\Data (Drive)\IUH\DL\GK\surface-defect-detection\data\images\train\ksdd2_11331.png,False,0,228,629
train,ksdd2_11332,E:\Data (Drive)\IUH\DL\GK\surface-defect-detection\data\images\train\ksdd2_11332.png,False,0,238,628
train,ksdd2_11334,E:\Data (Drive)\IUH\DL\GK\surface-defect-detection\data\images\train\ksdd2_11334.png,False,0,234,637
train,ksdd2_11335,E:\Data (Drive)\IUH\DL\GK\surface-defect-detection\data\images\train\ksdd2_11335.png,False,0,227,641
train,ksdd2_11336,E:\Data (Drive)\IUH\DL\GK\surface-defect-detection\data\images\train\ksdd2_11336.png,False,0,230,630
train,ksdd2_11338,E:\Data (Drive)\IUH\DL\GK\surface-defect-detection\data\images\train\ksdd2_11338.png,False,0,228,640
train,ksdd2_11340,E:\Data (Drive)\IUH\DL\GK\surface-defect-detection\data\images\train\ksdd2_11340.png,False,0,230,645
train,ksdd2_11343,E:\Data (Drive)\IUH\DL\GK\surface-defect-detection\data\images\train\ksdd2_11343.png,False,0,232,652
train,ksdd2_11345,E:\Data (Drive)\IUH\DL\GK\surface-defect-detection\data\images\train\ksdd2_11345.png,False,0,229,632
train,ksdd2_11347,E:\Data (Drive)\IUH\DL\GK\surface-defect-detection\data\images\train\ksdd2_11347.png,False,0,226,627
train,ksdd2_11348,E:\Data (Drive)\IUH\DL\GK\surface-defect-detection\data\images\train\ksdd2_11348.png,False,0,231,640
train,ksdd2_11349,E:\Data (Drive)\IUH\DL\GK\surface-defect-detection\data\images\train\ksdd2_11349.png,False,0,234,635
train,ksdd2_11353,E:\Data (Drive)\IUH\DL\GK\surface-defect-detection\data\images\train\ksdd2_11353.png,False,0,235,636
train,ksdd2_11354,E:\Data (Drive)\IUH\DL\GK\surface-defect-detection\data\images\train\ksdd2_11354.png,False,0,228,633
train,ksdd2_11355,E:\Data (Drive)\IUH\DL\GK\surface-defect-detection\data\images\train\ksdd2_11355.png,False,0,230,638
train,ksdd2_11356,E:\Data (Drive)\IUH\DL\GK\surface-defect-detection\data\images\train\ksdd2_11356.png,False,0,233,639
train,ksdd2_11359,E:\Data (Drive)\IUH\DL\GK\surface-defect-detection\data\images\train\ksdd2_11359.png,False,0,222,629
train,ksdd2_11364,E:\Data (Drive)\IUH\DL\GK\surface-defect-detection\data\images\train\ksdd2_11364.png,True,1,237,650
train,ksdd2_11364_aug1,E:\Data (Drive)\IUH\DL\GK\surface-defect-detection\data\images\train\ksdd2_11364_aug1.png,True,1,237,650
train,ksdd2_11364_aug2,E:\Data (Drive)\IUH\DL\GK\surface-defect-detection\data\images\train\ksdd2_11364_aug2.png,True,1,237,650
train,ksdd2_11365,E:\Data (Drive)\IUH\DL\GK\surface-defect-detection\data\images\train\ksdd2_11365.png,False,0,234,633
train,ksdd2_11366,E:\Data (Drive)\IUH\DL\GK\surface-defect-detection\data\images\train\ksdd2_11366.png,False,0,232,632
train,ksdd2_11367,E:\Data (Drive)\IUH\DL\GK\surface-defect-detection\data\images\train\ksdd2_11367.png,False,0,231,633
train,ksdd2_11369,E:\Data (Drive)\IUH\DL\GK\surface-defect-detection\data\images\train\ksdd2_11369.png,False,0,230,633
train,ksdd2_11371,E:\Data (Drive)\IUH\DL\GK\surface-defect-detection\data\images\train\ksdd2_11371.png,False,0,228,648
train,ksdd2_11372,E:\Data (Drive)\IUH\DL\GK\surface-defect-detection\data\images\train\ksdd2_11372.png,False,0,226,639
train,ksdd2_11374,E:\Data (Drive)\IUH\DL\GK\surface-defect-detection\data\images\train\ksdd2_11374.png,False,0,230,635
train,ksdd2_11378,E:\Data (Drive)\IUH\DL\GK\surface-defect-detection\data\images\train\ksdd2_11378.png,False,0,229,633
train,ksdd2_11379,E:\Data (Drive)\IUH\DL\GK\surface-defect-detection\data\images\train\ksdd2_11379.png,False,0,228,630
train,ksdd2_11380,E:\Data (Drive)\IUH\DL\GK\surface-defect-detection\data\images\train\ksdd2_11380.png,False,0,237,639
train,ksdd2_11381,E:\Data (Drive)\IUH\DL\GK\surface-defect-detection\data\images\train\ksdd2_11381.png,False,0,229,635
train,ksdd2_11385,E:\Data (Drive)\IUH\DL\GK\surface-defect-detection\data\images\train\ksdd2_11385.png,False,0,230,641
train,ksdd2_11387,E:\Data (Drive)\IUH\DL\GK\surface-defect-detection\data\images\train\ksdd2_11387.png,False,0,234,645
train,ksdd2_11388,E:\Data (Drive)\IUH\DL\GK\surface-defect-detection\data\images\train\ksdd2_11388.png,True,1,234,633
train,ksdd2_11388_aug1,E:\Data (Drive)\IUH\DL\GK\surface-defect-detection\data\images\train\ksdd2_11388_aug1.png,True,1,234,633
train,ksdd2_11388_aug2,E:\Data (Drive)\IUH\DL\GK\surface-defect-detection\data\images\train\ksdd2_11388_aug2.png,True,1,234,633
train,ksdd2_11389,E:\Data (Drive)\IUH\DL\GK\surface-defect-detection\data\images\train\ksdd2_11389.png,False,0,216,632
train,ksdd2_11391,E:\Data (Drive)\IUH\DL\GK\surface-defect-detection\data\images\train\ksdd2_11391.png,False,0,232,638
train,ksdd2_11392,E:\Data (Drive)\IUH\DL\GK\surface-defect-detection\data\images\train\ksdd2_11392.png,False,0,232,642
train,ksdd2_11393,E:\Data (Drive)\IUH\DL\GK\surface-defect-detection\data\images\train\ksdd2_11393.png,False,0,222,627
train,ksdd2_11396,E:\Data (Drive)\IUH\DL\GK\surface-defect-detection\data\images\train\ksdd2_11396.png,False,0,229,624
train,ksdd2_11397,E:\Data (Drive)\IUH\DL\GK\surface-defect-detection\data\images\train\ksdd2_11397.png,False,0,230,629
train,ksdd2_11399,E:\Data (Drive)\IUH\DL\GK\surface-defect-detection\data\images\train\ksdd2_11399.png,False,0,234,646
train,ksdd2_11401,E:\Data (Drive)\IUH\DL\GK\surface-defect-detection\data\images\train\ksdd2_11401.png,False,0,228,631
train,ksdd2_11402,E:\Data (Drive)\IUH\DL\GK\surface-defect-detection\data\images\train\ksdd2_11402.png,False,0,230,636
train,ksdd2_11404,E:\Data (Drive)\IUH\DL\GK\surface-defect-detection\data\images\train\ksdd2_11404.png,True,1,227,636
train,ksdd2_11404_aug1,E:\Data (Drive)\IUH\DL\GK\surface-defect-detection\data\images\train\ksdd2_11404_aug1.png,True,1,227,636
train,ksdd2_11404_aug2,E:\Data (Drive)\IUH\DL\GK\surface-defect-detection\data\images\train\ksdd2_11404_aug2.png,True,1,227,636
train,ksdd2_11405,E:\Data (Drive)\IUH\DL\GK\surface-defect-detection\data\images\train\ksdd2_11405.png,False,0,219,636
train,ksdd2_11406,E:\Data (Drive)\IUH\DL\GK\surface-defect-detection\data\images\train\ksdd2_11406.png,False,0,237,643
train,ksdd2_11409,E:\Data (Drive)\IUH\DL\GK\surface-defect-detection\data\images\train\ksdd2_11409.png,False,0,231,634
train,ksdd2_11410,E:\Data (Drive)\IUH\DL\GK\surface-defect-detection\data\images\train\ksdd2_11410.png,False,0,236,648
train,ksdd2_11411,E:\Data (Drive)\IUH\DL\GK\surface-defect-detection\data\images\train\ksdd2_11411.png,False,0,238,642
train,ksdd2_11412,E:\Data (Drive)\IUH\DL\GK\surface-defect-detection\data\images\train\ksdd2_11412.png,False,0,231,637
train,ksdd2_11415,E:\Data (Drive)\IUH\DL\GK\surface-defect-detection\data\images\train\ksdd2_11415.png,False,0,234,643
train,ksdd2_11417,E:\Data (Drive)\IUH\DL\GK\surface-defect-detection\data\images\train\ksdd2_11417.png,True,1,229,634
train,ksdd2_11417_aug1,E:\Data (Drive)\IUH\DL\GK\surface-defect-detection\data\images\train\ksdd2_11417_aug1.png,True,1,229,634
train,ksdd2_11417_aug2,E:\Data (Drive)\IUH\DL\GK\surface-defect-detection\data\images\train\ksdd2_11417_aug2.png,True,1,229,634
train,ksdd2_11418,E:\Data (Drive)\IUH\DL\GK\surface-defect-detection\data\images\train\ksdd2_11418.png,False,0,226,630
train,ksdd2_11419,E:\Data (Drive)\IUH\DL\GK\surface-defect-detection\data\images\train\ksdd2_11419.png,False,0,240,642
train,ksdd2_11421,E:\Data (Drive)\IUH\DL\GK\surface-defect-detection\data\images\train\ksdd2_11421.png,False,0,228,631
train,ksdd2_11422,E:\Data (Drive)\IUH\DL\GK\surface-defect-detection\data\images\train\ksdd2_11422.png,False,0,239,640
train,ksdd2_11423,E:\Data (Drive)\IUH\DL\GK\surface-defect-detection\data\images\train\ksdd2_11423.png,False,0,226,640
train,ksdd2_11424,E:\Data (Drive)\IUH\DL\GK\surface-defect-detection\data\images\train\ksdd2_11424.png,False,0,228,640
train,ksdd2_11425,E:\Data (Drive)\IUH\DL\GK\surface-defect-detection\data\images\train\ksdd2_11425.png,False,0,235,637
train,ksdd2_11426,E:\Data (Drive)\IUH\DL\GK\surface-defect-detection\data\images\train\ksdd2_11426.png,False,0,230,640
train,ksdd2_11429,E:\Data (Drive)\IUH\DL\GK\surface-defect-detection\data\images\train\ksdd2_11429.png,False,0,226,636
train,ksdd2_11430,E:\Data (Drive)\IUH\DL\GK\surface-defect-detection\data\images\train\ksdd2_11430.png,True,1,230,629
train,ksdd2_11430_aug1,E:\Data (Drive)\IUH\DL\GK\surface-defect-detection\data\images\train\ksdd2_11430_aug1.png,True,1,230,629
train,ksdd2_11430_aug2,E:\Data (Drive)\IUH\DL\GK\surface-defect-detection\data\images\train\ksdd2_11430_aug2.png,True,1,230,629
train,ksdd2_11431,E:\Data (Drive)\IUH\DL\GK\surface-defect-detection\data\images\train\ksdd2_11431.png,False,0,230,636
train,ksdd2_11432,E:\Data (Drive)\IUH\DL\GK\surface-defect-detection\data\images\train\ksdd2_11432.png,True,1,231,640
train,ksdd2_11432_aug1,E:\Data (Drive)\IUH\DL\GK\surface-defect-detection\data\images\train\ksdd2_11432_aug1.png,True,1,231,640
train,ksdd2_11432_aug2,E:\Data (Drive)\IUH\DL\GK\surface-defect-detection\data\images\train\ksdd2_11432_aug2.png,True,1,231,640
train,ksdd2_11434,E:\Data (Drive)\IUH\DL\GK\surface-defect-detection\data\images\train\ksdd2_11434.png,False,0,229,628
train,ksdd2_11435,E:\Data (Drive)\IUH\DL\GK\surface-defect-detection\data\images\train\ksdd2_11435.png,False,0,226,625
train,ksdd2_11436,E:\Data (Drive)\IUH\DL\GK\surface-defect-detection\data\images\train\ksdd2_11436.png,False,0,224,637
train,ksdd2_11438,E:\Data (Drive)\IUH\DL\GK\surface-defect-detection\data\images\train\ksdd2_11438.png,False,0,226,634
train,ksdd2_11439,E:\Data (Drive)\IUH\DL\GK\surface-defect-detection\data\images\train\ksdd2_11439.png,False,0,228,644
train,ksdd2_11440,E:\Data (Drive)\IUH\DL\GK\surface-defect-detection\data\images\train\ksdd2_11440.png,False,0,228,643
train,ksdd2_11441,E:\Data (Drive)\IUH\DL\GK\surface-defect-detection\data\images\train\ksdd2_11441.png,False,0,232,631
train,ksdd2_11443,E:\Data (Drive)\IUH\DL\GK\surface-defect-detection\data\images\train\ksdd2_11443.png,False,0,234,638
train,ksdd2_11444,E:\Data (Drive)\IUH\DL\GK\surface-defect-detection\data\images\train\ksdd2_11444.png,True,3,235,647
train,ksdd2_11444_aug1,E:\Data (Drive)\IUH\DL\GK\surface-defect-detection\data\images\train\ksdd2_11444_aug1.png,True,3,235,647
train,ksdd2_11444_aug2,E:\Data (Drive)\IUH\DL\GK\surface-defect-detection\data\images\train\ksdd2_11444_aug2.png,True,3,235,647
train,ksdd2_11446,E:\Data (Drive)\IUH\DL\GK\surface-defect-detection\data\images\train\ksdd2_11446.png,False,0,227,636
train,ksdd2_11448,E:\Data (Drive)\IUH\DL\GK\surface-defect-detection\data\images\train\ksdd2_11448.png,False,0,224,630
train,ksdd2_11449,E:\Data (Drive)\IUH\DL\GK\surface-defect-detection\data\images\train\ksdd2_11449.png,False,0,228,638
train,ksdd2_11451,E:\Data (Drive)\IUH\DL\GK\surface-defect-detection\data\images\train\ksdd2_11451.png,False,0,227,647
train,ksdd2_11452,E:\Data (Drive)\IUH\DL\GK\surface-defect-detection\data\images\train\ksdd2_11452.png,False,0,234,643
train,ksdd2_11453,E:\Data (Drive)\IUH\DL\GK\surface-defect-detection\data\images\train\ksdd2_11453.png,False,0,233,653
train,ksdd2_11454,E:\Data (Drive)\IUH\DL\GK\surface-defect-detection\data\images\train\ksdd2_11454.png,False,0,212,634
train,ksdd2_11455,E:\Data (Drive)\IUH\DL\GK\surface-defect-detection\data\images\train\ksdd2_11455.png,False,0,234,644
train,ksdd2_11457,E:\Data (Drive)\IUH\DL\GK\surface-defect-detection\data\images\train\ksdd2_11457.png,False,0,233,632
train,ksdd2_11459,E:\Data (Drive)\IUH\DL\GK\surface-defect-detection\data\images\train\ksdd2_11459.png,False,0,224,625
train,ksdd2_11460,E:\Data (Drive)\IUH\DL\GK\surface-defect-detection\data\images\train\ksdd2_11460.png,False,0,232,634
train,ksdd2_11461,E:\Data (Drive)\IUH\DL\GK\surface-defect-detection\data\images\train\ksdd2_11461.png,False,0,232,653
train,ksdd2_11462,E:\Data (Drive)\IUH\DL\GK\surface-defect-detection\data\images\train\ksdd2_11462.png,False,0,233,640
train,ksdd2_11464,E:\Data (Drive)\IUH\DL\GK\surface-defect-detection\data\images\train\ksdd2_11464.png,False,0,223,620
train,ksdd2_11465,E:\Data (Drive)\IUH\DL\GK\surface-defect-detection\data\images\train\ksdd2_11465.png,False,0,232,639
train,ksdd2_11469,E:\Data (Drive)\IUH\DL\GK\surface-defect-detection\data\images\train\ksdd2_11469.png,False,0,226,631
train,ksdd2_11470,E:\Data (Drive)\IUH\DL\GK\surface-defect-detection\data\images\train\ksdd2_11470.png,False,0,227,640
train,ksdd2_11471,E:\Data (Drive)\IUH\DL\GK\surface-defect-detection\data\images\train\ksdd2_11471.png,False,0,227,640
train,ksdd2_11473,E:\Data (Drive)\IUH\DL\GK\surface-defect-detection\data\images\train\ksdd2_11473.png,False,0,232,635
train,ksdd2_11474,E:\Data (Drive)\IUH\DL\GK\surface-defect-detection\data\images\train\ksdd2_11474.png,False,0,231,627
train,ksdd2_11475,E:\Data (Drive)\IUH\DL\GK\surface-defect-detection\data\images\train\ksdd2_11475.png,False,0,224,625
train,ksdd2_11478,E:\Data (Drive)\IUH\DL\GK\surface-defect-detection\data\images\train\ksdd2_11478.png,False,0,231,650
train,ksdd2_11479,E:\Data (Drive)\IUH\DL\GK\surface-defect-detection\data\images\train\ksdd2_11479.png,False,0,227,633
train,ksdd2_11481,E:\Data (Drive)\IUH\DL\GK\surface-defect-detection\data\images\train\ksdd2_11481.png,True,1,227,632
train,ksdd2_11481_aug1,E:\Data (Drive)\IUH\DL\GK\surface-defect-detection\data\images\train\ksdd2_11481_aug1.png,True,1,227,632
train,ksdd2_11481_aug2,E:\Data (Drive)\IUH\DL\GK\surface-defect-detection\data\images\train\ksdd2_11481_aug2.png,True,1,227,632
train,ksdd2_11482,E:\Data (Drive)\IUH\DL\GK\surface-defect-detection\data\images\train\ksdd2_11482.png,True,1,235,632
train,ksdd2_11482_aug1,E:\Data (Drive)\IUH\DL\GK\surface-defect-detection\data\images\train\ksdd2_11482_aug1.png,True,1,235,632
train,ksdd2_11482_aug2,E:\Data (Drive)\IUH\DL\GK\surface-defect-detection\data\images\train\ksdd2_11482_aug2.png,True,1,235,632
train,ksdd2_11483,E:\Data (Drive)\IUH\DL\GK\surface-defect-detection\data\images\train\ksdd2_11483.png,False,0,231,643
train,ksdd2_11484,E:\Data (Drive)\IUH\DL\GK\surface-defect-detection\data\images\train\ksdd2_11484.png,False,0,226,629
train,ksdd2_11485,E:\Data (Drive)\IUH\DL\GK\surface-defect-detection\data\images\train\ksdd2_11485.png,False,0,227,625
train,ksdd2_11486,E:\Data (Drive)\IUH\DL\GK\surface-defect-detection\data\images\train\ksdd2_11486.png,False,0,230,635
train,ksdd2_11488,E:\Data (Drive)\IUH\DL\GK\surface-defect-detection\data\images\train\ksdd2_11488.png,False,0,234,642
train,ksdd2_11490,E:\Data (Drive)\IUH\DL\GK\surface-defect-detection\data\images\train\ksdd2_11490.png,False,0,231,629
train,ksdd2_11492,E:\Data (Drive)\IUH\DL\GK\surface-defect-detection\data\images\train\ksdd2_11492.png,False,0,226,635
train,ksdd2_11493,E:\Data (Drive)\IUH\DL\GK\surface-defect-detection\data\images\train\ksdd2_11493.png,False,0,227,645
train,ksdd2_11497,E:\Data (Drive)\IUH\DL\GK\surface-defect-detection\data\images\train\ksdd2_11497.png,False,0,233,650
train,ksdd2_11498,E:\Data (Drive)\IUH\DL\GK\surface-defect-detection\data\images\train\ksdd2_11498.png,False,0,231,643
train,ksdd2_11499,E:\Data (Drive)\IUH\DL\GK\surface-defect-detection\data\images\train\ksdd2_11499.png,False,0,231,643
train,ksdd2_11500,E:\Data (Drive)\IUH\DL\GK\surface-defect-detection\data\images\train\ksdd2_11500.png,True,1,226,630
train,ksdd2_11500_aug1,E:\Data (Drive)\IUH\DL\GK\surface-defect-detection\data\images\train\ksdd2_11500_aug1.png,True,1,226,630
train,ksdd2_11500_aug2,E:\Data (Drive)\IUH\DL\GK\surface-defect-detection\data\images\train\ksdd2_11500_aug2.png,True,1,226,630
train,ksdd2_11501,E:\Data (Drive)\IUH\DL\GK\surface-defect-detection\data\images\train\ksdd2_11501.png,False,0,227,636
train,ksdd2_11503,E:\Data (Drive)\IUH\DL\GK\surface-defect-detection\data\images\train\ksdd2_11503.png,False,0,234,645
train,ksdd2_11505,E:\Data (Drive)\IUH\DL\GK\surface-defect-detection\data\images\train\ksdd2_11505.png,False,0,229,643
train,ksdd2_11506,E:\Data (Drive)\IUH\DL\GK\surface-defect-detection\data\images\train\ksdd2_11506.png,True,1,226,634
train,ksdd2_11506_aug1,E:\Data (Drive)\IUH\DL\GK\surface-defect-detection\data\images\train\ksdd2_11506_aug1.png,True,1,226,634
train,ksdd2_11506_aug2,E:\Data (Drive)\IUH\DL\GK\surface-defect-detection\data\images\train\ksdd2_11506_aug2.png,True,1,226,634
train,ksdd2_11510,E:\Data (Drive)\IUH\DL\GK\surface-defect-detection\data\images\train\ksdd2_11510.png,False,0,228,644
train,ksdd2_11511,E:\Data (Drive)\IUH\DL\GK\surface-defect-detection\data\images\train\ksdd2_11511.png,False,0,231,644
train,ksdd2_11512,E:\Data (Drive)\IUH\DL\GK\surface-defect-detection\data\images\train\ksdd2_11512.png,True,1,229,642
train,ksdd2_11512_aug1,E:\Data (Drive)\IUH\DL\GK\surface-defect-detection\data\images\train\ksdd2_11512_aug1.png,True,1,229,642
train,ksdd2_11512_aug2,E:\Data (Drive)\IUH\DL\GK\surface-defect-detection\data\images\train\ksdd2_11512_aug2.png,True,1,229,642
train,ksdd2_11516,E:\Data (Drive)\IUH\DL\GK\surface-defect-detection\data\images\train\ksdd2_11516.png,False,0,230,638
train,ksdd2_11517,E:\Data (Drive)\IUH\DL\GK\surface-defect-detection\data\images\train\ksdd2_11517.png,False,0,224,626
train,ksdd2_11518,E:\Data (Drive)\IUH\DL\GK\surface-defect-detection\data\images\train\ksdd2_11518.png,False,0,232,645
train,ksdd2_11521,E:\Data (Drive)\IUH\DL\GK\surface-defect-detection\data\images\train\ksdd2_11521.png,False,0,231,639
train,ksdd2_11522,E:\Data (Drive)\IUH\DL\GK\surface-defect-detection\data\images\train\ksdd2_11522.png,False,0,235,642
train,ksdd2_11523,E:\Data (Drive)\IUH\DL\GK\surface-defect-detection\data\images\train\ksdd2_11523.png,False,0,234,647
train,ksdd2_11524,E:\Data (Drive)\IUH\DL\GK\surface-defect-detection\data\images\train\ksdd2_11524.png,False,0,230,629
train,ksdd2_11525,E:\Data (Drive)\IUH\DL\GK\surface-defect-detection\data\images\train\ksdd2_11525.png,False,0,228,647
train,ksdd2_11527,E:\Data (Drive)\IUH\DL\GK\surface-defect-detection\data\images\train\ksdd2_11527.png,False,0,228,630
train,ksdd2_11528,E:\Data (Drive)\IUH\DL\GK\surface-defect-detection\data\images\train\ksdd2_11528.png,False,0,231,642
train,ksdd2_11532,E:\Data (Drive)\IUH\DL\GK\surface-defect-detection\data\images\train\ksdd2_11532.png,False,0,206,636
train,ksdd2_11533,E:\Data (Drive)\IUH\DL\GK\surface-defect-detection\data\images\train\ksdd2_11533.png,False,0,221,635
train,ksdd2_11534,E:\Data (Drive)\IUH\DL\GK\surface-defect-detection\data\images\train\ksdd2_11534.png,False,0,227,642
train,ksdd2_11535,E:\Data (Drive)\IUH\DL\GK\surface-defect-detection\data\images\train\ksdd2_11535.png,False,0,221,646
train,ksdd2_11537,E:\Data (Drive)\IUH\DL\GK\surface-defect-detection\data\images\train\ksdd2_11537.png,False,0,227,629
train,ksdd2_11538,E:\Data (Drive)\IUH\DL\GK\surface-defect-detection\data\images\train\ksdd2_11538.png,False,0,233,634
train,ksdd2_11539,E:\Data (Drive)\IUH\DL\GK\surface-defect-detection\data\images\train\ksdd2_11539.png,False,0,230,630
train,ksdd2_11542,E:\Data (Drive)\IUH\DL\GK\surface-defect-detection\data\images\train\ksdd2_11542.png,False,0,232,638
train,ksdd2_11543,E:\Data (Drive)\IUH\DL\GK\surface-defect-detection\data\images\train\ksdd2_11543.png,True,1,230,630
train,ksdd2_11543_aug1,E:\Data (Drive)\IUH\DL\GK\surface-defect-detection\data\images\train\ksdd2_11543_aug1.png,True,1,230,630
train,ksdd2_11543_aug2,E:\Data (Drive)\IUH\DL\GK\surface-defect-detection\data\images\train\ksdd2_11543_aug2.png,True,1,230,630
train,ksdd2_11544,E:\Data (Drive)\IUH\DL\GK\surface-defect-detection\data\images\train\ksdd2_11544.png,False,0,237,635
train,ksdd2_11545,E:\Data (Drive)\IUH\DL\GK\surface-defect-detection\data\images\train\ksdd2_11545.png,False,0,236,646
train,ksdd2_11546,E:\Data (Drive)\IUH\DL\GK\surface-defect-detection\data\images\train\ksdd2_11546.png,False,0,229,643
train,ksdd2_11548,E:\Data (Drive)\IUH\DL\GK\surface-defect-detection\data\images\train\ksdd2_11548.png,False,0,235,641
train,ksdd2_11549,E:\Data (Drive)\IUH\DL\GK\surface-defect-detection\data\images\train\ksdd2_11549.png,True,3,216,634
train,ksdd2_11549_aug1,E:\Data (Drive)\IUH\DL\GK\surface-defect-detection\data\images\train\ksdd2_11549_aug1.png,True,3,216,634
train,ksdd2_11549_aug2,E:\Data (Drive)\IUH\DL\GK\surface-defect-detection\data\images\train\ksdd2_11549_aug2.png,True,3,216,634
train,ksdd2_11552,E:\Data (Drive)\IUH\DL\GK\surface-defect-detection\data\images\train\ksdd2_11552.png,False,0,233,644
train,ksdd2_11553,E:\Data (Drive)\IUH\DL\GK\surface-defect-detection\data\images\train\ksdd2_11553.png,True,1,229,630
train,ksdd2_11553_aug1,E:\Data (Drive)\IUH\DL\GK\surface-defect-detection\data\images\train\ksdd2_11553_aug1.png,True,1,229,630
train,ksdd2_11553_aug2,E:\Data (Drive)\IUH\DL\GK\surface-defect-detection\data\images\train\ksdd2_11553_aug2.png,True,1,229,630
train,ksdd2_11555,E:\Data (Drive)\IUH\DL\GK\surface-defect-detection\data\images\train\ksdd2_11555.png,False,0,226,636
train,ksdd2_11556,E:\Data (Drive)\IUH\DL\GK\surface-defect-detection\data\images\train\ksdd2_11556.png,False,0,227,631
train,ksdd2_11557,E:\Data (Drive)\IUH\DL\GK\surface-defect-detection\data\images\train\ksdd2_11557.png,False,0,225,632
train,ksdd2_11558,E:\Data (Drive)\IUH\DL\GK\surface-defect-detection\data\images\train\ksdd2_11558.png,False,0,230,632
train,ksdd2_11559,E:\Data (Drive)\IUH\DL\GK\surface-defect-detection\data\images\train\ksdd2_11559.png,False,0,235,644
train,ksdd2_11560,E:\Data (Drive)\IUH\DL\GK\surface-defect-detection\data\images\train\ksdd2_11560.png,False,0,232,646
train,ksdd2_11562,E:\Data (Drive)\IUH\DL\GK\surface-defect-detection\data\images\train\ksdd2_11562.png,False,0,235,641
train,ksdd2_11563,E:\Data (Drive)\IUH\DL\GK\surface-defect-detection\data\images\train\ksdd2_11563.png,False,0,231,636
train,ksdd2_11564,E:\Data (Drive)\IUH\DL\GK\surface-defect-detection\data\images\train\ksdd2_11564.png,False,0,229,639
train,ksdd2_11566,E:\Data (Drive)\IUH\DL\GK\surface-defect-detection\data\images\train\ksdd2_11566.png,False,0,230,648
train,ksdd2_11567,E:\Data (Drive)\IUH\DL\GK\surface-defect-detection\data\images\train\ksdd2_11567.png,False,0,229,636
train,ksdd2_11568,E:\Data (Drive)\IUH\DL\GK\surface-defect-detection\data\images\train\ksdd2_11568.png,True,1,230,640
train,ksdd2_11568_aug1,E:\Data (Drive)\IUH\DL\GK\surface-defect-detection\data\images\train\ksdd2_11568_aug1.png,True,1,230,640
train,ksdd2_11568_aug2,E:\Data (Drive)\IUH\DL\GK\surface-defect-detection\data\images\train\ksdd2_11568_aug2.png,True,1,230,640
train,ksdd2_11569,E:\Data (Drive)\IUH\DL\GK\surface-defect-detection\data\images\train\ksdd2_11569.png,False,0,231,642
train,ksdd2_11570,E:\Data (Drive)\IUH\DL\GK\surface-defect-detection\data\images\train\ksdd2_11570.png,False,0,229,634
train,ksdd2_11572,E:\Data (Drive)\IUH\DL\GK\surface-defect-detection\data\images\train\ksdd2_11572.png,False,0,228,637
train,ksdd2_11573,E:\Data (Drive)\IUH\DL\GK\surface-defect-detection\data\images\train\ksdd2_11573.png,True,1,233,642
train,ksdd2_11573_aug1,E:\Data (Drive)\IUH\DL\GK\surface-defect-detection\data\images\train\ksdd2_11573_aug1.png,True,1,233,642
train,ksdd2_11573_aug2,E:\Data (Drive)\IUH\DL\GK\surface-defect-detection\data\images\train\ksdd2_11573_aug2.png,True,1,233,642
train,ksdd2_11576,E:\Data (Drive)\IUH\DL\GK\surface-defect-detection\data\images\train\ksdd2_11576.png,False,0,231,634
train,ksdd2_11577,E:\Data (Drive)\IUH\DL\GK\surface-defect-detection\data\images\train\ksdd2_11577.png,False,0,224,632
train,ksdd2_11578,E:\Data (Drive)\IUH\DL\GK\surface-defect-detection\data\images\train\ksdd2_11578.png,False,0,231,637
train,ksdd2_11579,E:\Data (Drive)\IUH\DL\GK\surface-defect-detection\data\images\train\ksdd2_11579.png,False,0,229,636
train,ksdd2_11580,E:\Data (Drive)\IUH\DL\GK\surface-defect-detection\data\images\train\ksdd2_11580.png,False,0,229,639
train,ksdd2_11581,E:\Data (Drive)\IUH\DL\GK\surface-defect-detection\data\images\train\ksdd2_11581.png,False,0,230,637
train,ksdd2_11583,E:\Data (Drive)\IUH\DL\GK\surface-defect-detection\data\images\train\ksdd2_11583.png,False,0,230,652
train,ksdd2_11584,E:\Data (Drive)\IUH\DL\GK\surface-defect-detection\data\images\train\ksdd2_11584.png,True,1,228,639
train,ksdd2_11584_aug1,E:\Data (Drive)\IUH\DL\GK\surface-defect-detection\data\images\train\ksdd2_11584_aug1.png,True,1,228,639
train,ksdd2_11584_aug2,E:\Data (Drive)\IUH\DL\GK\surface-defect-detection\data\images\train\ksdd2_11584_aug2.png,True,1,228,639
train,ksdd2_11585,E:\Data (Drive)\IUH\DL\GK\surface-defect-detection\data\images\train\ksdd2_11585.png,True,1,224,631
train,ksdd2_11585_aug1,E:\Data (Drive)\IUH\DL\GK\surface-defect-detection\data\images\train\ksdd2_11585_aug1.png,True,1,224,631
train,ksdd2_11585_aug2,E:\Data (Drive)\IUH\DL\GK\surface-defect-detection\data\images\train\ksdd2_11585_aug2.png,True,1,224,631
train,ksdd2_11586,E:\Data (Drive)\IUH\DL\GK\surface-defect-detection\data\images\train\ksdd2_11586.png,False,0,229,639
train,ksdd2_11588,E:\Data (Drive)\IUH\DL\GK\surface-defect-detection\data\images\train\ksdd2_11588.png,False,0,221,634
train,ksdd2_11589,E:\Data (Drive)\IUH\DL\GK\surface-defect-detection\data\images\train\ksdd2_11589.png,False,0,231,635
train,ksdd2_11590,E:\Data (Drive)\IUH\DL\GK\surface-defect-detection\data\images\train\ksdd2_11590.png,True,1,227,643
train,ksdd2_11590_aug1,E:\Data (Drive)\IUH\DL\GK\surface-defect-detection\data\images\train\ksdd2_11590_aug1.png,True,1,227,643
train,ksdd2_11590_aug2,E:\Data (Drive)\IUH\DL\GK\surface-defect-detection\data\images\train\ksdd2_11590_aug2.png,True,1,227,643
train,ksdd2_11591,E:\Data (Drive)\IUH\DL\GK\surface-defect-detection\data\images\train\ksdd2_11591.png,False,0,227,628
train,ksdd2_11592,E:\Data (Drive)\IUH\DL\GK\surface-defect-detection\data\images\train\ksdd2_11592.png,False,0,229,645
train,ksdd2_11593,E:\Data (Drive)\IUH\DL\GK\surface-defect-detection\data\images\train\ksdd2_11593.png,False,0,234,637
train,ksdd2_11594,E:\Data (Drive)\IUH\DL\GK\surface-defect-detection\data\images\train\ksdd2_11594.png,False,0,213,660
train,ksdd2_11597,E:\Data (Drive)\IUH\DL\GK\surface-defect-detection\data\images\train\ksdd2_11597.png,False,0,233,641
train,ksdd2_11598,E:\Data (Drive)\IUH\DL\GK\surface-defect-detection\data\images\train\ksdd2_11598.png,False,0,230,633
train,ksdd2_11599,E:\Data (Drive)\IUH\DL\GK\surface-defect-detection\data\images\train\ksdd2_11599.png,False,0,229,630
train,ksdd2_11600,E:\Data (Drive)\IUH\DL\GK\surface-defect-detection\data\images\train\ksdd2_11600.png,False,0,232,642
train,ksdd2_11601,E:\Data (Drive)\IUH\DL\GK\surface-defect-detection\data\images\train\ksdd2_11601.png,True,1,233,643
train,ksdd2_11601_aug1,E:\Data (Drive)\IUH\DL\GK\surface-defect-detection\data\images\train\ksdd2_11601_aug1.png,True,1,233,643
train,ksdd2_11601_aug2,E:\Data (Drive)\IUH\DL\GK\surface-defect-detection\data\images\train\ksdd2_11601_aug2.png,True,1,233,643
train,ksdd2_11603,E:\Data (Drive)\IUH\DL\GK\surface-defect-detection\data\images\train\ksdd2_11603.png,False,0,232,632
train,ksdd2_11606,E:\Data (Drive)\IUH\DL\GK\surface-defect-detection\data\images\train\ksdd2_11606.png,False,0,229,641
train,ksdd2_11608,E:\Data (Drive)\IUH\DL\GK\surface-defect-detection\data\images\train\ksdd2_11608.png,False,0,228,647
train,ksdd2_11609,E:\Data (Drive)\IUH\DL\GK\surface-defect-detection\data\images\train\ksdd2_11609.png,False,0,222,625
train,ksdd2_11610,E:\Data (Drive)\IUH\DL\GK\surface-defect-detection\data\images\train\ksdd2_11610.png,False,0,233,644
train,ksdd2_11611,E:\Data (Drive)\IUH\DL\GK\surface-defect-detection\data\images\train\ksdd2_11611.png,False,0,230,634
train,ksdd2_11614,E:\Data (Drive)\IUH\DL\GK\surface-defect-detection\data\images\train\ksdd2_11614.png,False,0,228,638
train,ksdd2_11615,E:\Data (Drive)\IUH\DL\GK\surface-defect-detection\data\images\train\ksdd2_11615.png,False,0,229,639
train,ksdd2_11616,E:\Data (Drive)\IUH\DL\GK\surface-defect-detection\data\images\train\ksdd2_11616.png,True,1,232,641
train,ksdd2_11616_aug1,E:\Data (Drive)\IUH\DL\GK\surface-defect-detection\data\images\train\ksdd2_11616_aug1.png,True,1,232,641
train,ksdd2_11616_aug2,E:\Data (Drive)\IUH\DL\GK\surface-defect-detection\data\images\train\ksdd2_11616_aug2.png,True,1,232,641
train,ksdd2_11617,E:\Data (Drive)\IUH\DL\GK\surface-defect-detection\data\images\train\ksdd2_11617.png,False,0,233,635
train,ksdd2_11618,E:\Data (Drive)\IUH\DL\GK\surface-defect-detection\data\images\train\ksdd2_11618.png,False,0,230,638
train,ksdd2_11620,E:\Data (Drive)\IUH\DL\GK\surface-defect-detection\data\images\train\ksdd2_11620.png,False,0,234,643
train,ksdd2_11621,E:\Data (Drive)\IUH\DL\GK\surface-defect-detection\data\images\train\ksdd2_11621.png,False,0,228,633
train,ksdd2_11622,E:\Data (Drive)\IUH\DL\GK\surface-defect-detection\data\images\train\ksdd2_11622.png,False,0,237,635
train,ksdd2_11623,E:\Data (Drive)\IUH\DL\GK\surface-defect-detection\data\images\train\ksdd2_11623.png,False,0,232,640
train,ksdd2_11624,E:\Data (Drive)\IUH\DL\GK\surface-defect-detection\data\images\train\ksdd2_11624.png,False,0,233,630
train,ksdd2_11625,E:\Data (Drive)\IUH\DL\GK\surface-defect-detection\data\images\train\ksdd2_11625.png,False,0,230,636
train,ksdd2_11626,E:\Data (Drive)\IUH\DL\GK\surface-defect-detection\data\images\train\ksdd2_11626.png,False,0,222,635
train,ksdd2_11627,E:\Data (Drive)\IUH\DL\GK\surface-defect-detection\data\images\train\ksdd2_11627.png,False,0,229,645
train,ksdd2_11628,E:\Data (Drive)\IUH\DL\GK\surface-defect-detection\data\images\train\ksdd2_11628.png,False,0,229,637
train,ksdd2_11629,E:\Data (Drive)\IUH\DL\GK\surface-defect-detection\data\images\train\ksdd2_11629.png,True,2,228,638
train,ksdd2_11629_aug1,E:\Data (Drive)\IUH\DL\GK\surface-defect-detection\data\images\train\ksdd2_11629_aug1.png,True,2,228,638
train,ksdd2_11629_aug2,E:\Data (Drive)\IUH\DL\GK\surface-defect-detection\data\images\train\ksdd2_11629_aug2.png,True,2,228,638
train,ksdd2_11630,E:\Data (Drive)\IUH\DL\GK\surface-defect-detection\data\images\train\ksdd2_11630.png,False,0,229,636
train,ksdd2_11631,E:\Data (Drive)\IUH\DL\GK\surface-defect-detection\data\images\train\ksdd2_11631.png,False,0,227,637
train,ksdd2_11632,E:\Data (Drive)\IUH\DL\GK\surface-defect-detection\data\images\train\ksdd2_11632.png,True,1,231,638
train,ksdd2_11632_aug1,E:\Data (Drive)\IUH\DL\GK\surface-defect-detection\data\images\train\ksdd2_11632_aug1.png,True,1,231,638
train,ksdd2_11632_aug2,E:\Data (Drive)\IUH\DL\GK\surface-defect-detection\data\images\train\ksdd2_11632_aug2.png,True,1,231,638
train,ksdd2_11634,E:\Data (Drive)\IUH\DL\GK\surface-defect-detection\data\images\train\ksdd2_11634.png,False,0,228,637
train,ksdd2_11635,E:\Data (Drive)\IUH\DL\GK\surface-defect-detection\data\images\train\ksdd2_11635.png,False,0,227,634
train,ksdd2_11639,E:\Data (Drive)\IUH\DL\GK\surface-defect-detection\data\images\train\ksdd2_11639.png,False,0,222,637
train,ksdd2_11640,E:\Data (Drive)\IUH\DL\GK\surface-defect-detection\data\images\train\ksdd2_11640.png,False,0,225,640
train,ksdd2_11641,E:\Data (Drive)\IUH\DL\GK\surface-defect-detection\data\images\train\ksdd2_11641.png,True,2,231,635
train,ksdd2_11641_aug1,E:\Data (Drive)\IUH\DL\GK\surface-defect-detection\data\images\train\ksdd2_11641_aug1.png,True,2,231,635
train,ksdd2_11641_aug2,E:\Data (Drive)\IUH\DL\GK\surface-defect-detection\data\images\train\ksdd2_11641_aug2.png,True,2,231,635
train,ksdd2_11642,E:\Data (Drive)\IUH\DL\GK\surface-defect-detection\data\images\train\ksdd2_11642.png,True,1,233,638
train,ksdd2_11642_aug1,E:\Data (Drive)\IUH\DL\GK\surface-defect-detection\data\images\train\ksdd2_11642_aug1.png,True,1,233,638
train,ksdd2_11642_aug2,E:\Data (Drive)\IUH\DL\GK\surface-defect-detection\data\images\train\ksdd2_11642_aug2.png,True,1,233,638
train,ksdd2_11644,E:\Data (Drive)\IUH\DL\GK\surface-defect-detection\data\images\train\ksdd2_11644.png,False,0,227,642
train,ksdd2_11645,E:\Data (Drive)\IUH\DL\GK\surface-defect-detection\data\images\train\ksdd2_11645.png,False,0,232,643
train,ksdd2_11646,E:\Data (Drive)\IUH\DL\GK\surface-defect-detection\data\images\train\ksdd2_11646.png,False,0,226,626
train,ksdd2_11647,E:\Data (Drive)\IUH\DL\GK\surface-defect-detection\data\images\train\ksdd2_11647.png,False,0,224,629
train,ksdd2_11648,E:\Data (Drive)\IUH\DL\GK\surface-defect-detection\data\images\train\ksdd2_11648.png,False,0,231,634
train,ksdd2_11650,E:\Data (Drive)\IUH\DL\GK\surface-defect-detection\data\images\train\ksdd2_11650.png,False,0,232,635
train,ksdd2_11651,E:\Data (Drive)\IUH\DL\GK\surface-defect-detection\data\images\train\ksdd2_11651.png,False,0,231,635
train,ksdd2_11653,E:\Data (Drive)\IUH\DL\GK\surface-defect-detection\data\images\train\ksdd2_11653.png,False,0,229,627
train,ksdd2_11655,E:\Data (Drive)\IUH\DL\GK\surface-defect-detection\data\images\train\ksdd2_11655.png,False,0,231,639
train,ksdd2_11657,E:\Data (Drive)\IUH\DL\GK\surface-defect-detection\data\images\train\ksdd2_11657.png,False,0,233,646
train,ksdd2_11658,E:\Data (Drive)\IUH\DL\GK\surface-defect-detection\data\images\train\ksdd2_11658.png,True,1,228,638
train,ksdd2_11658_aug1,E:\Data (Drive)\IUH\DL\GK\surface-defect-detection\data\images\train\ksdd2_11658_aug1.png,True,1,228,638
train,ksdd2_11658_aug2,E:\Data (Drive)\IUH\DL\GK\surface-defect-detection\data\images\train\ksdd2_11658_aug2.png,True,1,228,638
train,ksdd2_11659,E:\Data (Drive)\IUH\DL\GK\surface-defect-detection\data\images\train\ksdd2_11659.png,False,0,232,634
train,ksdd2_11660,E:\Data (Drive)\IUH\DL\GK\surface-defect-detection\data\images\train\ksdd2_11660.png,False,0,228,633
train,ksdd2_11661,E:\Data (Drive)\IUH\DL\GK\surface-defect-detection\data\images\train\ksdd2_11661.png,False,0,232,638
train,ksdd2_11663,E:\Data (Drive)\IUH\DL\GK\surface-defect-detection\data\images\train\ksdd2_11663.png,False,0,230,634
train,ksdd2_11665,E:\Data (Drive)\IUH\DL\GK\surface-defect-detection\data\images\train\ksdd2_11665.png,False,0,228,636
train,ksdd2_11668,E:\Data (Drive)\IUH\DL\GK\surface-defect-detection\data\images\train\ksdd2_11668.png,False,0,231,633
train,ksdd2_11669,E:\Data (Drive)\IUH\DL\GK\surface-defect-detection\data\images\train\ksdd2_11669.png,True,1,233,647
train,ksdd2_11669_aug1,E:\Data (Drive)\IUH\DL\GK\surface-defect-detection\data\images\train\ksdd2_11669_aug1.png,True,1,233,647
train,ksdd2_11669_aug2,E:\Data (Drive)\IUH\DL\GK\surface-defect-detection\data\images\train\ksdd2_11669_aug2.png,True,1,233,647
train,ksdd2_11671,E:\Data (Drive)\IUH\DL\GK\surface-defect-detection\data\images\train\ksdd2_11671.png,False,0,226,634
train,ksdd2_11672,E:\Data (Drive)\IUH\DL\GK\surface-defect-detection\data\images\train\ksdd2_11672.png,False,0,230,637
train,ksdd2_11674,E:\Data (Drive)\IUH\DL\GK\surface-defect-detection\data\images\train\ksdd2_11674.png,False,0,230,636
train,ksdd2_11675,E:\Data (Drive)\IUH\DL\GK\surface-defect-detection\data\images\train\ksdd2_11675.png,False,0,225,639
train,ksdd2_11676,E:\Data (Drive)\IUH\DL\GK\surface-defect-detection\data\images\train\ksdd2_11676.png,False,0,233,640
train,ksdd2_11677,E:\Data (Drive)\IUH\DL\GK\surface-defect-detection\data\images\train\ksdd2_11677.png,False,0,233,647
train,ksdd2_11678,E:\Data (Drive)\IUH\DL\GK\surface-defect-detection\data\images\train\ksdd2_11678.png,False,0,232,637
train,ksdd2_11680,E:\Data (Drive)\IUH\DL\GK\surface-defect-detection\data\images\train\ksdd2_11680.png,False,0,234,638
train,ksdd2_11681,E:\Data (Drive)\IUH\DL\GK\surface-defect-detection\data\images\train\ksdd2_11681.png,False,0,231,644
train,ksdd2_11682,E:\Data (Drive)\IUH\DL\GK\surface-defect-detection\data\images\train\ksdd2_11682.png,False,0,234,636
train,ksdd2_11683,E:\Data (Drive)\IUH\DL\GK\surface-defect-detection\data\images\train\ksdd2_11683.png,False,0,224,638
train,ksdd2_11688,E:\Data (Drive)\IUH\DL\GK\surface-defect-detection\data\images\train\ksdd2_11688.png,False,0,232,647
train,ksdd2_11689,E:\Data (Drive)\IUH\DL\GK\surface-defect-detection\data\images\train\ksdd2_11689.png,False,0,229,642
train,ksdd2_11690,E:\Data (Drive)\IUH\DL\GK\surface-defect-detection\data\images\train\ksdd2_11690.png,False,0,232,634
train,ksdd2_11691,E:\Data (Drive)\IUH\DL\GK\surface-defect-detection\data\images\train\ksdd2_11691.png,False,0,231,643
train,ksdd2_11693,E:\Data (Drive)\IUH\DL\GK\surface-defect-detection\data\images\train\ksdd2_11693.png,False,0,229,634
train,ksdd2_11695,E:\Data (Drive)\IUH\DL\GK\surface-defect-detection\data\images\train\ksdd2_11695.png,True,1,202,640
train,ksdd2_11695_aug1,E:\Data (Drive)\IUH\DL\GK\surface-defect-detection\data\images\train\ksdd2_11695_aug1.png,True,1,202,640
train,ksdd2_11695_aug2,E:\Data (Drive)\IUH\DL\GK\surface-defect-detection\data\images\train\ksdd2_11695_aug2.png,True,1,202,640
train,ksdd2_11696,E:\Data (Drive)\IUH\DL\GK\surface-defect-detection\data\images\train\ksdd2_11696.png,False,0,227,626
train,ksdd2_11698,E:\Data (Drive)\IUH\DL\GK\surface-defect-detection\data\images\train\ksdd2_11698.png,False,0,229,648
train,ksdd2_11699,E:\Data (Drive)\IUH\DL\GK\surface-defect-detection\data\images\train\ksdd2_11699.png,False,0,228,649
train,ksdd2_11700,E:\Data (Drive)\IUH\DL\GK\surface-defect-detection\data\images\train\ksdd2_11700.png,False,0,227,635
train,ksdd2_11701,E:\Data (Drive)\IUH\DL\GK\surface-defect-detection\data\images\train\ksdd2_11701.png,False,0,224,644
train,ksdd2_11702,E:\Data (Drive)\IUH\DL\GK\surface-defect-detection\data\images\train\ksdd2_11702.png,False,0,228,634
train,ksdd2_11703,E:\Data (Drive)\IUH\DL\GK\surface-defect-detection\data\images\train\ksdd2_11703.png,False,0,229,638
train,ksdd2_11704,E:\Data (Drive)\IUH\DL\GK\surface-defect-detection\data\images\train\ksdd2_11704.png,False,0,232,642
train,ksdd2_11705,E:\Data (Drive)\IUH\DL\GK\surface-defect-detection\data\images\train\ksdd2_11705.png,False,0,234,636
train,ksdd2_11706,E:\Data (Drive)\IUH\DL\GK\surface-defect-detection\data\images\train\ksdd2_11706.png,False,0,229,635
train,ksdd2_11707,E:\Data (Drive)\IUH\DL\GK\surface-defect-detection\data\images\train\ksdd2_11707.png,False,0,228,634
train,ksdd2_11708,E:\Data (Drive)\IUH\DL\GK\surface-defect-detection\data\images\train\ksdd2_11708.png,False,0,233,640
train,ksdd2_11709,E:\Data (Drive)\IUH\DL\GK\surface-defect-detection\data\images\train\ksdd2_11709.png,False,0,210,631
train,ksdd2_11710,E:\Data (Drive)\IUH\DL\GK\surface-defect-detection\data\images\train\ksdd2_11710.png,False,0,210,634
train,ksdd2_11711,E:\Data (Drive)\IUH\DL\GK\surface-defect-detection\data\images\train\ksdd2_11711.png,True,1,235,644
train,ksdd2_11711_aug1,E:\Data (Drive)\IUH\DL\GK\surface-defect-detection\data\images\train\ksdd2_11711_aug1.png,True,1,235,644
train,ksdd2_11711_aug2,E:\Data (Drive)\IUH\DL\GK\surface-defect-detection\data\images\train\ksdd2_11711_aug2.png,True,1,235,644
train,ksdd2_11713,E:\Data (Drive)\IUH\DL\GK\surface-defect-detection\data\images\train\ksdd2_11713.png,True,1,229,637
train,ksdd2_11713_aug1,E:\Data (Drive)\IUH\DL\GK\surface-defect-detection\data\images\train\ksdd2_11713_aug1.png,True,1,229,637
train,ksdd2_11713_aug2,E:\Data (Drive)\IUH\DL\GK\surface-defect-detection\data\images\train\ksdd2_11713_aug2.png,True,1,229,637
train,ksdd2_11714,E:\Data (Drive)\IUH\DL\GK\surface-defect-detection\data\images\train\ksdd2_11714.png,False,0,240,644
train,ksdd2_11716,E:\Data (Drive)\IUH\DL\GK\surface-defect-detection\data\images\train\ksdd2_11716.png,False,0,231,644
train,ksdd2_11717,E:\Data (Drive)\IUH\DL\GK\surface-defect-detection\data\images\train\ksdd2_11717.png,False,0,202,635
train,ksdd2_11718,E:\Data (Drive)\IUH\DL\GK\surface-defect-detection\data\images\train\ksdd2_11718.png,False,0,225,632
train,ksdd2_11719,E:\Data (Drive)\IUH\DL\GK\surface-defect-detection\data\images\train\ksdd2_11719.png,False,0,233,642
train,ksdd2_11720,E:\Data (Drive)\IUH\DL\GK\surface-defect-detection\data\images\train\ksdd2_11720.png,False,0,216,633
train,ksdd2_11721,E:\Data (Drive)\IUH\DL\GK\surface-defect-detection\data\images\train\ksdd2_11721.png,False,0,228,638
train,ksdd2_11722,E:\Data (Drive)\IUH\DL\GK\surface-defect-detection\data\images\train\ksdd2_11722.png,False,0,229,642
train,ksdd2_11724,E:\Data (Drive)\IUH\DL\GK\surface-defect-detection\data\images\train\ksdd2_11724.png,False,0,233,633
train,ksdd2_11725,E:\Data (Drive)\IUH\DL\GK\surface-defect-detection\data\images\train\ksdd2_11725.png,False,0,228,637
train,ksdd2_11726,E:\Data (Drive)\IUH\DL\GK\surface-defect-detection\data\images\train\ksdd2_11726.png,False,0,230,643
train,ksdd2_11727,E:\Data (Drive)\IUH\DL\GK\surface-defect-detection\data\images\train\ksdd2_11727.png,False,0,231,637
train,ksdd2_11728,E:\Data (Drive)\IUH\DL\GK\surface-defect-detection\data\images\train\ksdd2_11728.png,False,0,233,637
train,ksdd2_11729,E:\Data (Drive)\IUH\DL\GK\surface-defect-detection\data\images\train\ksdd2_11729.png,False,0,229,635
train,ksdd2_11731,E:\Data (Drive)\IUH\DL\GK\surface-defect-detection\data\images\train\ksdd2_11731.png,False,0,226,641
train,ksdd2_11732,E:\Data (Drive)\IUH\DL\GK\surface-defect-detection\data\images\train\ksdd2_11732.png,False,0,232,643
train,ksdd2_11733,E:\Data (Drive)\IUH\DL\GK\surface-defect-detection\data\images\train\ksdd2_11733.png,False,0,232,643
train,ksdd2_11735,E:\Data (Drive)\IUH\DL\GK\surface-defect-detection\data\images\train\ksdd2_11735.png,False,0,224,630
train,ksdd2_11737,E:\Data (Drive)\IUH\DL\GK\surface-defect-detection\data\images\train\ksdd2_11737.png,False,0,208,649
train,ksdd2_11739,E:\Data (Drive)\IUH\DL\GK\surface-defect-detection\data\images\train\ksdd2_11739.png,True,1,214,639
train,ksdd2_11739_aug1,E:\Data (Drive)\IUH\DL\GK\surface-defect-detection\data\images\train\ksdd2_11739_aug1.png,True,1,214,639
train,ksdd2_11739_aug2,E:\Data (Drive)\IUH\DL\GK\surface-defect-detection\data\images\train\ksdd2_11739_aug2.png,True,1,214,639
train,ksdd2_11742,E:\Data (Drive)\IUH\DL\GK\surface-defect-detection\data\images\train\ksdd2_11742.png,False,0,233,638
train,ksdd2_11743,E:\Data (Drive)\IUH\DL\GK\surface-defect-detection\data\images\train\ksdd2_11743.png,False,0,220,643
train,ksdd2_11744,E:\Data (Drive)\IUH\DL\GK\surface-defect-detection\data\images\train\ksdd2_11744.png,False,0,227,628
train,ksdd2_11747,E:\Data (Drive)\IUH\DL\GK\surface-defect-detection\data\images\train\ksdd2_11747.png,False,0,230,640
train,ksdd2_11749,E:\Data (Drive)\IUH\DL\GK\surface-defect-detection\data\images\train\ksdd2_11749.png,False,0,231,637
train,ksdd2_11750,E:\Data (Drive)\IUH\DL\GK\surface-defect-detection\data\images\train\ksdd2_11750.png,True,1,228,639
train,ksdd2_11750_aug1,E:\Data (Drive)\IUH\DL\GK\surface-defect-detection\data\images\train\ksdd2_11750_aug1.png,True,1,228,639
train,ksdd2_11750_aug2,E:\Data (Drive)\IUH\DL\GK\surface-defect-detection\data\images\train\ksdd2_11750_aug2.png,True,1,228,639
train,ksdd2_11751,E:\Data (Drive)\IUH\DL\GK\surface-defect-detection\data\images\train\ksdd2_11751.png,False,0,226,634
train,ksdd2_11754,E:\Data (Drive)\IUH\DL\GK\surface-defect-detection\data\images\train\ksdd2_11754.png,False,0,229,640
train,ksdd2_11756,E:\Data (Drive)\IUH\DL\GK\surface-defect-detection\data\images\train\ksdd2_11756.png,False,0,232,643
train,ksdd2_11758,E:\Data (Drive)\IUH\DL\GK\surface-defect-detection\data\images\train\ksdd2_11758.png,False,0,234,635
train,ksdd2_11760,E:\Data (Drive)\IUH\DL\GK\surface-defect-detection\data\images\train\ksdd2_11760.png,False,0,233,635
train,ksdd2_11761,E:\Data (Drive)\IUH\DL\GK\surface-defect-detection\data\images\train\ksdd2_11761.png,False,0,225,630
train,ksdd2_11762,E:\Data (Drive)\IUH\DL\GK\surface-defect-detection\data\images\train\ksdd2_11762.png,False,0,232,632
train,ksdd2_11764,E:\Data (Drive)\IUH\DL\GK\surface-defect-detection\data\images\train\ksdd2_11764.png,False,0,233,640
train,ksdd2_11765,E:\Data (Drive)\IUH\DL\GK\surface-defect-detection\data\images\train\ksdd2_11765.png,False,0,231,636
train,ksdd2_11766,E:\Data (Drive)\IUH\DL\GK\surface-defect-detection\data\images\train\ksdd2_11766.png,False,0,232,635
train,ksdd2_11767,E:\Data (Drive)\IUH\DL\GK\surface-defect-detection\data\images\train\ksdd2_11767.png,False,0,225,632
train,ksdd2_11768,E:\Data (Drive)\IUH\DL\GK\surface-defect-detection\data\images\train\ksdd2_11768.png,False,0,231,632
train,ksdd2_11769,E:\Data (Drive)\IUH\DL\GK\surface-defect-detection\data\images\train\ksdd2_11769.png,False,0,235,633
train,ksdd2_11770,E:\Data (Drive)\IUH\DL\GK\surface-defect-detection\data\images\train\ksdd2_11770.png,True,1,224,632
train,ksdd2_11770_aug1,E:\Data (Drive)\IUH\DL\GK\surface-defect-detection\data\images\train\ksdd2_11770_aug1.png,True,1,224,632
train,ksdd2_11770_aug2,E:\Data (Drive)\IUH\DL\GK\surface-defect-detection\data\images\train\ksdd2_11770_aug2.png,True,1,224,632
train,ksdd2_11771,E:\Data (Drive)\IUH\DL\GK\surface-defect-detection\data\images\train\ksdd2_11771.png,False,0,230,640
train,ksdd2_11772,E:\Data (Drive)\IUH\DL\GK\surface-defect-detection\data\images\train\ksdd2_11772.png,False,0,229,641
train,ksdd2_11773,E:\Data (Drive)\IUH\DL\GK\surface-defect-detection\data\images\train\ksdd2_11773.png,False,0,229,636
train,ksdd2_11777,E:\Data (Drive)\IUH\DL\GK\surface-defect-detection\data\images\train\ksdd2_11777.png,False,0,228,633
train,ksdd2_11778,E:\Data (Drive)\IUH\DL\GK\surface-defect-detection\data\images\train\ksdd2_11778.png,False,0,228,629
train,ksdd2_11780,E:\Data (Drive)\IUH\DL\GK\surface-defect-detection\data\images\train\ksdd2_11780.png,False,0,228,637
train,ksdd2_11782,E:\Data (Drive)\IUH\DL\GK\surface-defect-detection\data\images\train\ksdd2_11782.png,False,0,228,627
train,ksdd2_11783,E:\Data (Drive)\IUH\DL\GK\surface-defect-detection\data\images\train\ksdd2_11783.png,False,0,233,644
train,ksdd2_11784,E:\Data (Drive)\IUH\DL\GK\surface-defect-detection\data\images\train\ksdd2_11784.png,False,0,230,639
train,ksdd2_11785,E:\Data (Drive)\IUH\DL\GK\surface-defect-detection\data\images\train\ksdd2_11785.png,False,0,232,629
train,ksdd2_11786,E:\Data (Drive)\IUH\DL\GK\surface-defect-detection\data\images\train\ksdd2_11786.png,False,0,229,640
train,ksdd2_11787,E:\Data (Drive)\IUH\DL\GK\surface-defect-detection\data\images\train\ksdd2_11787.png,False,0,230,653
train,ksdd2_11788,E:\Data (Drive)\IUH\DL\GK\surface-defect-detection\data\images\train\ksdd2_11788.png,False,0,229,646
train,ksdd2_11789,E:\Data (Drive)\IUH\DL\GK\surface-defect-detection\data\images\train\ksdd2_11789.png,False,0,229,633
train,ksdd2_11790,E:\Data (Drive)\IUH\DL\GK\surface-defect-detection\data\images\train\ksdd2_11790.png,False,0,229,638
train,ksdd2_11791,E:\Data (Drive)\IUH\DL\GK\surface-defect-detection\data\images\train\ksdd2_11791.png,False,0,228,635
train,ksdd2_11792,E:\Data (Drive)\IUH\DL\GK\surface-defect-detection\data\images\train\ksdd2_11792.png,False,0,227,642
train,ksdd2_11793,E:\Data (Drive)\IUH\DL\GK\surface-defect-detection\data\images\train\ksdd2_11793.png,False,0,228,636
train,ksdd2_11794,E:\Data (Drive)\IUH\DL\GK\surface-defect-detection\data\images\train\ksdd2_11794.png,False,0,230,637
train,ksdd2_11795,E:\Data (Drive)\IUH\DL\GK\surface-defect-detection\data\images\train\ksdd2_11795.png,False,0,231,637
train,ksdd2_11796,E:\Data (Drive)\IUH\DL\GK\surface-defect-detection\data\images\train\ksdd2_11796.png,False,0,230,648
train,ksdd2_11798,E:\Data (Drive)\IUH\DL\GK\surface-defect-detection\data\images\train\ksdd2_11798.png,False,0,228,621
train,ksdd2_11799,E:\Data (Drive)\IUH\DL\GK\surface-defect-detection\data\images\train\ksdd2_11799.png,False,0,231,626
train,ksdd2_11802,E:\Data (Drive)\IUH\DL\GK\surface-defect-detection\data\images\train\ksdd2_11802.png,False,0,230,638
train,ksdd2_11803,E:\Data (Drive)\IUH\DL\GK\surface-defect-detection\data\images\train\ksdd2_11803.png,False,0,229,638
train,ksdd2_11804,E:\Data (Drive)\IUH\DL\GK\surface-defect-detection\data\images\train\ksdd2_11804.png,True,1,224,638
train,ksdd2_11804_aug1,E:\Data (Drive)\IUH\DL\GK\surface-defect-detection\data\images\train\ksdd2_11804_aug1.png,True,1,224,638
train,ksdd2_11804_aug2,E:\Data (Drive)\IUH\DL\GK\surface-defect-detection\data\images\train\ksdd2_11804_aug2.png,True,1,224,638
train,ksdd2_11805,E:\Data (Drive)\IUH\DL\GK\surface-defect-detection\data\images\train\ksdd2_11805.png,False,0,234,641
train,ksdd2_11806,E:\Data (Drive)\IUH\DL\GK\surface-defect-detection\data\images\train\ksdd2_11806.png,False,0,229,633
train,ksdd2_11808,E:\Data (Drive)\IUH\DL\GK\surface-defect-detection\data\images\train\ksdd2_11808.png,True,1,196,637
train,ksdd2_11808_aug1,E:\Data (Drive)\IUH\DL\GK\surface-defect-detection\data\images\train\ksdd2_11808_aug1.png,True,1,196,637
train,ksdd2_11808_aug2,E:\Data (Drive)\IUH\DL\GK\surface-defect-detection\data\images\train\ksdd2_11808_aug2.png,True,1,196,637
train,ksdd2_11809,E:\Data (Drive)\IUH\DL\GK\surface-defect-detection\data\images\train\ksdd2_11809.png,False,0,226,635
train,ksdd2_11811,E:\Data (Drive)\IUH\DL\GK\surface-defect-detection\data\images\train\ksdd2_11811.png,False,0,227,630
train,ksdd2_11813,E:\Data (Drive)\IUH\DL\GK\surface-defect-detection\data\images\train\ksdd2_11813.png,False,0,231,631
train,ksdd2_11814,E:\Data (Drive)\IUH\DL\GK\surface-defect-detection\data\images\train\ksdd2_11814.png,False,0,229,632
train,ksdd2_11817,E:\Data (Drive)\IUH\DL\GK\surface-defect-detection\data\images\train\ksdd2_11817.png,False,0,229,638
train,ksdd2_11819,E:\Data (Drive)\IUH\DL\GK\surface-defect-detection\data\images\train\ksdd2_11819.png,False,0,234,639
train,ksdd2_11821,E:\Data (Drive)\IUH\DL\GK\surface-defect-detection\data\images\train\ksdd2_11821.png,False,0,227,629
train,ksdd2_11822,E:\Data (Drive)\IUH\DL\GK\surface-defect-detection\data\images\train\ksdd2_11822.png,False,0,229,649
train,ksdd2_11823,E:\Data (Drive)\IUH\DL\GK\surface-defect-detection\data\images\train\ksdd2_11823.png,False,0,232,637
train,ksdd2_11826,E:\Data (Drive)\IUH\DL\GK\surface-defect-detection\data\images\train\ksdd2_11826.png,False,0,229,637
train,ksdd2_11827,E:\Data (Drive)\IUH\DL\GK\surface-defect-detection\data\images\train\ksdd2_11827.png,False,0,228,631
train,ksdd2_11830,E:\Data (Drive)\IUH\DL\GK\surface-defect-detection\data\images\train\ksdd2_11830.png,False,0,229,634
train,ksdd2_11831,E:\Data (Drive)\IUH\DL\GK\surface-defect-detection\data\images\train\ksdd2_11831.png,False,0,230,638
train,ksdd2_11832,E:\Data (Drive)\IUH\DL\GK\surface-defect-detection\data\images\train\ksdd2_11832.png,True,1,228,636
train,ksdd2_11832_aug1,E:\Data (Drive)\IUH\DL\GK\surface-defect-detection\data\images\train\ksdd2_11832_aug1.png,True,1,228,636
train,ksdd2_11832_aug2,E:\Data (Drive)\IUH\DL\GK\surface-defect-detection\data\images\train\ksdd2_11832_aug2.png,True,1,228,636
train,ksdd2_11833,E:\Data (Drive)\IUH\DL\GK\surface-defect-detection\data\images\train\ksdd2_11833.png,False,0,228,630
train,ksdd2_11834,E:\Data (Drive)\IUH\DL\GK\surface-defect-detection\data\images\train\ksdd2_11834.png,False,0,230,636
train,ksdd2_11835,E:\Data (Drive)\IUH\DL\GK\surface-defect-detection\data\images\train\ksdd2_11835.png,False,0,232,641
train,ksdd2_11837,E:\Data (Drive)\IUH\DL\GK\surface-defect-detection\data\images\train\ksdd2_11837.png,False,0,229,635
train,ksdd2_11839,E:\Data (Drive)\IUH\DL\GK\surface-defect-detection\data\images\train\ksdd2_11839.png,False,0,234,626
train,ksdd2_11840,E:\Data (Drive)\IUH\DL\GK\surface-defect-detection\data\images\train\ksdd2_11840.png,False,0,230,631
train,ksdd2_11841,E:\Data (Drive)\IUH\DL\GK\surface-defect-detection\data\images\train\ksdd2_11841.png,False,0,230,640
train,ksdd2_11842,E:\Data (Drive)\IUH\DL\GK\surface-defect-detection\data\images\train\ksdd2_11842.png,False,0,231,640
train,ksdd2_11843,E:\Data (Drive)\IUH\DL\GK\surface-defect-detection\data\images\train\ksdd2_11843.png,False,0,229,634
train,ksdd2_11844,E:\Data (Drive)\IUH\DL\GK\surface-defect-detection\data\images\train\ksdd2_11844.png,False,0,230,633
train,ksdd2_11847,E:\Data (Drive)\IUH\DL\GK\surface-defect-detection\data\images\train\ksdd2_11847.png,False,0,227,638
train,ksdd2_11848,E:\Data (Drive)\IUH\DL\GK\surface-defect-detection\data\images\train\ksdd2_11848.png,False,0,230,640
train,ksdd2_11849,E:\Data (Drive)\IUH\DL\GK\surface-defect-detection\data\images\train\ksdd2_11849.png,False,0,226,628
train,ksdd2_11850,E:\Data (Drive)\IUH\DL\GK\surface-defect-detection\data\images\train\ksdd2_11850.png,False,0,231,636
train,ksdd2_11851,E:\Data (Drive)\IUH\DL\GK\surface-defect-detection\data\images\train\ksdd2_11851.png,True,1,232,644
train,ksdd2_11851_aug1,E:\Data (Drive)\IUH\DL\GK\surface-defect-detection\data\images\train\ksdd2_11851_aug1.png,True,1,232,644
train,ksdd2_11851_aug2,E:\Data (Drive)\IUH\DL\GK\surface-defect-detection\data\images\train\ksdd2_11851_aug2.png,True,1,232,644
train,ksdd2_11852,E:\Data (Drive)\IUH\DL\GK\surface-defect-detection\data\images\train\ksdd2_11852.png,False,0,231,646
train,ksdd2_11853,E:\Data (Drive)\IUH\DL\GK\surface-defect-detection\data\images\train\ksdd2_11853.png,False,0,211,634
train,ksdd2_11856,E:\Data (Drive)\IUH\DL\GK\surface-defect-detection\data\images\train\ksdd2_11856.png,False,0,230,646
train,ksdd2_11857,E:\Data (Drive)\IUH\DL\GK\surface-defect-detection\data\images\train\ksdd2_11857.png,False,0,232,640
train,ksdd2_11859,E:\Data (Drive)\IUH\DL\GK\surface-defect-detection\data\images\train\ksdd2_11859.png,False,0,232,643
train,ksdd2_11860,E:\Data (Drive)\IUH\DL\GK\surface-defect-detection\data\images\train\ksdd2_11860.png,False,0,229,633
train,ksdd2_11862,E:\Data (Drive)\IUH\DL\GK\surface-defect-detection\data\images\train\ksdd2_11862.png,False,0,229,633
train,ksdd2_11866,E:\Data (Drive)\IUH\DL\GK\surface-defect-detection\data\images\train\ksdd2_11866.png,False,0,233,638
train,ksdd2_11868,E:\Data (Drive)\IUH\DL\GK\surface-defect-detection\data\images\train\ksdd2_11868.png,False,0,231,634
train,ksdd2_11869,E:\Data (Drive)\IUH\DL\GK\surface-defect-detection\data\images\train\ksdd2_11869.png,False,0,228,644
train,ksdd2_11870,E:\Data (Drive)\IUH\DL\GK\surface-defect-detection\data\images\train\ksdd2_11870.png,True,1,230,642
train,ksdd2_11870_aug1,E:\Data (Drive)\IUH\DL\GK\surface-defect-detection\data\images\train\ksdd2_11870_aug1.png,True,1,230,642
train,ksdd2_11870_aug2,E:\Data (Drive)\IUH\DL\GK\surface-defect-detection\data\images\train\ksdd2_11870_aug2.png,True,1,230,642
train,ksdd2_11871,E:\Data (Drive)\IUH\DL\GK\surface-defect-detection\data\images\train\ksdd2_11871.png,False,0,223,635
train,ksdd2_11872,E:\Data (Drive)\IUH\DL\GK\surface-defect-detection\data\images\train\ksdd2_11872.png,False,0,232,639
train,ksdd2_11874,E:\Data (Drive)\IUH\DL\GK\surface-defect-detection\data\images\train\ksdd2_11874.png,True,1,229,629
train,ksdd2_11874_aug1,E:\Data (Drive)\IUH\DL\GK\surface-defect-detection\data\images\train\ksdd2_11874_aug1.png,True,1,229,629
train,ksdd2_11874_aug2,E:\Data (Drive)\IUH\DL\GK\surface-defect-detection\data\images\train\ksdd2_11874_aug2.png,True,1,229,629
train,ksdd2_11875,E:\Data (Drive)\IUH\DL\GK\surface-defect-detection\data\images\train\ksdd2_11875.png,False,0,233,630
train,ksdd2_11876,E:\Data (Drive)\IUH\DL\GK\surface-defect-detection\data\images\train\ksdd2_11876.png,False,0,231,635
train,ksdd2_11878,E:\Data (Drive)\IUH\DL\GK\surface-defect-detection\data\images\train\ksdd2_11878.png,False,0,230,635
train,ksdd2_11879,E:\Data (Drive)\IUH\DL\GK\surface-defect-detection\data\images\train\ksdd2_11879.png,False,0,232,640
train,ksdd2_11880,E:\Data (Drive)\IUH\DL\GK\surface-defect-detection\data\images\train\ksdd2_11880.png,False,0,226,643
train,ksdd2_11884,E:\Data (Drive)\IUH\DL\GK\surface-defect-detection\data\images\train\ksdd2_11884.png,True,1,231,633
train,ksdd2_11884_aug1,E:\Data (Drive)\IUH\DL\GK\surface-defect-detection\data\images\train\ksdd2_11884_aug1.png,True,1,231,633
train,ksdd2_11884_aug2,E:\Data (Drive)\IUH\DL\GK\surface-defect-detection\data\images\train\ksdd2_11884_aug2.png,True,1,231,633
train,ksdd2_11885,E:\Data (Drive)\IUH\DL\GK\surface-defect-detection\data\images\train\ksdd2_11885.png,False,0,233,631
train,ksdd2_11886,E:\Data (Drive)\IUH\DL\GK\surface-defect-detection\data\images\train\ksdd2_11886.png,False,0,228,641
train,ksdd2_11887,E:\Data (Drive)\IUH\DL\GK\surface-defect-detection\data\images\train\ksdd2_11887.png,False,0,229,635
train,ksdd2_11889,E:\Data (Drive)\IUH\DL\GK\surface-defect-detection\data\images\train\ksdd2_11889.png,False,0,231,632
train,ksdd2_11890,E:\Data (Drive)\IUH\DL\GK\surface-defect-detection\data\images\train\ksdd2_11890.png,False,0,234,637
train,ksdd2_11891,E:\Data (Drive)\IUH\DL\GK\surface-defect-detection\data\images\train\ksdd2_11891.png,False,0,229,631
train,ksdd2_11892,E:\Data (Drive)\IUH\DL\GK\surface-defect-detection\data\images\train\ksdd2_11892.png,False,0,229,635
train,ksdd2_11894,E:\Data (Drive)\IUH\DL\GK\surface-defect-detection\data\images\train\ksdd2_11894.png,False,0,228,629
train,ksdd2_11896,E:\Data (Drive)\IUH\DL\GK\surface-defect-detection\data\images\train\ksdd2_11896.png,False,0,228,631
train,ksdd2_11898,E:\Data (Drive)\IUH\DL\GK\surface-defect-detection\data\images\train\ksdd2_11898.png,False,0,233,637
train,ksdd2_11899,E:\Data (Drive)\IUH\DL\GK\surface-defect-detection\data\images\train\ksdd2_11899.png,True,1,227,632
train,ksdd2_11899_aug1,E:\Data (Drive)\IUH\DL\GK\surface-defect-detection\data\images\train\ksdd2_11899_aug1.png,True,1,227,632
train,ksdd2_11899_aug2,E:\Data (Drive)\IUH\DL\GK\surface-defect-detection\data\images\train\ksdd2_11899_aug2.png,True,1,227,632
train,ksdd2_11902,E:\Data (Drive)\IUH\DL\GK\surface-defect-detection\data\images\train\ksdd2_11902.png,False,0,217,627
train,ksdd2_11903,E:\Data (Drive)\IUH\DL\GK\surface-defect-detection\data\images\train\ksdd2_11903.png,False,0,226,636
train,ksdd2_11904,E:\Data (Drive)\IUH\DL\GK\surface-defect-detection\data\images\train\ksdd2_11904.png,False,0,232,648
train,ksdd2_11905,E:\Data (Drive)\IUH\DL\GK\surface-defect-detection\data\images\train\ksdd2_11905.png,True,2,228,629
train,ksdd2_11905_aug1,E:\Data (Drive)\IUH\DL\GK\surface-defect-detection\data\images\train\ksdd2_11905_aug1.png,True,2,228,629
train,ksdd2_11905_aug2,E:\Data (Drive)\IUH\DL\GK\surface-defect-detection\data\images\train\ksdd2_11905_aug2.png,True,2,228,629
train,ksdd2_11906,E:\Data (Drive)\IUH\DL\GK\surface-defect-detection\data\images\train\ksdd2_11906.png,False,0,231,639
train,ksdd2_11907,E:\Data (Drive)\IUH\DL\GK\surface-defect-detection\data\images\train\ksdd2_11907.png,False,0,230,627
train,ksdd2_11908,E:\Data (Drive)\IUH\DL\GK\surface-defect-detection\data\images\train\ksdd2_11908.png,False,0,228,642
train,ksdd2_11909,E:\Data (Drive)\IUH\DL\GK\surface-defect-detection\data\images\train\ksdd2_11909.png,False,0,227,638
train,ksdd2_11910,E:\Data (Drive)\IUH\DL\GK\surface-defect-detection\data\images\train\ksdd2_11910.png,False,0,228,630
train,ksdd2_11911,E:\Data (Drive)\IUH\DL\GK\surface-defect-detection\data\images\train\ksdd2_11911.png,False,0,229,638
train,ksdd2_11912,E:\Data (Drive)\IUH\DL\GK\surface-defect-detection\data\images\train\ksdd2_11912.png,True,1,230,635
train,ksdd2_11912_aug1,E:\Data (Drive)\IUH\DL\GK\surface-defect-detection\data\images\train\ksdd2_11912_aug1.png,True,1,230,635
train,ksdd2_11912_aug2,E:\Data (Drive)\IUH\DL\GK\surface-defect-detection\data\images\train\ksdd2_11912_aug2.png,True,1,230,635
train,ksdd2_11913,E:\Data (Drive)\IUH\DL\GK\surface-defect-detection\data\images\train\ksdd2_11913.png,False,0,230,632
train,ksdd2_11914,E:\Data (Drive)\IUH\DL\GK\surface-defect-detection\data\images\train\ksdd2_11914.png,False,0,233,636
train,ksdd2_11916,E:\Data (Drive)\IUH\DL\GK\surface-defect-detection\data\images\train\ksdd2_11916.png,False,0,232,631
train,ksdd2_11917,E:\Data (Drive)\IUH\DL\GK\surface-defect-detection\data\images\train\ksdd2_11917.png,True,2,230,637
train,ksdd2_11917_aug1,E:\Data (Drive)\IUH\DL\GK\surface-defect-detection\data\images\train\ksdd2_11917_aug1.png,True,2,230,637
train,ksdd2_11917_aug2,E:\Data (Drive)\IUH\DL\GK\surface-defect-detection\data\images\train\ksdd2_11917_aug2.png,True,2,230,637
train,ksdd2_11918,E:\Data (Drive)\IUH\DL\GK\surface-defect-detection\data\images\train\ksdd2_11918.png,False,0,230,640
train,ksdd2_11919,E:\Data (Drive)\IUH\DL\GK\surface-defect-detection\data\images\train\ksdd2_11919.png,False,0,230,636
train,ksdd2_11922,E:\Data (Drive)\IUH\DL\GK\surface-defect-detection\data\images\train\ksdd2_11922.png,False,0,226,634
train,ksdd2_11923,E:\Data (Drive)\IUH\DL\GK\surface-defect-detection\data\images\train\ksdd2_11923.png,True,1,229,639
train,ksdd2_11923_aug1,E:\Data (Drive)\IUH\DL\GK\surface-defect-detection\data\images\train\ksdd2_11923_aug1.png,True,1,229,639
train,ksdd2_11923_aug2,E:\Data (Drive)\IUH\DL\GK\surface-defect-detection\data\images\train\ksdd2_11923_aug2.png,True,1,229,639
train,ksdd2_11924,E:\Data (Drive)\IUH\DL\GK\surface-defect-detection\data\images\train\ksdd2_11924.png,True,1,229,645
train,ksdd2_11924_aug1,E:\Data (Drive)\IUH\DL\GK\surface-defect-detection\data\images\train\ksdd2_11924_aug1.png,True,1,229,645
train,ksdd2_11924_aug2,E:\Data (Drive)\IUH\DL\GK\surface-defect-detection\data\images\train\ksdd2_11924_aug2.png,True,1,229,645
train,ksdd2_11926,E:\Data (Drive)\IUH\DL\GK\surface-defect-detection\data\images\train\ksdd2_11926.png,False,0,229,634
train,ksdd2_11928,E:\Data (Drive)\IUH\DL\GK\surface-defect-detection\data\images\train\ksdd2_11928.png,False,0,230,634
train,ksdd2_11929,E:\Data (Drive)\IUH\DL\GK\surface-defect-detection\data\images\train\ksdd2_11929.png,False,0,230,640
train,ksdd2_11931,E:\Data (Drive)\IUH\DL\GK\surface-defect-detection\data\images\train\ksdd2_11931.png,False,0,228,638
train,ksdd2_11932,E:\Data (Drive)\IUH\DL\GK\surface-defect-detection\data\images\train\ksdd2_11932.png,False,0,225,647
train,ksdd2_11933,E:\Data (Drive)\IUH\DL\GK\surface-defect-detection\data\images\train\ksdd2_11933.png,False,0,231,636
train,ksdd2_11934,E:\Data (Drive)\IUH\DL\GK\surface-defect-detection\data\images\train\ksdd2_11934.png,False,0,227,631
train,ksdd2_11935,E:\Data (Drive)\IUH\DL\GK\surface-defect-detection\data\images\train\ksdd2_11935.png,False,0,229,630
train,ksdd2_11936,E:\Data (Drive)\IUH\DL\GK\surface-defect-detection\data\images\train\ksdd2_11936.png,False,0,226,633
train,ksdd2_11937,E:\Data (Drive)\IUH\DL\GK\surface-defect-detection\data\images\train\ksdd2_11937.png,False,0,229,643
train,ksdd2_11939,E:\Data (Drive)\IUH\DL\GK\surface-defect-detection\data\images\train\ksdd2_11939.png,False,0,225,630
train,ksdd2_11940,E:\Data (Drive)\IUH\DL\GK\surface-defect-detection\data\images\train\ksdd2_11940.png,False,0,228,636
train,ksdd2_11942,E:\Data (Drive)\IUH\DL\GK\surface-defect-detection\data\images\train\ksdd2_11942.png,False,0,232,638
train,ksdd2_11943,E:\Data (Drive)\IUH\DL\GK\surface-defect-detection\data\images\train\ksdd2_11943.png,False,0,233,637
train,ksdd2_11944,E:\Data (Drive)\IUH\DL\GK\surface-defect-detection\data\images\train\ksdd2_11944.png,False,0,228,639
train,ksdd2_11947,E:\Data (Drive)\IUH\DL\GK\surface-defect-detection\data\images\train\ksdd2_11947.png,False,0,231,632
train,ksdd2_11948,E:\Data (Drive)\IUH\DL\GK\surface-defect-detection\data\images\train\ksdd2_11948.png,False,0,227,626
train,ksdd2_11949,E:\Data (Drive)\IUH\DL\GK\surface-defect-detection\data\images\train\ksdd2_11949.png,False,0,230,639
train,ksdd2_11950,E:\Data (Drive)\IUH\DL\GK\surface-defect-detection\data\images\train\ksdd2_11950.png,False,0,231,637
train,ksdd2_11952,E:\Data (Drive)\IUH\DL\GK\surface-defect-detection\data\images\train\ksdd2_11952.png,False,0,232,637
train,ksdd2_11953,E:\Data (Drive)\IUH\DL\GK\surface-defect-detection\data\images\train\ksdd2_11953.png,False,0,229,639
train,ksdd2_11954,E:\Data (Drive)\IUH\DL\GK\surface-defect-detection\data\images\train\ksdd2_11954.png,False,0,231,633
train,ksdd2_11956,E:\Data (Drive)\IUH\DL\GK\surface-defect-detection\data\images\train\ksdd2_11956.png,True,2,231,641
train,ksdd2_11956_aug1,E:\Data (Drive)\IUH\DL\GK\surface-defect-detection\data\images\train\ksdd2_11956_aug1.png,True,2,231,641
train,ksdd2_11956_aug2,E:\Data (Drive)\IUH\DL\GK\surface-defect-detection\data\images\train\ksdd2_11956_aug2.png,True,2,231,641
train,ksdd2_11957,E:\Data (Drive)\IUH\DL\GK\surface-defect-detection\data\images\train\ksdd2_11957.png,True,1,226,641
train,ksdd2_11957_aug1,E:\Data (Drive)\IUH\DL\GK\surface-defect-detection\data\images\train\ksdd2_11957_aug1.png,True,1,226,641
train,ksdd2_11957_aug2,E:\Data (Drive)\IUH\DL\GK\surface-defect-detection\data\images\train\ksdd2_11957_aug2.png,True,1,226,641
train,ksdd2_11958,E:\Data (Drive)\IUH\DL\GK\surface-defect-detection\data\images\train\ksdd2_11958.png,False,0,215,635
train,ksdd2_11959,E:\Data (Drive)\IUH\DL\GK\surface-defect-detection\data\images\train\ksdd2_11959.png,False,0,226,628
train,ksdd2_11962,E:\Data (Drive)\IUH\DL\GK\surface-defect-detection\data\images\train\ksdd2_11962.png,True,1,231,640
train,ksdd2_11962_aug1,E:\Data (Drive)\IUH\DL\GK\surface-defect-detection\data\images\train\ksdd2_11962_aug1.png,True,1,231,640
train,ksdd2_11962_aug2,E:\Data (Drive)\IUH\DL\GK\surface-defect-detection\data\images\train\ksdd2_11962_aug2.png,True,1,231,640
train,ksdd2_11964,E:\Data (Drive)\IUH\DL\GK\surface-defect-detection\data\images\train\ksdd2_11964.png,False,0,229,632
train,ksdd2_11965,E:\Data (Drive)\IUH\DL\GK\surface-defect-detection\data\images\train\ksdd2_11965.png,False,0,209,642
train,ksdd2_11966,E:\Data (Drive)\IUH\DL\GK\surface-defect-detection\data\images\train\ksdd2_11966.png,False,0,210,621
train,ksdd2_11968,E:\Data (Drive)\IUH\DL\GK\surface-defect-detection\data\images\train\ksdd2_11968.png,False,0,231,634
train,ksdd2_11969,E:\Data (Drive)\IUH\DL\GK\surface-defect-detection\data\images\train\ksdd2_11969.png,True,1,227,621
train,ksdd2_11969_aug1,E:\Data (Drive)\IUH\DL\GK\surface-defect-detection\data\images\train\ksdd2_11969_aug1.png,True,1,227,621
train,ksdd2_11969_aug2,E:\Data (Drive)\IUH\DL\GK\surface-defect-detection\data\images\train\ksdd2_11969_aug2.png,True,1,227,621
train,ksdd2_11970,E:\Data (Drive)\IUH\DL\GK\surface-defect-detection\data\images\train\ksdd2_11970.png,False,0,225,634
train,ksdd2_11971,E:\Data (Drive)\IUH\DL\GK\surface-defect-detection\data\images\train\ksdd2_11971.png,False,0,229,636
train,ksdd2_11973,E:\Data (Drive)\IUH\DL\GK\surface-defect-detection\data\images\train\ksdd2_11973.png,False,0,228,649
train,ksdd2_11975,E:\Data (Drive)\IUH\DL\GK\surface-defect-detection\data\images\train\ksdd2_11975.png,False,0,234,634
train,ksdd2_11976,E:\Data (Drive)\IUH\DL\GK\surface-defect-detection\data\images\train\ksdd2_11976.png,False,0,231,632
train,ksdd2_11978,E:\Data (Drive)\IUH\DL\GK\surface-defect-detection\data\images\train\ksdd2_11978.png,False,0,230,643
train,ksdd2_11979,E:\Data (Drive)\IUH\DL\GK\surface-defect-detection\data\images\train\ksdd2_11979.png,False,0,230,630
train,ksdd2_11980,E:\Data (Drive)\IUH\DL\GK\surface-defect-detection\data\images\train\ksdd2_11980.png,True,1,231,641
train,ksdd2_11980_aug1,E:\Data (Drive)\IUH\DL\GK\surface-defect-detection\data\images\train\ksdd2_11980_aug1.png,True,1,231,641
train,ksdd2_11980_aug2,E:\Data (Drive)\IUH\DL\GK\surface-defect-detection\data\images\train\ksdd2_11980_aug2.png,True,1,231,641
train,ksdd2_11981,E:\Data (Drive)\IUH\DL\GK\surface-defect-detection\data\images\train\ksdd2_11981.png,False,0,229,633
train,ksdd2_11982,E:\Data (Drive)\IUH\DL\GK\surface-defect-detection\data\images\train\ksdd2_11982.png,False,0,230,641
train,ksdd2_11983,E:\Data (Drive)\IUH\DL\GK\surface-defect-detection\data\images\train\ksdd2_11983.png,False,0,228,639
train,ksdd2_11985,E:\Data (Drive)\IUH\DL\GK\surface-defect-detection\data\images\train\ksdd2_11985.png,False,0,229,645
train,ksdd2_11986,E:\Data (Drive)\IUH\DL\GK\surface-defect-detection\data\images\train\ksdd2_11986.png,True,1,230,636
train,ksdd2_11986_aug1,E:\Data (Drive)\IUH\DL\GK\surface-defect-detection\data\images\train\ksdd2_11986_aug1.png,True,1,230,636
train,ksdd2_11986_aug2,E:\Data (Drive)\IUH\DL\GK\surface-defect-detection\data\images\train\ksdd2_11986_aug2.png,True,1,230,636
train,ksdd2_11988,E:\Data (Drive)\IUH\DL\GK\surface-defect-detection\data\images\train\ksdd2_11988.png,False,0,231,645
train,ksdd2_11990,E:\Data (Drive)\IUH\DL\GK\surface-defect-detection\data\images\train\ksdd2_11990.png,False,0,232,636
train,ksdd2_11991,E:\Data (Drive)\IUH\DL\GK\surface-defect-detection\data\images\train\ksdd2_11991.png,False,0,232,641
train,ksdd2_11992,E:\Data (Drive)\IUH\DL\GK\surface-defect-detection\data\images\train\ksdd2_11992.png,False,0,212,643
train,ksdd2_11998,E:\Data (Drive)\IUH\DL\GK\surface-defect-detection\data\images\train\ksdd2_11998.png,False,0,229,634
train,ksdd2_11999,E:\Data (Drive)\IUH\DL\GK\surface-defect-detection\data\images\train\ksdd2_11999.png,False,0,231,637
train,ksdd2_12000,E:\Data (Drive)\IUH\DL\GK\surface-defect-detection\data\images\train\ksdd2_12000.png,False,0,234,651
train,ksdd2_12001,E:\Data (Drive)\IUH\DL\GK\surface-defect-detection\data\images\train\ksdd2_12001.png,False,0,228,646
train,ksdd2_12002,E:\Data (Drive)\IUH\DL\GK\surface-defect-detection\data\images\train\ksdd2_12002.png,False,0,228,641
train,ksdd2_12005,E:\Data (Drive)\IUH\DL\GK\surface-defect-detection\data\images\train\ksdd2_12005.png,False,0,229,635
train,ksdd2_12006,E:\Data (Drive)\IUH\DL\GK\surface-defect-detection\data\images\train\ksdd2_12006.png,False,0,228,631
train,ksdd2_12007,E:\Data (Drive)\IUH\DL\GK\surface-defect-detection\data\images\train\ksdd2_12007.png,False,0,227,631
train,ksdd2_12008,E:\Data (Drive)\IUH\DL\GK\surface-defect-detection\data\images\train\ksdd2_12008.png,True,1,234,641
train,ksdd2_12008_aug1,E:\Data (Drive)\IUH\DL\GK\surface-defect-detection\data\images\train\ksdd2_12008_aug1.png,True,1,234,641
train,ksdd2_12008_aug2,E:\Data (Drive)\IUH\DL\GK\surface-defect-detection\data\images\train\ksdd2_12008_aug2.png,True,1,234,641
train,ksdd2_12010,E:\Data (Drive)\IUH\DL\GK\surface-defect-detection\data\images\train\ksdd2_12010.png,False,0,233,634
train,ksdd2_12011,E:\Data (Drive)\IUH\DL\GK\surface-defect-detection\data\images\train\ksdd2_12011.png,False,0,234,641
train,ksdd2_12013,E:\Data (Drive)\IUH\DL\GK\surface-defect-detection\data\images\train\ksdd2_12013.png,False,0,232,640
train,ksdd2_12017,E:\Data (Drive)\IUH\DL\GK\surface-defect-detection\data\images\train\ksdd2_12017.png,False,0,231,647
train,ksdd2_12018,E:\Data (Drive)\IUH\DL\GK\surface-defect-detection\data\images\train\ksdd2_12018.png,False,0,229,632
train,ksdd2_12019,E:\Data (Drive)\IUH\DL\GK\surface-defect-detection\data\images\train\ksdd2_12019.png,False,0,229,649
train,ksdd2_12025,E:\Data (Drive)\IUH\DL\GK\surface-defect-detection\data\images\train\ksdd2_12025.png,False,0,205,641
train,ksdd2_12026,E:\Data (Drive)\IUH\DL\GK\surface-defect-detection\data\images\train\ksdd2_12026.png,True,1,233,635
train,ksdd2_12026_aug1,E:\Data (Drive)\IUH\DL\GK\surface-defect-detection\data\images\train\ksdd2_12026_aug1.png,True,1,233,635
train,ksdd2_12026_aug2,E:\Data (Drive)\IUH\DL\GK\surface-defect-detection\data\images\train\ksdd2_12026_aug2.png,True,1,233,635
train,ksdd2_12027,E:\Data (Drive)\IUH\DL\GK\surface-defect-detection\data\images\train\ksdd2_12027.png,False,0,223,637
train,ksdd2_12031,E:\Data (Drive)\IUH\DL\GK\surface-defect-detection\data\images\train\ksdd2_12031.png,False,0,228,634
train,ksdd2_12032,E:\Data (Drive)\IUH\DL\GK\surface-defect-detection\data\images\train\ksdd2_12032.png,False,0,230,635
train,ksdd2_12033,E:\Data (Drive)\IUH\DL\GK\surface-defect-detection\data\images\train\ksdd2_12033.png,False,0,230,641
train,ksdd2_12035,E:\Data (Drive)\IUH\DL\GK\surface-defect-detection\data\images\train\ksdd2_12035.png,False,0,234,631
train,ksdd2_12036,E:\Data (Drive)\IUH\DL\GK\surface-defect-detection\data\images\train\ksdd2_12036.png,False,0,229,639
train,ksdd2_12037,E:\Data (Drive)\IUH\DL\GK\surface-defect-detection\data\images\train\ksdd2_12037.png,False,0,229,635
train,ksdd2_12038,E:\Data (Drive)\IUH\DL\GK\surface-defect-detection\data\images\train\ksdd2_12038.png,False,0,232,639
train,ksdd2_12040,E:\Data (Drive)\IUH\DL\GK\surface-defect-detection\data\images\train\ksdd2_12040.png,False,0,231,640
train,ksdd2_12041,E:\Data (Drive)\IUH\DL\GK\surface-defect-detection\data\images\train\ksdd2_12041.png,True,1,229,631
train,ksdd2_12041_aug1,E:\Data (Drive)\IUH\DL\GK\surface-defect-detection\data\images\train\ksdd2_12041_aug1.png,True,1,229,631
train,ksdd2_12041_aug2,E:\Data (Drive)\IUH\DL\GK\surface-defect-detection\data\images\train\ksdd2_12041_aug2.png,True,1,229,631
train,ksdd2_12042,E:\Data (Drive)\IUH\DL\GK\surface-defect-detection\data\images\train\ksdd2_12042.png,False,0,228,643
train,ksdd2_12044,E:\Data (Drive)\IUH\DL\GK\surface-defect-detection\data\images\train\ksdd2_12044.png,False,0,227,636
train,ksdd2_12045,E:\Data (Drive)\IUH\DL\GK\surface-defect-detection\data\images\train\ksdd2_12045.png,False,0,229,643
train,ksdd2_12046,E:\Data (Drive)\IUH\DL\GK\surface-defect-detection\data\images\train\ksdd2_12046.png,False,0,232,633
train,ksdd2_12047,E:\Data (Drive)\IUH\DL\GK\surface-defect-detection\data\images\train\ksdd2_12047.png,False,0,213,642
train,ksdd2_12048,E:\Data (Drive)\IUH\DL\GK\surface-defect-detection\data\images\train\ksdd2_12048.png,False,0,228,643
train,ksdd2_12051,E:\Data (Drive)\IUH\DL\GK\surface-defect-detection\data\images\train\ksdd2_12051.png,False,0,231,630
train,ksdd2_12052,E:\Data (Drive)\IUH\DL\GK\surface-defect-detection\data\images\train\ksdd2_12052.png,False,0,230,641
train,ksdd2_12053,E:\Data (Drive)\IUH\DL\GK\surface-defect-detection\data\images\train\ksdd2_12053.png,False,0,230,626
train,ksdd2_12054,E:\Data (Drive)\IUH\DL\GK\surface-defect-detection\data\images\train\ksdd2_12054.png,False,0,227,643
train,ksdd2_12055,E:\Data (Drive)\IUH\DL\GK\surface-defect-detection\data\images\train\ksdd2_12055.png,False,0,231,629
train,ksdd2_12056,E:\Data (Drive)\IUH\DL\GK\surface-defect-detection\data\images\train\ksdd2_12056.png,True,1,230,645
train,ksdd2_12056_aug1,E:\Data (Drive)\IUH\DL\GK\surface-defect-detection\data\images\train\ksdd2_12056_aug1.png,True,1,230,645
train,ksdd2_12056_aug2,E:\Data (Drive)\IUH\DL\GK\surface-defect-detection\data\images\train\ksdd2_12056_aug2.png,True,1,230,645
train,ksdd2_12057,E:\Data (Drive)\IUH\DL\GK\surface-defect-detection\data\images\train\ksdd2_12057.png,False,0,231,644
train,ksdd2_12058,E:\Data (Drive)\IUH\DL\GK\surface-defect-detection\data\images\train\ksdd2_12058.png,False,0,228,628
train,ksdd2_12060,E:\Data (Drive)\IUH\DL\GK\surface-defect-detection\data\images\train\ksdd2_12060.png,False,0,229,635
train,ksdd2_12063,E:\Data (Drive)\IUH\DL\GK\surface-defect-detection\data\images\train\ksdd2_12063.png,False,0,230,631
train,ksdd2_12064,E:\Data (Drive)\IUH\DL\GK\surface-defect-detection\data\images\train\ksdd2_12064.png,False,0,229,625
train,ksdd2_12065,E:\Data (Drive)\IUH\DL\GK\surface-defect-detection\data\images\train\ksdd2_12065.png,False,0,229,634
train,ksdd2_12066,E:\Data (Drive)\IUH\DL\GK\surface-defect-detection\data\images\train\ksdd2_12066.png,False,0,225,628
train,ksdd2_12067,E:\Data (Drive)\IUH\DL\GK\surface-defect-detection\data\images\train\ksdd2_12067.png,False,0,229,619
train,ksdd2_12068,E:\Data (Drive)\IUH\DL\GK\surface-defect-detection\data\images\train\ksdd2_12068.png,False,0,230,629
train,ksdd2_12069,E:\Data (Drive)\IUH\DL\GK\surface-defect-detection\data\images\train\ksdd2_12069.png,False,0,229,645
train,ksdd2_12070,E:\Data (Drive)\IUH\DL\GK\surface-defect-detection\data\images\train\ksdd2_12070.png,True,1,230,640
train,ksdd2_12070_aug1,E:\Data (Drive)\IUH\DL\GK\surface-defect-detection\data\images\train\ksdd2_12070_aug1.png,True,1,230,640
train,ksdd2_12070_aug2,E:\Data (Drive)\IUH\DL\GK\surface-defect-detection\data\images\train\ksdd2_12070_aug2.png,True,1,230,640
train,ksdd2_12071,E:\Data (Drive)\IUH\DL\GK\surface-defect-detection\data\images\train\ksdd2_12071.png,True,1,231,634
train,ksdd2_12071_aug1,E:\Data (Drive)\IUH\DL\GK\surface-defect-detection\data\images\train\ksdd2_12071_aug1.png,True,1,231,634
train,ksdd2_12071_aug2,E:\Data (Drive)\IUH\DL\GK\surface-defect-detection\data\images\train\ksdd2_12071_aug2.png,True,1,231,634
train,ksdd2_12072,E:\Data (Drive)\IUH\DL\GK\surface-defect-detection\data\images\train\ksdd2_12072.png,False,0,229,629
train,ksdd2_12073,E:\Data (Drive)\IUH\DL\GK\surface-defect-detection\data\images\train\ksdd2_12073.png,False,0,229,636
train,ksdd2_12074,E:\Data (Drive)\IUH\DL\GK\surface-defect-detection\data\images\train\ksdd2_12074.png,False,0,232,643
train,ksdd2_12075,E:\Data (Drive)\IUH\DL\GK\surface-defect-detection\data\images\train\ksdd2_12075.png,False,0,231,631
train,ksdd2_12078,E:\Data (Drive)\IUH\DL\GK\surface-defect-detection\data\images\train\ksdd2_12078.png,False,0,230,641
train,ksdd2_12079,E:\Data (Drive)\IUH\DL\GK\surface-defect-detection\data\images\train\ksdd2_12079.png,False,0,229,624
train,ksdd2_12080,E:\Data (Drive)\IUH\DL\GK\surface-defect-detection\data\images\train\ksdd2_12080.png,True,1,230,629
train,ksdd2_12080_aug1,E:\Data (Drive)\IUH\DL\GK\surface-defect-detection\data\images\train\ksdd2_12080_aug1.png,True,1,230,629
train,ksdd2_12080_aug2,E:\Data (Drive)\IUH\DL\GK\surface-defect-detection\data\images\train\ksdd2_12080_aug2.png,True,1,230,629
train,ksdd2_12081,E:\Data (Drive)\IUH\DL\GK\surface-defect-detection\data\images\train\ksdd2_12081.png,True,1,230,628
train,ksdd2_12081_aug1,E:\Data (Drive)\IUH\DL\GK\surface-defect-detection\data\images\train\ksdd2_12081_aug1.png,True,1,230,628
train,ksdd2_12081_aug2,E:\Data (Drive)\IUH\DL\GK\surface-defect-detection\data\images\train\ksdd2_12081_aug2.png,True,1,230,628
train,ksdd2_12083,E:\Data (Drive)\IUH\DL\GK\surface-defect-detection\data\images\train\ksdd2_12083.png,False,0,233,639
train,ksdd2_12084,E:\Data (Drive)\IUH\DL\GK\surface-defect-detection\data\images\train\ksdd2_12084.png,False,0,229,639
train,ksdd2_12086,E:\Data (Drive)\IUH\DL\GK\surface-defect-detection\data\images\train\ksdd2_12086.png,False,0,230,638
train,ksdd2_12087,E:\Data (Drive)\IUH\DL\GK\surface-defect-detection\data\images\train\ksdd2_12087.png,False,0,230,630
train,ksdd2_12088,E:\Data (Drive)\IUH\DL\GK\surface-defect-detection\data\images\train\ksdd2_12088.png,False,0,229,613
train,ksdd2_12092,E:\Data (Drive)\IUH\DL\GK\surface-defect-detection\data\images\train\ksdd2_12092.png,False,0,231,637
train,ksdd2_12093,E:\Data (Drive)\IUH\DL\GK\surface-defect-detection\data\images\train\ksdd2_12093.png,False,0,230,648
train,ksdd2_12094,E:\Data (Drive)\IUH\DL\GK\surface-defect-detection\data\images\train\ksdd2_12094.png,False,0,227,635
train,ksdd2_12095,E:\Data (Drive)\IUH\DL\GK\surface-defect-detection\data\images\train\ksdd2_12095.png,False,0,229,641
train,ksdd2_12096,E:\Data (Drive)\IUH\DL\GK\surface-defect-detection\data\images\train\ksdd2_12096.png,False,0,229,631
train,ksdd2_12097,E:\Data (Drive)\IUH\DL\GK\surface-defect-detection\data\images\train\ksdd2_12097.png,False,0,229,642
train,ksdd2_12098,E:\Data (Drive)\IUH\DL\GK\surface-defect-detection\data\images\train\ksdd2_12098.png,False,0,229,629
train,ksdd2_12099,E:\Data (Drive)\IUH\DL\GK\surface-defect-detection\data\images\train\ksdd2_12099.png,False,0,229,634
train,ksdd2_12100,E:\Data (Drive)\IUH\DL\GK\surface-defect-detection\data\images\train\ksdd2_12100.png,False,0,227,630
train,ksdd2_12101,E:\Data (Drive)\IUH\DL\GK\surface-defect-detection\data\images\train\ksdd2_12101.png,False,0,228,635
train,ksdd2_12104,E:\Data (Drive)\IUH\DL\GK\surface-defect-detection\data\images\train\ksdd2_12104.png,False,0,228,610
train,ksdd2_12105,E:\Data (Drive)\IUH\DL\GK\surface-defect-detection\data\images\train\ksdd2_12105.png,True,1,230,613
train,ksdd2_12105_aug1,E:\Data (Drive)\IUH\DL\GK\surface-defect-detection\data\images\train\ksdd2_12105_aug1.png,True,1,230,613
train,ksdd2_12105_aug2,E:\Data (Drive)\IUH\DL\GK\surface-defect-detection\data\images\train\ksdd2_12105_aug2.png,True,1,230,613
train,ksdd2_12107,E:\Data (Drive)\IUH\DL\GK\surface-defect-detection\data\images\train\ksdd2_12107.png,False,0,229,635
train,ksdd2_12108,E:\Data (Drive)\IUH\DL\GK\surface-defect-detection\data\images\train\ksdd2_12108.png,False,0,230,622
train,ksdd2_12109,E:\Data (Drive)\IUH\DL\GK\surface-defect-detection\data\images\train\ksdd2_12109.png,True,1,232,632
train,ksdd2_12109_aug1,E:\Data (Drive)\IUH\DL\GK\surface-defect-detection\data\images\train\ksdd2_12109_aug1.png,True,1,232,632
train,ksdd2_12109_aug2,E:\Data (Drive)\IUH\DL\GK\surface-defect-detection\data\images\train\ksdd2_12109_aug2.png,True,1,232,632
train,ksdd2_12111,E:\Data (Drive)\IUH\DL\GK\surface-defect-detection\data\images\train\ksdd2_12111.png,False,0,230,637
train,ksdd2_12115,E:\Data (Drive)\IUH\DL\GK\surface-defect-detection\data\images\train\ksdd2_12115.png,False,0,229,634
train,ksdd2_12116,E:\Data (Drive)\IUH\DL\GK\surface-defect-detection\data\images\train\ksdd2_12116.png,False,0,230,634
train,ksdd2_12117,E:\Data (Drive)\IUH\DL\GK\surface-defect-detection\data\images\train\ksdd2_12117.png,False,0,230,637
train,ksdd2_12118,E:\Data (Drive)\IUH\DL\GK\surface-defect-detection\data\images\train\ksdd2_12118.png,False,0,227,634
train,ksdd2_12119,E:\Data (Drive)\IUH\DL\GK\surface-defect-detection\data\images\train\ksdd2_12119.png,False,0,229,631
train,ksdd2_12120,E:\Data (Drive)\IUH\DL\GK\surface-defect-detection\data\images\train\ksdd2_12120.png,False,0,229,636
train,ksdd2_12121,E:\Data (Drive)\IUH\DL\GK\surface-defect-detection\data\images\train\ksdd2_12121.png,False,0,233,637
train,ksdd2_12122,E:\Data (Drive)\IUH\DL\GK\surface-defect-detection\data\images\train\ksdd2_12122.png,False,0,229,643
train,ksdd2_12128,E:\Data (Drive)\IUH\DL\GK\surface-defect-detection\data\images\train\ksdd2_12128.png,False,0,233,628
train,ksdd2_12129,E:\Data (Drive)\IUH\DL\GK\surface-defect-detection\data\images\train\ksdd2_12129.png,False,0,218,630
train,ksdd2_12131,E:\Data (Drive)\IUH\DL\GK\surface-defect-detection\data\images\train\ksdd2_12131.png,True,1,230,614
train,ksdd2_12131_aug1,E:\Data (Drive)\IUH\DL\GK\surface-defect-detection\data\images\train\ksdd2_12131_aug1.png,True,1,230,614
train,ksdd2_12131_aug2,E:\Data (Drive)\IUH\DL\GK\surface-defect-detection\data\images\train\ksdd2_12131_aug2.png,True,1,230,614
train,ksdd2_12132,E:\Data (Drive)\IUH\DL\GK\surface-defect-detection\data\images\train\ksdd2_12132.png,False,0,228,638
train,ksdd2_12133,E:\Data (Drive)\IUH\DL\GK\surface-defect-detection\data\images\train\ksdd2_12133.png,False,0,231,645
train,ksdd2_12134,E:\Data (Drive)\IUH\DL\GK\surface-defect-detection\data\images\train\ksdd2_12134.png,False,0,227,629
train,ksdd2_12135,E:\Data (Drive)\IUH\DL\GK\surface-defect-detection\data\images\train\ksdd2_12135.png,False,0,230,631
train,ksdd2_12136,E:\Data (Drive)\IUH\DL\GK\surface-defect-detection\data\images\train\ksdd2_12136.png,False,0,233,650
train,ksdd2_12138,E:\Data (Drive)\IUH\DL\GK\surface-defect-detection\data\images\train\ksdd2_12138.png,False,0,230,629
train,ksdd2_12139,E:\Data (Drive)\IUH\DL\GK\surface-defect-detection\data\images\train\ksdd2_12139.png,False,0,231,633
train,ksdd2_12140,E:\Data (Drive)\IUH\DL\GK\surface-defect-detection\data\images\train\ksdd2_12140.png,False,0,229,634
train,ksdd2_12141,E:\Data (Drive)\IUH\DL\GK\surface-defect-detection\data\images\train\ksdd2_12141.png,True,1,217,620
train,ksdd2_12141_aug1,E:\Data (Drive)\IUH\DL\GK\surface-defect-detection\data\images\train\ksdd2_12141_aug1.png,True,1,217,620
train,ksdd2_12141_aug2,E:\Data (Drive)\IUH\DL\GK\surface-defect-detection\data\images\train\ksdd2_12141_aug2.png,True,1,217,620
train,ksdd2_12144,E:\Data (Drive)\IUH\DL\GK\surface-defect-detection\data\images\train\ksdd2_12144.png,False,0,228,629
train,ksdd2_12145,E:\Data (Drive)\IUH\DL\GK\surface-defect-detection\data\images\train\ksdd2_12145.png,False,0,230,633
train,ksdd2_12146,E:\Data (Drive)\IUH\DL\GK\surface-defect-detection\data\images\train\ksdd2_12146.png,True,1,230,644
train,ksdd2_12146_aug1,E:\Data (Drive)\IUH\DL\GK\surface-defect-detection\data\images\train\ksdd2_12146_aug1.png,True,1,230,644
train,ksdd2_12146_aug2,E:\Data (Drive)\IUH\DL\GK\surface-defect-detection\data\images\train\ksdd2_12146_aug2.png,True,1,230,644
train,ksdd2_12153,E:\Data (Drive)\IUH\DL\GK\surface-defect-detection\data\images\train\ksdd2_12153.png,False,0,228,633
train,ksdd2_12154,E:\Data (Drive)\IUH\DL\GK\surface-defect-detection\data\images\train\ksdd2_12154.png,False,0,229,623
train,ksdd2_12155,E:\Data (Drive)\IUH\DL\GK\surface-defect-detection\data\images\train\ksdd2_12155.png,False,0,226,637
train,ksdd2_12157,E:\Data (Drive)\IUH\DL\GK\surface-defect-detection\data\images\train\ksdd2_12157.png,False,0,232,646
train,ksdd2_12158,E:\Data (Drive)\IUH\DL\GK\surface-defect-detection\data\images\train\ksdd2_12158.png,False,0,230,629
train,ksdd2_12160,E:\Data (Drive)\IUH\DL\GK\surface-defect-detection\data\images\train\ksdd2_12160.png,True,1,227,627
train,ksdd2_12160_aug1,E:\Data (Drive)\IUH\DL\GK\surface-defect-detection\data\images\train\ksdd2_12160_aug1.png,True,1,227,627
train,ksdd2_12160_aug2,E:\Data (Drive)\IUH\DL\GK\surface-defect-detection\data\images\train\ksdd2_12160_aug2.png,True,1,227,627
train,ksdd2_12161,E:\Data (Drive)\IUH\DL\GK\surface-defect-detection\data\images\train\ksdd2_12161.png,False,0,229,631
train,ksdd2_12162,E:\Data (Drive)\IUH\DL\GK\surface-defect-detection\data\images\train\ksdd2_12162.png,False,0,229,646
train,ksdd2_12166,E:\Data (Drive)\IUH\DL\GK\surface-defect-detection\data\images\train\ksdd2_12166.png,False,0,229,630
train,ksdd2_12167,E:\Data (Drive)\IUH\DL\GK\surface-defect-detection\data\images\train\ksdd2_12167.png,False,0,230,631
train,ksdd2_12168,E:\Data (Drive)\IUH\DL\GK\surface-defect-detection\data\images\train\ksdd2_12168.png,False,0,231,640
train,ksdd2_12169,E:\Data (Drive)\IUH\DL\GK\surface-defect-detection\data\images\train\ksdd2_12169.png,False,0,229,642
train,ksdd2_12171,E:\Data (Drive)\IUH\DL\GK\surface-defect-detection\data\images\train\ksdd2_12171.png,False,0,218,635
train,ksdd2_12173,E:\Data (Drive)\IUH\DL\GK\surface-defect-detection\data\images\train\ksdd2_12173.png,False,0,231,639
train,ksdd2_12174,E:\Data (Drive)\IUH\DL\GK\surface-defect-detection\data\images\train\ksdd2_12174.png,False,0,232,648
train,ksdd2_12175,E:\Data (Drive)\IUH\DL\GK\surface-defect-detection\data\images\train\ksdd2_12175.png,False,0,230,643
train,ksdd2_12177,E:\Data (Drive)\IUH\DL\GK\surface-defect-detection\data\images\train\ksdd2_12177.png,False,0,230,632
train,ksdd2_12178,E:\Data (Drive)\IUH\DL\GK\surface-defect-detection\data\images\train\ksdd2_12178.png,False,0,230,638
train,ksdd2_12179,E:\Data (Drive)\IUH\DL\GK\surface-defect-detection\data\images\train\ksdd2_12179.png,True,2,229,629
train,ksdd2_12179_aug1,E:\Data (Drive)\IUH\DL\GK\surface-defect-detection\data\images\train\ksdd2_12179_aug1.png,True,2,229,629
train,ksdd2_12179_aug2,E:\Data (Drive)\IUH\DL\GK\surface-defect-detection\data\images\train\ksdd2_12179_aug2.png,True,2,229,629
train,ksdd2_12181,E:\Data (Drive)\IUH\DL\GK\surface-defect-detection\data\images\train\ksdd2_12181.png,False,0,228,617
train,ksdd2_12182,E:\Data (Drive)\IUH\DL\GK\surface-defect-detection\data\images\train\ksdd2_12182.png,False,0,231,645
train,ksdd2_12184,E:\Data (Drive)\IUH\DL\GK\surface-defect-detection\data\images\train\ksdd2_12184.png,False,0,229,630
train,ksdd2_12185,E:\Data (Drive)\IUH\DL\GK\surface-defect-detection\data\images\train\ksdd2_12185.png,False,0,228,619
train,ksdd2_12186,E:\Data (Drive)\IUH\DL\GK\surface-defect-detection\data\images\train\ksdd2_12186.png,False,0,230,633
train,ksdd2_12188,E:\Data (Drive)\IUH\DL\GK\surface-defect-detection\data\images\train\ksdd2_12188.png,False,0,228,643
train,ksdd2_12189,E:\Data (Drive)\IUH\DL\GK\surface-defect-detection\data\images\train\ksdd2_12189.png,False,0,229,624
train,ksdd2_12190,E:\Data (Drive)\IUH\DL\GK\surface-defect-detection\data\images\train\ksdd2_12190.png,False,0,231,643
train,ksdd2_12192,E:\Data (Drive)\IUH\DL\GK\surface-defect-detection\data\images\train\ksdd2_12192.png,False,0,230,628
train,ksdd2_12193,E:\Data (Drive)\IUH\DL\GK\surface-defect-detection\data\images\train\ksdd2_12193.png,False,0,229,638
train,ksdd2_12194,E:\Data (Drive)\IUH\DL\GK\surface-defect-detection\data\images\train\ksdd2_12194.png,False,0,228,636
train,ksdd2_12195,E:\Data (Drive)\IUH\DL\GK\surface-defect-detection\data\images\train\ksdd2_12195.png,False,0,229,629
train,ksdd2_12196,E:\Data (Drive)\IUH\DL\GK\surface-defect-detection\data\images\train\ksdd2_12196.png,False,0,230,625
train,ksdd2_12197,E:\Data (Drive)\IUH\DL\GK\surface-defect-detection\data\images\train\ksdd2_12197.png,False,0,229,640
train,ksdd2_12198,E:\Data (Drive)\IUH\DL\GK\surface-defect-detection\data\images\train\ksdd2_12198.png,False,0,228,635
train,ksdd2_12199,E:\Data (Drive)\IUH\DL\GK\surface-defect-detection\data\images\train\ksdd2_12199.png,False,0,229,630
train,ksdd2_12200,E:\Data (Drive)\IUH\DL\GK\surface-defect-detection\data\images\train\ksdd2_12200.png,False,0,230,647
train,ksdd2_12201,E:\Data (Drive)\IUH\DL\GK\surface-defect-detection\data\images\train\ksdd2_12201.png,True,1,230,631
train,ksdd2_12201_aug1,E:\Data (Drive)\IUH\DL\GK\surface-defect-detection\data\images\train\ksdd2_12201_aug1.png,True,1,230,631
train,ksdd2_12201_aug2,E:\Data (Drive)\IUH\DL\GK\surface-defect-detection\data\images\train\ksdd2_12201_aug2.png,True,1,230,631
train,ksdd2_12203,E:\Data (Drive)\IUH\DL\GK\surface-defect-detection\data\images\train\ksdd2_12203.png,False,0,230,641
train,ksdd2_12204,E:\Data (Drive)\IUH\DL\GK\surface-defect-detection\data\images\train\ksdd2_12204.png,False,0,231,642
train,ksdd2_12206,E:\Data (Drive)\IUH\DL\GK\surface-defect-detection\data\images\train\ksdd2_12206.png,False,0,227,638
train,ksdd2_12207,E:\Data (Drive)\IUH\DL\GK\surface-defect-detection\data\images\train\ksdd2_12207.png,False,0,230,643
train,ksdd2_12210,E:\Data (Drive)\IUH\DL\GK\surface-defect-detection\data\images\train\ksdd2_12210.png,True,1,230,645
train,ksdd2_12210_aug1,E:\Data (Drive)\IUH\DL\GK\surface-defect-detection\data\images\train\ksdd2_12210_aug1.png,True,1,230,645
train,ksdd2_12210_aug2,E:\Data (Drive)\IUH\DL\GK\surface-defect-detection\data\images\train\ksdd2_12210_aug2.png,True,1,230,645
train,ksdd2_12211,E:\Data (Drive)\IUH\DL\GK\surface-defect-detection\data\images\train\ksdd2_12211.png,False,0,228,640
train,ksdd2_12212,E:\Data (Drive)\IUH\DL\GK\surface-defect-detection\data\images\train\ksdd2_12212.png,False,0,230,638
train,ksdd2_12217,E:\Data (Drive)\IUH\DL\GK\surface-defect-detection\data\images\train\ksdd2_12217.png,False,0,229,623
train,ksdd2_12218,E:\Data (Drive)\IUH\DL\GK\surface-defect-detection\data\images\train\ksdd2_12218.png,False,0,229,646
train,ksdd2_12219,E:\Data (Drive)\IUH\DL\GK\surface-defect-detection\data\images\train\ksdd2_12219.png,False,0,229,624
train,ksdd2_12221,E:\Data (Drive)\IUH\DL\GK\surface-defect-detection\data\images\train\ksdd2_12221.png,False,0,226,631
train,ksdd2_12222,E:\Data (Drive)\IUH\DL\GK\surface-defect-detection\data\images\train\ksdd2_12222.png,False,0,230,624
train,ksdd2_12223,E:\Data (Drive)\IUH\DL\GK\surface-defect-detection\data\images\train\ksdd2_12223.png,False,0,231,629
train,ksdd2_12224,E:\Data (Drive)\IUH\DL\GK\surface-defect-detection\data\images\train\ksdd2_12224.png,False,0,230,651
train,ksdd2_12225,E:\Data (Drive)\IUH\DL\GK\surface-defect-detection\data\images\train\ksdd2_12225.png,False,0,225,633
train,ksdd2_12226,E:\Data (Drive)\IUH\DL\GK\surface-defect-detection\data\images\train\ksdd2_12226.png,False,0,220,638
train,ksdd2_12227,E:\Data (Drive)\IUH\DL\GK\surface-defect-detection\data\images\train\ksdd2_12227.png,False,0,230,648
train,ksdd2_12231,E:\Data (Drive)\IUH\DL\GK\surface-defect-detection\data\images\train\ksdd2_12231.png,False,0,229,634
train,ksdd2_12233,E:\Data (Drive)\IUH\DL\GK\surface-defect-detection\data\images\train\ksdd2_12233.png,True,1,229,625
train,ksdd2_12233_aug1,E:\Data (Drive)\IUH\DL\GK\surface-defect-detection\data\images\train\ksdd2_12233_aug1.png,True,1,229,625
train,ksdd2_12233_aug2,E:\Data (Drive)\IUH\DL\GK\surface-defect-detection\data\images\train\ksdd2_12233_aug2.png,True,1,229,625
train,ksdd2_12234,E:\Data (Drive)\IUH\DL\GK\surface-defect-detection\data\images\train\ksdd2_12234.png,False,0,229,635
train,ksdd2_12235,E:\Data (Drive)\IUH\DL\GK\surface-defect-detection\data\images\train\ksdd2_12235.png,False,0,229,631
train,ksdd2_12239,E:\Data (Drive)\IUH\DL\GK\surface-defect-detection\data\images\train\ksdd2_12239.png,False,0,229,630
train,ksdd2_12241,E:\Data (Drive)\IUH\DL\GK\surface-defect-detection\data\images\train\ksdd2_12241.png,False,0,229,630
train,ksdd2_12242,E:\Data (Drive)\IUH\DL\GK\surface-defect-detection\data\images\train\ksdd2_12242.png,False,0,229,631
train,ksdd2_12246,E:\Data (Drive)\IUH\DL\GK\surface-defect-detection\data\images\train\ksdd2_12246.png,False,0,229,602
train,ksdd2_12247,E:\Data (Drive)\IUH\DL\GK\surface-defect-detection\data\images\train\ksdd2_12247.png,False,0,228,629
train,ksdd2_12248,E:\Data (Drive)\IUH\DL\GK\surface-defect-detection\data\images\train\ksdd2_12248.png,False,0,229,635
train,ksdd2_12250,E:\Data (Drive)\IUH\DL\GK\surface-defect-detection\data\images\train\ksdd2_12250.png,False,0,228,607
train,ksdd2_12251,E:\Data (Drive)\IUH\DL\GK\surface-defect-detection\data\images\train\ksdd2_12251.png,False,0,228,640
train,ksdd2_12253,E:\Data (Drive)\IUH\DL\GK\surface-defect-detection\data\images\train\ksdd2_12253.png,False,0,228,632
train,ksdd2_12254,E:\Data (Drive)\IUH\DL\GK\surface-defect-detection\data\images\train\ksdd2_12254.png,False,0,228,640
train,ksdd2_12255,E:\Data (Drive)\IUH\DL\GK\surface-defect-detection\data\images\train\ksdd2_12255.png,True,1,230,616
train,ksdd2_12255_aug1,E:\Data (Drive)\IUH\DL\GK\surface-defect-detection\data\images\train\ksdd2_12255_aug1.png,True,1,230,616
train,ksdd2_12255_aug2,E:\Data (Drive)\IUH\DL\GK\surface-defect-detection\data\images\train\ksdd2_12255_aug2.png,True,1,230,616
train,ksdd2_12256,E:\Data (Drive)\IUH\DL\GK\surface-defect-detection\data\images\train\ksdd2_12256.png,False,0,228,633
train,ksdd2_12257,E:\Data (Drive)\IUH\DL\GK\surface-defect-detection\data\images\train\ksdd2_12257.png,False,0,230,631
train,ksdd2_12259,E:\Data (Drive)\IUH\DL\GK\surface-defect-detection\data\images\train\ksdd2_12259.png,False,0,209,637
train,ksdd2_12261,E:\Data (Drive)\IUH\DL\GK\surface-defect-detection\data\images\train\ksdd2_12261.png,False,0,230,631
train,ksdd2_12262,E:\Data (Drive)\IUH\DL\GK\surface-defect-detection\data\images\train\ksdd2_12262.png,False,0,230,634
train,ksdd2_12263,E:\Data (Drive)\IUH\DL\GK\surface-defect-detection\data\images\train\ksdd2_12263.png,False,0,228,633
train,ksdd2_12266,E:\Data (Drive)\IUH\DL\GK\surface-defect-detection\data\images\train\ksdd2_12266.png,False,0,229,628
train,ksdd2_12267,E:\Data (Drive)\IUH\DL\GK\surface-defect-detection\data\images\train\ksdd2_12267.png,False,0,230,629
train,ksdd2_12268,E:\Data (Drive)\IUH\DL\GK\surface-defect-detection\data\images\train\ksdd2_12268.png,False,0,230,638
train,ksdd2_12269,E:\Data (Drive)\IUH\DL\GK\surface-defect-detection\data\images\train\ksdd2_12269.png,False,0,229,632
train,ksdd2_12271,E:\Data (Drive)\IUH\DL\GK\surface-defect-detection\data\images\train\ksdd2_12271.png,False,0,227,648
train,ksdd2_12272,E:\Data (Drive)\IUH\DL\GK\surface-defect-detection\data\images\train\ksdd2_12272.png,False,0,229,636
train,ksdd2_12273,E:\Data (Drive)\IUH\DL\GK\surface-defect-detection\data\images\train\ksdd2_12273.png,False,0,228,644
train,ksdd2_12274,E:\Data (Drive)\IUH\DL\GK\surface-defect-detection\data\images\train\ksdd2_12274.png,True,1,230,629
train,ksdd2_12274_aug1,E:\Data (Drive)\IUH\DL\GK\surface-defect-detection\data\images\train\ksdd2_12274_aug1.png,True,1,230,629
train,ksdd2_12274_aug2,E:\Data (Drive)\IUH\DL\GK\surface-defect-detection\data\images\train\ksdd2_12274_aug2.png,True,1,230,629
train,ksdd2_12276,E:\Data (Drive)\IUH\DL\GK\surface-defect-detection\data\images\train\ksdd2_12276.png,False,0,230,642
train,ksdd2_12277,E:\Data (Drive)\IUH\DL\GK\surface-defect-detection\data\images\train\ksdd2_12277.png,False,0,229,646
train,ksdd2_12279,E:\Data (Drive)\IUH\DL\GK\surface-defect-detection\data\images\train\ksdd2_12279.png,False,0,231,643
train,ksdd2_12280,E:\Data (Drive)\IUH\DL\GK\surface-defect-detection\data\images\train\ksdd2_12280.png,False,0,230,614
train,ksdd2_12281,E:\Data (Drive)\IUH\DL\GK\surface-defect-detection\data\images\train\ksdd2_12281.png,False,0,230,630
train,ksdd2_12282,E:\Data (Drive)\IUH\DL\GK\surface-defect-detection\data\images\train\ksdd2_12282.png,False,0,229,636
train,ksdd2_12283,E:\Data (Drive)\IUH\DL\GK\surface-defect-detection\data\images\train\ksdd2_12283.png,False,0,229,638
train,ksdd2_12284,E:\Data (Drive)\IUH\DL\GK\surface-defect-detection\data\images\train\ksdd2_12284.png,False,0,231,638
train,ksdd2_12285,E:\Data (Drive)\IUH\DL\GK\surface-defect-detection\data\images\train\ksdd2_12285.png,False,0,230,626
train,ksdd2_12287,E:\Data (Drive)\IUH\DL\GK\surface-defect-detection\data\images\train\ksdd2_12287.png,True,1,231,633
train,ksdd2_12287_aug1,E:\Data (Drive)\IUH\DL\GK\surface-defect-detection\data\images\train\ksdd2_12287_aug1.png,True,1,231,633
train,ksdd2_12287_aug2,E:\Data (Drive)\IUH\DL\GK\surface-defect-detection\data\images\train\ksdd2_12287_aug2.png,True,1,231,633
train,ksdd2_12288,E:\Data (Drive)\IUH\DL\GK\surface-defect-detection\data\images\train\ksdd2_12288.png,True,3,229,632
train,ksdd2_12288_aug1,E:\Data (Drive)\IUH\DL\GK\surface-defect-detection\data\images\train\ksdd2_12288_aug1.png,True,3,229,632
train,ksdd2_12288_aug2,E:\Data (Drive)\IUH\DL\GK\surface-defect-detection\data\images\train\ksdd2_12288_aug2.png,True,3,229,632
train,ksdd2_12289,E:\Data (Drive)\IUH\DL\GK\surface-defect-detection\data\images\train\ksdd2_12289.png,False,0,230,635
train,ksdd2_12290,E:\Data (Drive)\IUH\DL\GK\surface-defect-detection\data\images\train\ksdd2_12290.png,False,0,229,619
train,ksdd2_12291,E:\Data (Drive)\IUH\DL\GK\surface-defect-detection\data\images\train\ksdd2_12291.png,False,0,229,629
train,ksdd2_12292,E:\Data (Drive)\IUH\DL\GK\surface-defect-detection\data\images\train\ksdd2_12292.png,False,0,230,632
train,ksdd2_12293,E:\Data (Drive)\IUH\DL\GK\surface-defect-detection\data\images\train\ksdd2_12293.png,False,0,233,627
train,ksdd2_12295,E:\Data (Drive)\IUH\DL\GK\surface-defect-detection\data\images\train\ksdd2_12295.png,False,0,230,630
train,ksdd2_12297,E:\Data (Drive)\IUH\DL\GK\surface-defect-detection\data\images\train\ksdd2_12297.png,False,0,229,638
train,ksdd2_12298,E:\Data (Drive)\IUH\DL\GK\surface-defect-detection\data\images\train\ksdd2_12298.png,False,0,230,636
train,ksdd2_12299,E:\Data (Drive)\IUH\DL\GK\surface-defect-detection\data\images\train\ksdd2_12299.png,False,0,229,604
train,ksdd2_12300,E:\Data (Drive)\IUH\DL\GK\surface-defect-detection\data\images\train\ksdd2_12300.png,False,0,230,628
train,ksdd2_12301,E:\Data (Drive)\IUH\DL\GK\surface-defect-detection\data\images\train\ksdd2_12301.png,True,1,229,638
train,ksdd2_12301_aug1,E:\Data (Drive)\IUH\DL\GK\surface-defect-detection\data\images\train\ksdd2_12301_aug1.png,True,1,229,638
train,ksdd2_12301_aug2,E:\Data (Drive)\IUH\DL\GK\surface-defect-detection\data\images\train\ksdd2_12301_aug2.png,True,1,229,638
train,ksdd2_12302,E:\Data (Drive)\IUH\DL\GK\surface-defect-detection\data\images\train\ksdd2_12302.png,False,0,231,637
train,ksdd2_12303,E:\Data (Drive)\IUH\DL\GK\surface-defect-detection\data\images\train\ksdd2_12303.png,True,1,232,640
train,ksdd2_12303_aug1,E:\Data (Drive)\IUH\DL\GK\surface-defect-detection\data\images\train\ksdd2_12303_aug1.png,True,1,232,640
train,ksdd2_12303_aug2,E:\Data (Drive)\IUH\DL\GK\surface-defect-detection\data\images\train\ksdd2_12303_aug2.png,True,1,232,640
train,ksdd2_12304,E:\Data (Drive)\IUH\DL\GK\surface-defect-detection\data\images\train\ksdd2_12304.png,False,0,229,640
train,ksdd2_12305,E:\Data (Drive)\IUH\DL\GK\surface-defect-detection\data\images\train\ksdd2_12305.png,False,0,232,635
train,ksdd2_12306,E:\Data (Drive)\IUH\DL\GK\surface-defect-detection\data\images\train\ksdd2_12306.png,False,0,229,613
train,ksdd2_12307,E:\Data (Drive)\IUH\DL\GK\surface-defect-detection\data\images\train\ksdd2_12307.png,False,0,230,649
train,ksdd2_12309,E:\Data (Drive)\IUH\DL\GK\surface-defect-detection\data\images\train\ksdd2_12309.png,False,0,229,646
train,ksdd2_12310,E:\Data (Drive)\IUH\DL\GK\surface-defect-detection\data\images\train\ksdd2_12310.png,False,0,232,630
train,ksdd2_12312,E:\Data (Drive)\IUH\DL\GK\surface-defect-detection\data\images\train\ksdd2_12312.png,False,0,229,638
train,ksdd2_12314,E:\Data (Drive)\IUH\DL\GK\surface-defect-detection\data\images\train\ksdd2_12314.png,True,1,229,636
train,ksdd2_12314_aug1,E:\Data (Drive)\IUH\DL\GK\surface-defect-detection\data\images\train\ksdd2_12314_aug1.png,True,1,229,636
train,ksdd2_12314_aug2,E:\Data (Drive)\IUH\DL\GK\surface-defect-detection\data\images\train\ksdd2_12314_aug2.png,True,1,229,636
train,ksdd2_12315,E:\Data (Drive)\IUH\DL\GK\surface-defect-detection\data\images\train\ksdd2_12315.png,True,1,229,631
train,ksdd2_12315_aug1,E:\Data (Drive)\IUH\DL\GK\surface-defect-detection\data\images\train\ksdd2_12315_aug1.png,True,1,229,631
train,ksdd2_12315_aug2,E:\Data (Drive)\IUH\DL\GK\surface-defect-detection\data\images\train\ksdd2_12315_aug2.png,True,1,229,631
train,ksdd2_12316,E:\Data (Drive)\IUH\DL\GK\surface-defect-detection\data\images\train\ksdd2_12316.png,False,0,229,610
train,ksdd2_12317,E:\Data (Drive)\IUH\DL\GK\surface-defect-detection\data\images\train\ksdd2_12317.png,True,2,233,635
train,ksdd2_12317_aug1,E:\Data (Drive)\IUH\DL\GK\surface-defect-detection\data\images\train\ksdd2_12317_aug1.png,True,2,233,635
train,ksdd2_12317_aug2,E:\Data (Drive)\IUH\DL\GK\surface-defect-detection\data\images\train\ksdd2_12317_aug2.png,True,2,233,635
train,ksdd2_12318,E:\Data (Drive)\IUH\DL\GK\surface-defect-detection\data\images\train\ksdd2_12318.png,False,0,230,630
train,ksdd2_12319,E:\Data (Drive)\IUH\DL\GK\surface-defect-detection\data\images\train\ksdd2_12319.png,False,0,230,632
train,ksdd2_12320,E:\Data (Drive)\IUH\DL\GK\surface-defect-detection\data\images\train\ksdd2_12320.png,False,0,230,638
train,ksdd2_12322,E:\Data (Drive)\IUH\DL\GK\surface-defect-detection\data\images\train\ksdd2_12322.png,False,0,230,630
train,ksdd2_12324,E:\Data (Drive)\IUH\DL\GK\surface-defect-detection\data\images\train\ksdd2_12324.png,False,0,230,642
train,ksdd2_12326,E:\Data (Drive)\IUH\DL\GK\surface-defect-detection\data\images\train\ksdd2_12326.png,False,0,228,629
train,ksdd2_12327,E:\Data (Drive)\IUH\DL\GK\surface-defect-detection\data\images\train\ksdd2_12327.png,False,0,232,634
train,ksdd2_12329,E:\Data (Drive)\IUH\DL\GK\surface-defect-detection\data\images\train\ksdd2_12329.png,False,0,229,607
train,ksdd2_20000,E:\Data (Drive)\IUH\DL\GK\surface-defect-detection\data\images\train\ksdd2_20000.png,False,0,231,636
train,ksdd2_20001,E:\Data (Drive)\IUH\DL\GK\surface-defect-detection\data\images\train\ksdd2_20001.png,False,0,231,642
train,ksdd2_20002,E:\Data (Drive)\IUH\DL\GK\surface-defect-detection\data\images\train\ksdd2_20002.png,False,0,231,631
train,ksdd2_20003,E:\Data (Drive)\IUH\DL\GK\surface-defect-detection\data\images\train\ksdd2_20003.png,False,0,229,636
train,ksdd2_20004,E:\Data (Drive)\IUH\DL\GK\surface-defect-detection\data\images\train\ksdd2_20004.png,False,0,230,632
train,ksdd2_20005,E:\Data (Drive)\IUH\DL\GK\surface-defect-detection\data\images\train\ksdd2_20005.png,False,0,229,638
train,ksdd2_20008,E:\Data (Drive)\IUH\DL\GK\surface-defect-detection\data\images\train\ksdd2_20008.png,False,0,229,639
train,ksdd2_20009,E:\Data (Drive)\IUH\DL\GK\surface-defect-detection\data\images\train\ksdd2_20009.png,False,0,230,640
train,ksdd2_20010,E:\Data (Drive)\IUH\DL\GK\surface-defect-detection\data\images\train\ksdd2_20010.png,False,0,230,635
train,ksdd2_20011,E:\Data (Drive)\IUH\DL\GK\surface-defect-detection\data\images\train\ksdd2_20011.png,False,0,230,645
train,ksdd2_20012,E:\Data (Drive)\IUH\DL\GK\surface-defect-detection\data\images\train\ksdd2_20012.png,False,0,231,642
train,ksdd2_20013,E:\Data (Drive)\IUH\DL\GK\surface-defect-detection\data\images\train\ksdd2_20013.png,False,0,228,634
train,ksdd2_20014,E:\Data (Drive)\IUH\DL\GK\surface-defect-detection\data\images\train\ksdd2_20014.png,False,0,229,633
train,ksdd2_20015,E:\Data (Drive)\IUH\DL\GK\surface-defect-detection\data\images\train\ksdd2_20015.png,False,0,229,624
train,ksdd2_20016,E:\Data (Drive)\IUH\DL\GK\surface-defect-detection\data\images\train\ksdd2_20016.png,False,0,231,640
train,ksdd2_20017,E:\Data (Drive)\IUH\DL\GK\surface-defect-detection\data\images\train\ksdd2_20017.png,False,0,215,639
train,ksdd2_20018,E:\Data (Drive)\IUH\DL\GK\surface-defect-detection\data\images\train\ksdd2_20018.png,False,0,231,640
train,ksdd2_20019,E:\Data (Drive)\IUH\DL\GK\surface-defect-detection\data\images\train\ksdd2_20019.png,False,0,229,642
train,ksdd2_20021,E:\Data (Drive)\IUH\DL\GK\surface-defect-detection\data\images\train\ksdd2_20021.png,False,0,229,638
train,ksdd2_20022,E:\Data (Drive)\IUH\DL\GK\surface-defect-detection\data\images\train\ksdd2_20022.png,False,0,231,640
train,ksdd2_20023,E:\Data (Drive)\IUH\DL\GK\surface-defect-detection\data\images\train\ksdd2_20023.png,False,0,230,633
train,ksdd2_20025,E:\Data (Drive)\IUH\DL\GK\surface-defect-detection\data\images\train\ksdd2_20025.png,False,0,229,633
train,ksdd2_20026,E:\Data (Drive)\IUH\DL\GK\surface-defect-detection\data\images\train\ksdd2_20026.png,False,0,228,640
train,ksdd2_20027,E:\Data (Drive)\IUH\DL\GK\surface-defect-detection\data\images\train\ksdd2_20027.png,False,0,230,638
train,ksdd2_20028,E:\Data (Drive)\IUH\DL\GK\surface-defect-detection\data\images\train\ksdd2_20028.png,False,0,229,631
train,ksdd2_20030,E:\Data (Drive)\IUH\DL\GK\surface-defect-detection\data\images\train\ksdd2_20030.png,False,0,228,641
train,ksdd2_20031,E:\Data (Drive)\IUH\DL\GK\surface-defect-detection\data\images\train\ksdd2_20031.png,False,0,231,635
train,ksdd2_20032,E:\Data (Drive)\IUH\DL\GK\surface-defect-detection\data\images\train\ksdd2_20032.png,False,0,229,636
train,ksdd2_20033,E:\Data (Drive)\IUH\DL\GK\surface-defect-detection\data\images\train\ksdd2_20033.png,False,0,230,639
train,ksdd2_20035,E:\Data (Drive)\IUH\DL\GK\surface-defect-detection\data\images\train\ksdd2_20035.png,False,0,229,638
train,ksdd2_20037,E:\Data (Drive)\IUH\DL\GK\surface-defect-detection\data\images\train\ksdd2_20037.png,False,0,206,625
train,ksdd2_20039,E:\Data (Drive)\IUH\DL\GK\surface-defect-detection\data\images\train\ksdd2_20039.png,False,0,232,639
train,ksdd2_20040,E:\Data (Drive)\IUH\DL\GK\surface-defect-detection\data\images\train\ksdd2_20040.png,False,0,229,634
train,ksdd2_20041,E:\Data (Drive)\IUH\DL\GK\surface-defect-detection\data\images\train\ksdd2_20041.png,False,0,229,630
train,ksdd2_20042,E:\Data (Drive)\IUH\DL\GK\surface-defect-detection\data\images\train\ksdd2_20042.png,True,1,227,624
train,ksdd2_20042_aug1,E:\Data (Drive)\IUH\DL\GK\surface-defect-detection\data\images\train\ksdd2_20042_aug1.png,True,1,227,624
train,ksdd2_20042_aug2,E:\Data (Drive)\IUH\DL\GK\surface-defect-detection\data\images\train\ksdd2_20042_aug2.png,True,1,227,624
train,ksdd2_20044,E:\Data (Drive)\IUH\DL\GK\surface-defect-detection\data\images\train\ksdd2_20044.png,False,0,230,633
train,ksdd2_20045,E:\Data (Drive)\IUH\DL\GK\surface-defect-detection\data\images\train\ksdd2_20045.png,False,0,229,637
train,ksdd2_20046,E:\Data (Drive)\IUH\DL\GK\surface-defect-detection\data\images\train\ksdd2_20046.png,False,0,228,633
train,ksdd2_20047,E:\Data (Drive)\IUH\DL\GK\surface-defect-detection\data\images\train\ksdd2_20047.png,False,0,232,636
train,ksdd2_20048,E:\Data (Drive)\IUH\DL\GK\surface-defect-detection\data\images\train\ksdd2_20048.png,False,0,228,632
train,ksdd2_20050,E:\Data (Drive)\IUH\DL\GK\surface-defect-detection\data\images\train\ksdd2_20050.png,False,0,229,638
train,ksdd2_20052,E:\Data (Drive)\IUH\DL\GK\surface-defect-detection\data\images\train\ksdd2_20052.png,False,0,230,634
train,ksdd2_20053,E:\Data (Drive)\IUH\DL\GK\surface-defect-detection\data\images\train\ksdd2_20053.png,False,0,229,635
train,ksdd2_20055,E:\Data (Drive)\IUH\DL\GK\surface-defect-detection\data\images\train\ksdd2_20055.png,False,0,232,645
train,ksdd2_20056,E:\Data (Drive)\IUH\DL\GK\surface-defect-detection\data\images\train\ksdd2_20056.png,True,1,230,648
train,ksdd2_20056_aug1,E:\Data (Drive)\IUH\DL\GK\surface-defect-detection\data\images\train\ksdd2_20056_aug1.png,True,1,230,648
train,ksdd2_20056_aug2,E:\Data (Drive)\IUH\DL\GK\surface-defect-detection\data\images\train\ksdd2_20056_aug2.png,True,1,230,648
train,ksdd2_20057,E:\Data (Drive)\IUH\DL\GK\surface-defect-detection\data\images\train\ksdd2_20057.png,False,0,230,665
train,ksdd2_20058,E:\Data (Drive)\IUH\DL\GK\surface-defect-detection\data\images\train\ksdd2_20058.png,False,0,232,642
train,ksdd2_20059,E:\Data (Drive)\IUH\DL\GK\surface-defect-detection\data\images\train\ksdd2_20059.png,False,0,230,618
train,ksdd2_20060,E:\Data (Drive)\IUH\DL\GK\surface-defect-detection\data\images\train\ksdd2_20060.png,False,0,230,633
train,ksdd2_20061,E:\Data (Drive)\IUH\DL\GK\surface-defect-detection\data\images\train\ksdd2_20061.png,False,0,231,636
train,ksdd2_20062,E:\Data (Drive)\IUH\DL\GK\surface-defect-detection\data\images\train\ksdd2_20062.png,False,0,211,635
train,ksdd2_20064,E:\Data (Drive)\IUH\DL\GK\surface-defect-detection\data\images\train\ksdd2_20064.png,False,0,229,637
train,ksdd2_20065,E:\Data (Drive)\IUH\DL\GK\surface-defect-detection\data\images\train\ksdd2_20065.png,False,0,229,631
train,ksdd2_20066,E:\Data (Drive)\IUH\DL\GK\surface-defect-detection\data\images\train\ksdd2_20066.png,False,0,230,636
train,ksdd2_20067,E:\Data (Drive)\IUH\DL\GK\surface-defect-detection\data\images\train\ksdd2_20067.png,False,0,230,650
train,ksdd2_20068,E:\Data (Drive)\IUH\DL\GK\surface-defect-detection\data\images\train\ksdd2_20068.png,True,1,230,637
train,ksdd2_20068_aug1,E:\Data (Drive)\IUH\DL\GK\surface-defect-detection\data\images\train\ksdd2_20068_aug1.png,True,1,230,637
train,ksdd2_20068_aug2,E:\Data (Drive)\IUH\DL\GK\surface-defect-detection\data\images\train\ksdd2_20068_aug2.png,True,1,230,637
train,ksdd2_20069,E:\Data (Drive)\IUH\DL\GK\surface-defect-detection\data\images\train\ksdd2_20069.png,False,0,229,637
train,ksdd2_20072,E:\Data (Drive)\IUH\DL\GK\surface-defect-detection\data\images\train\ksdd2_20072.png,False,0,228,634
train,ksdd2_20073,E:\Data (Drive)\IUH\DL\GK\surface-defect-detection\data\images\train\ksdd2_20073.png,False,0,230,637
train,ksdd2_20074,E:\Data (Drive)\IUH\DL\GK\surface-defect-detection\data\images\train\ksdd2_20074.png,False,0,229,636
train,ksdd2_20075,E:\Data (Drive)\IUH\DL\GK\surface-defect-detection\data\images\train\ksdd2_20075.png,False,0,229,637
train,ksdd2_20076,E:\Data (Drive)\IUH\DL\GK\surface-defect-detection\data\images\train\ksdd2_20076.png,False,0,229,650
train,ksdd2_20079,E:\Data (Drive)\IUH\DL\GK\surface-defect-detection\data\images\train\ksdd2_20079.png,False,0,226,641
train,ksdd2_20080,E:\Data (Drive)\IUH\DL\GK\surface-defect-detection\data\images\train\ksdd2_20080.png,False,0,228,631
train,ksdd2_20081,E:\Data (Drive)\IUH\DL\GK\surface-defect-detection\data\images\train\ksdd2_20081.png,False,0,228,635
train,ksdd2_20083,E:\Data (Drive)\IUH\DL\GK\surface-defect-detection\data\images\train\ksdd2_20083.png,False,0,228,648
train,ksdd2_20084,E:\Data (Drive)\IUH\DL\GK\surface-defect-detection\data\images\train\ksdd2_20084.png,True,1,229,639
train,ksdd2_20084_aug1,E:\Data (Drive)\IUH\DL\GK\surface-defect-detection\data\images\train\ksdd2_20084_aug1.png,True,1,229,639
train,ksdd2_20084_aug2,E:\Data (Drive)\IUH\DL\GK\surface-defect-detection\data\images\train\ksdd2_20084_aug2.png,True,1,229,639
train,ksdd2_20085,E:\Data (Drive)\IUH\DL\GK\surface-defect-detection\data\images\train\ksdd2_20085.png,False,0,228,635
train,ksdd2_20086,E:\Data (Drive)\IUH\DL\GK\surface-defect-detection\data\images\train\ksdd2_20086.png,False,0,231,651
train,ksdd2_20087,E:\Data (Drive)\IUH\DL\GK\surface-defect-detection\data\images\train\ksdd2_20087.png,False,0,230,641
train,ksdd2_20088,E:\Data (Drive)\IUH\DL\GK\surface-defect-detection\data\images\train\ksdd2_20088.png,False,0,229,639
train,ksdd2_20089,E:\Data (Drive)\IUH\DL\GK\surface-defect-detection\data\images\train\ksdd2_20089.png,False,0,229,633
train,ksdd2_20090,E:\Data (Drive)\IUH\DL\GK\surface-defect-detection\data\images\train\ksdd2_20090.png,False,0,230,636
train,ksdd2_20093,E:\Data (Drive)\IUH\DL\GK\surface-defect-detection\data\images\train\ksdd2_20093.png,False,0,228,640
train,ksdd2_20094,E:\Data (Drive)\IUH\DL\GK\surface-defect-detection\data\images\train\ksdd2_20094.png,False,0,230,633
train,ksdd2_20095,E:\Data (Drive)\IUH\DL\GK\surface-defect-detection\data\images\train\ksdd2_20095.png,True,1,231,645
train,ksdd2_20095_aug1,E:\Data (Drive)\IUH\DL\GK\surface-defect-detection\data\images\train\ksdd2_20095_aug1.png,True,1,231,645
train,ksdd2_20095_aug2,E:\Data (Drive)\IUH\DL\GK\surface-defect-detection\data\images\train\ksdd2_20095_aug2.png,True,1,231,645
train,ksdd2_20096,E:\Data (Drive)\IUH\DL\GK\surface-defect-detection\data\images\train\ksdd2_20096.png,False,0,229,636
train,ksdd2_20097,E:\Data (Drive)\IUH\DL\GK\surface-defect-detection\data\images\train\ksdd2_20097.png,False,0,230,636
train,ksdd2_20098,E:\Data (Drive)\IUH\DL\GK\surface-defect-detection\data\images\train\ksdd2_20098.png,False,0,226,633
train,ksdd2_20099,E:\Data (Drive)\IUH\DL\GK\surface-defect-detection\data\images\train\ksdd2_20099.png,True,1,230,637
train,ksdd2_20099_aug1,E:\Data (Drive)\IUH\DL\GK\surface-defect-detection\data\images\train\ksdd2_20099_aug1.png,True,1,230,637
train,ksdd2_20099_aug2,E:\Data (Drive)\IUH\DL\GK\surface-defect-detection\data\images\train\ksdd2_20099_aug2.png,True,1,230,637
train,ksdd2_20100,E:\Data (Drive)\IUH\DL\GK\surface-defect-detection\data\images\train\ksdd2_20100.png,False,0,230,644
train,ksdd2_20102,E:\Data (Drive)\IUH\DL\GK\surface-defect-detection\data\images\train\ksdd2_20102.png,False,0,229,639
train,ksdd2_20103,E:\Data (Drive)\IUH\DL\GK\surface-defect-detection\data\images\train\ksdd2_20103.png,False,0,229,650
train,ksdd2_20105,E:\Data (Drive)\IUH\DL\GK\surface-defect-detection\data\images\train\ksdd2_20105.png,False,0,229,636
train,ksdd2_20107,E:\Data (Drive)\IUH\DL\GK\surface-defect-detection\data\images\train\ksdd2_20107.png,False,0,230,638
train,ksdd2_20108,E:\Data (Drive)\IUH\DL\GK\surface-defect-detection\data\images\train\ksdd2_20108.png,False,0,229,638
train,ksdd2_20109,E:\Data (Drive)\IUH\DL\GK\surface-defect-detection\data\images\train\ksdd2_20109.png,False,0,229,631
train,ksdd2_20110,E:\Data (Drive)\IUH\DL\GK\surface-defect-detection\data\images\train\ksdd2_20110.png,False,0,232,631
train,ksdd2_20112,E:\Data (Drive)\IUH\DL\GK\surface-defect-detection\data\images\train\ksdd2_20112.png,False,0,230,642
train,ksdd2_20114,E:\Data (Drive)\IUH\DL\GK\surface-defect-detection\data\images\train\ksdd2_20114.png,False,0,230,645
train,ksdd2_20116,E:\Data (Drive)\IUH\DL\GK\surface-defect-detection\data\images\train\ksdd2_20116.png,False,0,233,630
train,ksdd2_20117,E:\Data (Drive)\IUH\DL\GK\surface-defect-detection\data\images\train\ksdd2_20117.png,True,2,231,639
train,ksdd2_20117_aug1,E:\Data (Drive)\IUH\DL\GK\surface-defect-detection\data\images\train\ksdd2_20117_aug1.png,True,2,231,639
train,ksdd2_20117_aug2,E:\Data (Drive)\IUH\DL\GK\surface-defect-detection\data\images\train\ksdd2_20117_aug2.png,True,2,231,639
train,ksdd2_20119,E:\Data (Drive)\IUH\DL\GK\surface-defect-detection\data\images\train\ksdd2_20119.png,False,0,228,638
train,ksdd2_20120,E:\Data (Drive)\IUH\DL\GK\surface-defect-detection\data\images\train\ksdd2_20120.png,False,0,231,637
train,ksdd2_20121,E:\Data (Drive)\IUH\DL\GK\surface-defect-detection\data\images\train\ksdd2_20121.png,True,1,229,645
train,ksdd2_20121_aug1,E:\Data (Drive)\IUH\DL\GK\surface-defect-detection\data\images\train\ksdd2_20121_aug1.png,True,1,229,645
train,ksdd2_20121_aug2,E:\Data (Drive)\IUH\DL\GK\surface-defect-detection\data\images\train\ksdd2_20121_aug2.png,True,1,229,645
train,ksdd2_20122,E:\Data (Drive)\IUH\DL\GK\surface-defect-detection\data\images\train\ksdd2_20122.png,False,0,230,629
train,ksdd2_20123,E:\Data (Drive)\IUH\DL\GK\surface-defect-detection\data\images\train\ksdd2_20123.png,False,0,218,621
train,ksdd2_20124,E:\Data (Drive)\IUH\DL\GK\surface-defect-detection\data\images\train\ksdd2_20124.png,False,0,234,637
train,ksdd2_20126,E:\Data (Drive)\IUH\DL\GK\surface-defect-detection\data\images\train\ksdd2_20126.png,False,0,232,627
train,ksdd2_20129,E:\Data (Drive)\IUH\DL\GK\surface-defect-detection\data\images\train\ksdd2_20129.png,True,1,228,626
train,ksdd2_20129_aug1,E:\Data (Drive)\IUH\DL\GK\surface-defect-detection\data\images\train\ksdd2_20129_aug1.png,True,1,228,626
train,ksdd2_20129_aug2,E:\Data (Drive)\IUH\DL\GK\surface-defect-detection\data\images\train\ksdd2_20129_aug2.png,True,1,228,626
train,ksdd2_20130,E:\Data (Drive)\IUH\DL\GK\surface-defect-detection\data\images\train\ksdd2_20130.png,True,1,228,637
train,ksdd2_20130_aug1,E:\Data (Drive)\IUH\DL\GK\surface-defect-detection\data\images\train\ksdd2_20130_aug1.png,True,1,228,637
train,ksdd2_20130_aug2,E:\Data (Drive)\IUH\DL\GK\surface-defect-detection\data\images\train\ksdd2_20130_aug2.png,True,1,228,637
train,ksdd2_20132,E:\Data (Drive)\IUH\DL\GK\surface-defect-detection\data\images\train\ksdd2_20132.png,False,0,229,639
train,ksdd2_20133,E:\Data (Drive)\IUH\DL\GK\surface-defect-detection\data\images\train\ksdd2_20133.png,False,0,228,640
train,ksdd2_20135,E:\Data (Drive)\IUH\DL\GK\surface-defect-detection\data\images\train\ksdd2_20135.png,False,0,216,650
train,ksdd2_20138,E:\Data (Drive)\IUH\DL\GK\surface-defect-detection\data\images\train\ksdd2_20138.png,False,0,231,638
train,ksdd2_20140,E:\Data (Drive)\IUH\DL\GK\surface-defect-detection\data\images\train\ksdd2_20140.png,False,0,231,635
train,ksdd2_20141,E:\Data (Drive)\IUH\DL\GK\surface-defect-detection\data\images\train\ksdd2_20141.png,True,1,229,627
train,ksdd2_20141_aug1,E:\Data (Drive)\IUH\DL\GK\surface-defect-detection\data\images\train\ksdd2_20141_aug1.png,True,1,229,627
train,ksdd2_20141_aug2,E:\Data (Drive)\IUH\DL\GK\surface-defect-detection\data\images\train\ksdd2_20141_aug2.png,True,1,229,627
train,ksdd2_20142,E:\Data (Drive)\IUH\DL\GK\surface-defect-detection\data\images\train\ksdd2_20142.png,True,1,229,637
train,ksdd2_20142_aug1,E:\Data (Drive)\IUH\DL\GK\surface-defect-detection\data\images\train\ksdd2_20142_aug1.png,True,1,229,637
train,ksdd2_20142_aug2,E:\Data (Drive)\IUH\DL\GK\surface-defect-detection\data\images\train\ksdd2_20142_aug2.png,True,1,229,637
train,ksdd2_20143,E:\Data (Drive)\IUH\DL\GK\surface-defect-detection\data\images\train\ksdd2_20143.png,False,0,228,639
train,ksdd2_20145,E:\Data (Drive)\IUH\DL\GK\surface-defect-detection\data\images\train\ksdd2_20145.png,False,0,229,629
train,ksdd2_20146,E:\Data (Drive)\IUH\DL\GK\surface-defect-detection\data\images\train\ksdd2_20146.png,False,0,230,636
train,ksdd2_20147,E:\Data (Drive)\IUH\DL\GK\surface-defect-detection\data\images\train\ksdd2_20147.png,False,0,224,636
train,ksdd2_20148,E:\Data (Drive)\IUH\DL\GK\surface-defect-detection\data\images\train\ksdd2_20148.png,False,0,230,630
train,ksdd2_20149,E:\Data (Drive)\IUH\DL\GK\surface-defect-detection\data\images\train\ksdd2_20149.png,False,0,231,648
train,ksdd2_20151,E:\Data (Drive)\IUH\DL\GK\surface-defect-detection\data\images\train\ksdd2_20151.png,False,0,233,640
train,ksdd2_20152,E:\Data (Drive)\IUH\DL\GK\surface-defect-detection\data\images\train\ksdd2_20152.png,False,0,228,627
train,ksdd2_20154,E:\Data (Drive)\IUH\DL\GK\surface-defect-detection\data\images\train\ksdd2_20154.png,False,0,226,633
train,ksdd2_20155,E:\Data (Drive)\IUH\DL\GK\surface-defect-detection\data\images\train\ksdd2_20155.png,True,1,230,633
train,ksdd2_20155_aug1,E:\Data (Drive)\IUH\DL\GK\surface-defect-detection\data\images\train\ksdd2_20155_aug1.png,True,1,230,633
train,ksdd2_20155_aug2,E:\Data (Drive)\IUH\DL\GK\surface-defect-detection\data\images\train\ksdd2_20155_aug2.png,True,1,230,633
train,ksdd2_20156,E:\Data (Drive)\IUH\DL\GK\surface-defect-detection\data\images\train\ksdd2_20156.png,False,0,227,632
train,ksdd2_20157,E:\Data (Drive)\IUH\DL\GK\surface-defect-detection\data\images\train\ksdd2_20157.png,False,0,216,634
train,ksdd2_20158,E:\Data (Drive)\IUH\DL\GK\surface-defect-detection\data\images\train\ksdd2_20158.png,True,1,229,641
train,ksdd2_20158_aug1,E:\Data (Drive)\IUH\DL\GK\surface-defect-detection\data\images\train\ksdd2_20158_aug1.png,True,1,229,641
train,ksdd2_20158_aug2,E:\Data (Drive)\IUH\DL\GK\surface-defect-detection\data\images\train\ksdd2_20158_aug2.png,True,1,229,641
train,ksdd2_20159,E:\Data (Drive)\IUH\DL\GK\surface-defect-detection\data\images\train\ksdd2_20159.png,True,1,233,632
train,ksdd2_20159_aug1,E:\Data (Drive)\IUH\DL\GK\surface-defect-detection\data\images\train\ksdd2_20159_aug1.png,True,1,233,632
train,ksdd2_20159_aug2,E:\Data (Drive)\IUH\DL\GK\surface-defect-detection\data\images\train\ksdd2_20159_aug2.png,True,1,233,632
train,ksdd2_20160,E:\Data (Drive)\IUH\DL\GK\surface-defect-detection\data\images\train\ksdd2_20160.png,False,0,231,636
train,ksdd2_20162,E:\Data (Drive)\IUH\DL\GK\surface-defect-detection\data\images\train\ksdd2_20162.png,False,0,233,648
train,ksdd2_20163,E:\Data (Drive)\IUH\DL\GK\surface-defect-detection\data\images\train\ksdd2_20163.png,False,0,228,643
train,ksdd2_20164,E:\Data (Drive)\IUH\DL\GK\surface-defect-detection\data\images\train\ksdd2_20164.png,False,0,230,634
train,ksdd2_20166,E:\Data (Drive)\IUH\DL\GK\surface-defect-detection\data\images\train\ksdd2_20166.png,False,0,228,644
train,ksdd2_20168,E:\Data (Drive)\IUH\DL\GK\surface-defect-detection\data\images\train\ksdd2_20168.png,False,0,230,634
train,ksdd2_20170,E:\Data (Drive)\IUH\DL\GK\surface-defect-detection\data\images\train\ksdd2_20170.png,False,0,236,649
train,ksdd2_20171,E:\Data (Drive)\IUH\DL\GK\surface-defect-detection\data\images\train\ksdd2_20171.png,False,0,227,619
train,ksdd2_20172,E:\Data (Drive)\IUH\DL\GK\surface-defect-detection\data\images\train\ksdd2_20172.png,True,1,229,630
train,ksdd2_20172_aug1,E:\Data (Drive)\IUH\DL\GK\surface-defect-detection\data\images\train\ksdd2_20172_aug1.png,True,1,229,630
train,ksdd2_20172_aug2,E:\Data (Drive)\IUH\DL\GK\surface-defect-detection\data\images\train\ksdd2_20172_aug2.png,True,1,229,630
train,ksdd2_20173,E:\Data (Drive)\IUH\DL\GK\surface-defect-detection\data\images\train\ksdd2_20173.png,False,0,218,633
train,ksdd2_20174,E:\Data (Drive)\IUH\DL\GK\surface-defect-detection\data\images\train\ksdd2_20174.png,False,0,232,642
train,ksdd2_20176,E:\Data (Drive)\IUH\DL\GK\surface-defect-detection\data\images\train\ksdd2_20176.png,False,0,233,646
train,ksdd2_20177,E:\Data (Drive)\IUH\DL\GK\surface-defect-detection\data\images\train\ksdd2_20177.png,True,1,230,647
train,ksdd2_20177_aug1,E:\Data (Drive)\IUH\DL\GK\surface-defect-detection\data\images\train\ksdd2_20177_aug1.png,True,1,230,647
train,ksdd2_20177_aug2,E:\Data (Drive)\IUH\DL\GK\surface-defect-detection\data\images\train\ksdd2_20177_aug2.png,True,1,230,647
train,ksdd2_20179,E:\Data (Drive)\IUH\DL\GK\surface-defect-detection\data\images\train\ksdd2_20179.png,False,0,229,640
train,ksdd2_20180,E:\Data (Drive)\IUH\DL\GK\surface-defect-detection\data\images\train\ksdd2_20180.png,False,0,234,643
train,ksdd2_20181,E:\Data (Drive)\IUH\DL\GK\surface-defect-detection\data\images\train\ksdd2_20181.png,False,0,227,638
train,ksdd2_20182,E:\Data (Drive)\IUH\DL\GK\surface-defect-detection\data\images\train\ksdd2_20182.png,False,0,231,651
train,ksdd2_20184,E:\Data (Drive)\IUH\DL\GK\surface-defect-detection\data\images\train\ksdd2_20184.png,False,0,227,635
train,ksdd2_20185,E:\Data (Drive)\IUH\DL\GK\surface-defect-detection\data\images\train\ksdd2_20185.png,False,0,232,637
train,ksdd2_20186,E:\Data (Drive)\IUH\DL\GK\surface-defect-detection\data\images\train\ksdd2_20186.png,False,0,231,632
train,ksdd2_20189,E:\Data (Drive)\IUH\DL\GK\surface-defect-detection\data\images\train\ksdd2_20189.png,False,0,230,641
train,ksdd2_20190,E:\Data (Drive)\IUH\DL\GK\surface-defect-detection\data\images\train\ksdd2_20190.png,True,1,236,640
train,ksdd2_20190_aug1,E:\Data (Drive)\IUH\DL\GK\surface-defect-detection\data\images\train\ksdd2_20190_aug1.png,True,1,236,640
train,ksdd2_20190_aug2,E:\Data (Drive)\IUH\DL\GK\surface-defect-detection\data\images\train\ksdd2_20190_aug2.png,True,1,236,640
train,ksdd2_20193,E:\Data (Drive)\IUH\DL\GK\surface-defect-detection\data\images\train\ksdd2_20193.png,True,1,228,638
train,ksdd2_20193_aug1,E:\Data (Drive)\IUH\DL\GK\surface-defect-detection\data\images\train\ksdd2_20193_aug1.png,True,1,228,638
train,ksdd2_20193_aug2,E:\Data (Drive)\IUH\DL\GK\surface-defect-detection\data\images\train\ksdd2_20193_aug2.png,True,1,228,638
train,ksdd2_20194,E:\Data (Drive)\IUH\DL\GK\surface-defect-detection\data\images\train\ksdd2_20194.png,False,0,226,643
train,ksdd2_20200,E:\Data (Drive)\IUH\DL\GK\surface-defect-detection\data\images\train\ksdd2_20200.png,False,0,228,644
train,ksdd2_20201,E:\Data (Drive)\IUH\DL\GK\surface-defect-detection\data\images\train\ksdd2_20201.png,False,0,228,626
train,ksdd2_20205,E:\Data (Drive)\IUH\DL\GK\surface-defect-detection\data\images\train\ksdd2_20205.png,False,0,234,631
train,ksdd2_20206,E:\Data (Drive)\IUH\DL\GK\surface-defect-detection\data\images\train\ksdd2_20206.png,False,0,229,632
train,ksdd2_20209,E:\Data (Drive)\IUH\DL\GK\surface-defect-detection\data\images\train\ksdd2_20209.png,True,1,223,640
train,ksdd2_20209_aug1,E:\Data (Drive)\IUH\DL\GK\surface-defect-detection\data\images\train\ksdd2_20209_aug1.png,True,1,223,640
train,ksdd2_20209_aug2,E:\Data (Drive)\IUH\DL\GK\surface-defect-detection\data\images\train\ksdd2_20209_aug2.png,True,1,223,640
train,ksdd2_20210,E:\Data (Drive)\IUH\DL\GK\surface-defect-detection\data\images\train\ksdd2_20210.png,False,0,233,640
train,ksdd2_20211,E:\Data (Drive)\IUH\DL\GK\surface-defect-detection\data\images\train\ksdd2_20211.png,False,0,234,639
train,ksdd2_20213,E:\Data (Drive)\IUH\DL\GK\surface-defect-detection\data\images\train\ksdd2_20213.png,False,0,232,629
train,ksdd2_20215,E:\Data (Drive)\IUH\DL\GK\surface-defect-detection\data\images\train\ksdd2_20215.png,False,0,233,633
train,ksdd2_20216,E:\Data (Drive)\IUH\DL\GK\surface-defect-detection\data\images\train\ksdd2_20216.png,False,0,228,631
train,ksdd2_20217,E:\Data (Drive)\IUH\DL\GK\surface-defect-detection\data\images\train\ksdd2_20217.png,True,1,230,640
train,ksdd2_20217_aug1,E:\Data (Drive)\IUH\DL\GK\surface-defect-detection\data\images\train\ksdd2_20217_aug1.png,True,1,230,640
train,ksdd2_20217_aug2,E:\Data (Drive)\IUH\DL\GK\surface-defect-detection\data\images\train\ksdd2_20217_aug2.png,True,1,230,640
train,ksdd2_20218,E:\Data (Drive)\IUH\DL\GK\surface-defect-detection\data\images\train\ksdd2_20218.png,False,0,231,635
train,ksdd2_20219,E:\Data (Drive)\IUH\DL\GK\surface-defect-detection\data\images\train\ksdd2_20219.png,False,0,228,627
train,ksdd2_20220,E:\Data (Drive)\IUH\DL\GK\surface-defect-detection\data\images\train\ksdd2_20220.png,False,0,227,624
train,ksdd2_20221,E:\Data (Drive)\IUH\DL\GK\surface-defect-detection\data\images\train\ksdd2_20221.png,False,0,233,634
train,ksdd2_20223,E:\Data (Drive)\IUH\DL\GK\surface-defect-detection\data\images\train\ksdd2_20223.png,False,0,227,626
train,ksdd2_20225,E:\Data (Drive)\IUH\DL\GK\surface-defect-detection\data\images\train\ksdd2_20225.png,False,0,228,637
train,ksdd2_20226,E:\Data (Drive)\IUH\DL\GK\surface-defect-detection\data\images\train\ksdd2_20226.png,False,0,232,634
train,ksdd2_20227,E:\Data (Drive)\IUH\DL\GK\surface-defect-detection\data\images\train\ksdd2_20227.png,False,0,231,628
train,ksdd2_20228,E:\Data (Drive)\IUH\DL\GK\surface-defect-detection\data\images\train\ksdd2_20228.png,True,1,231,633
train,ksdd2_20228_aug1,E:\Data (Drive)\IUH\DL\GK\surface-defect-detection\data\images\train\ksdd2_20228_aug1.png,True,1,231,633
train,ksdd2_20228_aug2,E:\Data (Drive)\IUH\DL\GK\surface-defect-detection\data\images\train\ksdd2_20228_aug2.png,True,1,231,633
train,ksdd2_20230,E:\Data (Drive)\IUH\DL\GK\surface-defect-detection\data\images\train\ksdd2_20230.png,False,0,227,641
train,ksdd2_20232,E:\Data (Drive)\IUH\DL\GK\surface-defect-detection\data\images\train\ksdd2_20232.png,False,0,233,647
train,ksdd2_20233,E:\Data (Drive)\IUH\DL\GK\surface-defect-detection\data\images\train\ksdd2_20233.png,False,0,231,634
train,ksdd2_20235,E:\Data (Drive)\IUH\DL\GK\surface-defect-detection\data\images\train\ksdd2_20235.png,False,0,226,632
train,ksdd2_20237,E:\Data (Drive)\IUH\DL\GK\surface-defect-detection\data\images\train\ksdd2_20237.png,False,0,226,633
train,ksdd2_20240,E:\Data (Drive)\IUH\DL\GK\surface-defect-detection\data\images\train\ksdd2_20240.png,False,0,232,631
train,ksdd2_20241,E:\Data (Drive)\IUH\DL\GK\surface-defect-detection\data\images\train\ksdd2_20241.png,False,0,229,639
train,ksdd2_20242,E:\Data (Drive)\IUH\DL\GK\surface-defect-detection\data\images\train\ksdd2_20242.png,False,0,232,650
train,ksdd2_20243,E:\Data (Drive)\IUH\DL\GK\surface-defect-detection\data\images\train\ksdd2_20243.png,False,0,232,640
train,ksdd2_20244,E:\Data (Drive)\IUH\DL\GK\surface-defect-detection\data\images\train\ksdd2_20244.png,False,0,234,631
train,ksdd2_20245,E:\Data (Drive)\IUH\DL\GK\surface-defect-detection\data\images\train\ksdd2_20245.png,False,0,234,648
train,ksdd2_20246,E:\Data (Drive)\IUH\DL\GK\surface-defect-detection\data\images\train\ksdd2_20246.png,True,1,224,634
train,ksdd2_20246_aug1,E:\Data (Drive)\IUH\DL\GK\surface-defect-detection\data\images\train\ksdd2_20246_aug1.png,True,1,224,634
train,ksdd2_20246_aug2,E:\Data (Drive)\IUH\DL\GK\surface-defect-detection\data\images\train\ksdd2_20246_aug2.png,True,1,224,634
train,ksdd2_20249,E:\Data (Drive)\IUH\DL\GK\surface-defect-detection\data\images\train\ksdd2_20249.png,False,0,236,640
train,ksdd2_20250,E:\Data (Drive)\IUH\DL\GK\surface-defect-detection\data\images\train\ksdd2_20250.png,False,0,226,641
train,ksdd2_20251,E:\Data (Drive)\IUH\DL\GK\surface-defect-detection\data\images\train\ksdd2_20251.png,False,0,230,639
train,ksdd2_20255,E:\Data (Drive)\IUH\DL\GK\surface-defect-detection\data\images\train\ksdd2_20255.png,False,0,222,624
train,ksdd2_20256,E:\Data (Drive)\IUH\DL\GK\surface-defect-detection\data\images\train\ksdd2_20256.png,False,0,216,620
train,ksdd2_20257,E:\Data (Drive)\IUH\DL\GK\surface-defect-detection\data\images\train\ksdd2_20257.png,False,0,229,641
train,ksdd2_20258,E:\Data (Drive)\IUH\DL\GK\surface-defect-detection\data\images\train\ksdd2_20258.png,False,0,232,642
train,ksdd2_20259,E:\Data (Drive)\IUH\DL\GK\surface-defect-detection\data\images\train\ksdd2_20259.png,True,1,227,628
train,ksdd2_20259_aug1,E:\Data (Drive)\IUH\DL\GK\surface-defect-detection\data\images\train\ksdd2_20259_aug1.png,True,1,227,628
train,ksdd2_20259_aug2,E:\Data (Drive)\IUH\DL\GK\surface-defect-detection\data\images\train\ksdd2_20259_aug2.png,True,1,227,628
train,ksdd2_20260,E:\Data (Drive)\IUH\DL\GK\surface-defect-detection\data\images\train\ksdd2_20260.png,False,0,224,639
train,ksdd2_20261,E:\Data (Drive)\IUH\DL\GK\surface-defect-detection\data\images\train\ksdd2_20261.png,False,0,231,631
train,ksdd2_20263,E:\Data (Drive)\IUH\DL\GK\surface-defect-detection\data\images\train\ksdd2_20263.png,False,0,235,640
train,ksdd2_20264,E:\Data (Drive)\IUH\DL\GK\surface-defect-detection\data\images\train\ksdd2_20264.png,True,1,228,629
train,ksdd2_20264_aug1,E:\Data (Drive)\IUH\DL\GK\surface-defect-detection\data\images\train\ksdd2_20264_aug1.png,True,1,228,629
train,ksdd2_20264_aug2,E:\Data (Drive)\IUH\DL\GK\surface-defect-detection\data\images\train\ksdd2_20264_aug2.png,True,1,228,629
train,ksdd2_20266,E:\Data (Drive)\IUH\DL\GK\surface-defect-detection\data\images\train\ksdd2_20266.png,False,0,233,657
train,ksdd2_20267,E:\Data (Drive)\IUH\DL\GK\surface-defect-detection\data\images\train\ksdd2_20267.png,False,0,229,634
train,ksdd2_20268,E:\Data (Drive)\IUH\DL\GK\surface-defect-detection\data\images\train\ksdd2_20268.png,False,0,225,631
train,ksdd2_20269,E:\Data (Drive)\IUH\DL\GK\surface-defect-detection\data\images\train\ksdd2_20269.png,False,0,230,637
train,ksdd2_20270,E:\Data (Drive)\IUH\DL\GK\surface-defect-detection\data\images\train\ksdd2_20270.png,False,0,226,631
train,ksdd2_20271,E:\Data (Drive)\IUH\DL\GK\surface-defect-detection\data\images\train\ksdd2_20271.png,False,0,232,648
train,ksdd2_20273,E:\Data (Drive)\IUH\DL\GK\surface-defect-detection\data\images\train\ksdd2_20273.png,False,0,235,632
train,ksdd2_20275,E:\Data (Drive)\IUH\DL\GK\surface-defect-detection\data\images\train\ksdd2_20275.png,True,1,236,636
train,ksdd2_20275_aug1,E:\Data (Drive)\IUH\DL\GK\surface-defect-detection\data\images\train\ksdd2_20275_aug1.png,True,1,236,636
train,ksdd2_20275_aug2,E:\Data (Drive)\IUH\DL\GK\surface-defect-detection\data\images\train\ksdd2_20275_aug2.png,True,1,236,636
train,ksdd2_20276,E:\Data (Drive)\IUH\DL\GK\surface-defect-detection\data\images\train\ksdd2_20276.png,False,0,227,636
train,ksdd2_20278,E:\Data (Drive)\IUH\DL\GK\surface-defect-detection\data\images\train\ksdd2_20278.png,False,0,232,632
train,ksdd2_20279,E:\Data (Drive)\IUH\DL\GK\surface-defect-detection\data\images\train\ksdd2_20279.png,False,0,226,638
train,ksdd2_20282,E:\Data (Drive)\IUH\DL\GK\surface-defect-detection\data\images\train\ksdd2_20282.png,False,0,224,640
train,ksdd2_20283,E:\Data (Drive)\IUH\DL\GK\surface-defect-detection\data\images\train\ksdd2_20283.png,False,0,231,645
train,ksdd2_20284,E:\Data (Drive)\IUH\DL\GK\surface-defect-detection\data\images\train\ksdd2_20284.png,False,0,231,637
train,ksdd2_20286,E:\Data (Drive)\IUH\DL\GK\surface-defect-detection\data\images\train\ksdd2_20286.png,False,0,227,634
train,ksdd2_20287,E:\Data (Drive)\IUH\DL\GK\surface-defect-detection\data\images\train\ksdd2_20287.png,False,0,228,633
train,ksdd2_20288,E:\Data (Drive)\IUH\DL\GK\surface-defect-detection\data\images\train\ksdd2_20288.png,False,0,235,639
train,ksdd2_20289,E:\Data (Drive)\IUH\DL\GK\surface-defect-detection\data\images\train\ksdd2_20289.png,False,0,230,636
train,ksdd2_20290,E:\Data (Drive)\IUH\DL\GK\surface-defect-detection\data\images\train\ksdd2_20290.png,False,0,233,629
train,ksdd2_20291,E:\Data (Drive)\IUH\DL\GK\surface-defect-detection\data\images\train\ksdd2_20291.png,False,0,229,627
train,ksdd2_20292,E:\Data (Drive)\IUH\DL\GK\surface-defect-detection\data\images\train\ksdd2_20292.png,False,0,225,632
train,ksdd2_20293,E:\Data (Drive)\IUH\DL\GK\surface-defect-detection\data\images\train\ksdd2_20293.png,False,0,231,640
train,ksdd2_20294,E:\Data (Drive)\IUH\DL\GK\surface-defect-detection\data\images\train\ksdd2_20294.png,False,0,232,635
train,ksdd2_20295,E:\Data (Drive)\IUH\DL\GK\surface-defect-detection\data\images\train\ksdd2_20295.png,True,1,228,636
train,ksdd2_20295_aug1,E:\Data (Drive)\IUH\DL\GK\surface-defect-detection\data\images\train\ksdd2_20295_aug1.png,True,1,228,636
train,ksdd2_20295_aug2,E:\Data (Drive)\IUH\DL\GK\surface-defect-detection\data\images\train\ksdd2_20295_aug2.png,True,1,228,636
train,ksdd2_20296,E:\Data (Drive)\IUH\DL\GK\surface-defect-detection\data\images\train\ksdd2_20296.png,False,0,230,640
train,ksdd2_20297,E:\Data (Drive)\IUH\DL\GK\surface-defect-detection\data\images\train\ksdd2_20297.png,True,1,237,642
train,ksdd2_20297_aug1,E:\Data (Drive)\IUH\DL\GK\surface-defect-detection\data\images\train\ksdd2_20297_aug1.png,True,1,237,642
train,ksdd2_20297_aug2,E:\Data (Drive)\IUH\DL\GK\surface-defect-detection\data\images\train\ksdd2_20297_aug2.png,True,1,237,642
train,ksdd2_20298,E:\Data (Drive)\IUH\DL\GK\surface-defect-detection\data\images\train\ksdd2_20298.png,False,0,226,640
train,ksdd2_20299,E:\Data (Drive)\IUH\DL\GK\surface-defect-detection\data\images\train\ksdd2_20299.png,False,0,231,630
train,ksdd2_20301,E:\Data (Drive)\IUH\DL\GK\surface-defect-detection\data\images\train\ksdd2_20301.png,False,0,230,640
train,ksdd2_20302,E:\Data (Drive)\IUH\DL\GK\surface-defect-detection\data\images\train\ksdd2_20302.png,False,0,231,641
train,ksdd2_20304,E:\Data (Drive)\IUH\DL\GK\surface-defect-detection\data\images\train\ksdd2_20304.png,False,0,228,640
train,ksdd2_20308,E:\Data (Drive)\IUH\DL\GK\surface-defect-detection\data\images\train\ksdd2_20308.png,False,0,229,631
train,ksdd2_20311,E:\Data (Drive)\IUH\DL\GK\surface-defect-detection\data\images\train\ksdd2_20311.png,False,0,235,644
train,ksdd2_20313,E:\Data (Drive)\IUH\DL\GK\surface-defect-detection\data\images\train\ksdd2_20313.png,False,0,231,635
train,ksdd2_20314,E:\Data (Drive)\IUH\DL\GK\surface-defect-detection\data\images\train\ksdd2_20314.png,False,0,232,647
train,ksdd2_20316,E:\Data (Drive)\IUH\DL\GK\surface-defect-detection\data\images\train\ksdd2_20316.png,False,0,230,643
train,ksdd2_20317,E:\Data (Drive)\IUH\DL\GK\surface-defect-detection\data\images\train\ksdd2_20317.png,False,0,234,638
train,ksdd2_20318,E:\Data (Drive)\IUH\DL\GK\surface-defect-detection\data\images\train\ksdd2_20318.png,False,0,228,636
train,ksdd2_20321,E:\Data (Drive)\IUH\DL\GK\surface-defect-detection\data\images\train\ksdd2_20321.png,False,0,235,633
train,ksdd2_20322,E:\Data (Drive)\IUH\DL\GK\surface-defect-detection\data\images\train\ksdd2_20322.png,False,0,229,609
train,ksdd2_20323,E:\Data (Drive)\IUH\DL\GK\surface-defect-detection\data\images\train\ksdd2_20323.png,False,0,235,630
train,ksdd2_20324,E:\Data (Drive)\IUH\DL\GK\surface-defect-detection\data\images\train\ksdd2_20324.png,False,0,228,636
train,ksdd2_20326,E:\Data (Drive)\IUH\DL\GK\surface-defect-detection\data\images\train\ksdd2_20326.png,False,0,232,632
train,ksdd2_20329,E:\Data (Drive)\IUH\DL\GK\surface-defect-detection\data\images\train\ksdd2_20329.png,False,0,228,640
train,ksdd2_20330,E:\Data (Drive)\IUH\DL\GK\surface-defect-detection\data\images\train\ksdd2_20330.png,False,0,231,637
train,ksdd2_20331,E:\Data (Drive)\IUH\DL\GK\surface-defect-detection\data\images\train\ksdd2_20331.png,False,0,230,644
train,ksdd2_20333,E:\Data (Drive)\IUH\DL\GK\surface-defect-detection\data\images\train\ksdd2_20333.png,False,0,230,635
train,ksdd2_20334,E:\Data (Drive)\IUH\DL\GK\surface-defect-detection\data\images\train\ksdd2_20334.png,True,1,229,635
train,ksdd2_20334_aug1,E:\Data (Drive)\IUH\DL\GK\surface-defect-detection\data\images\train\ksdd2_20334_aug1.png,True,1,229,635
train,ksdd2_20334_aug2,E:\Data (Drive)\IUH\DL\GK\surface-defect-detection\data\images\train\ksdd2_20334_aug2.png,True,1,229,635
train,ksdd2_20335,E:\Data (Drive)\IUH\DL\GK\surface-defect-detection\data\images\train\ksdd2_20335.png,False,0,229,640
train,ksdd2_20337,E:\Data (Drive)\IUH\DL\GK\surface-defect-detection\data\images\train\ksdd2_20337.png,False,0,232,632
train,ksdd2_20338,E:\Data (Drive)\IUH\DL\GK\surface-defect-detection\data\images\train\ksdd2_20338.png,False,0,230,632
train,ksdd2_20339,E:\Data (Drive)\IUH\DL\GK\surface-defect-detection\data\images\train\ksdd2_20339.png,False,0,232,639
train,ksdd2_20340,E:\Data (Drive)\IUH\DL\GK\surface-defect-detection\data\images\train\ksdd2_20340.png,False,0,231,636
train,ksdd2_20341,E:\Data (Drive)\IUH\DL\GK\surface-defect-detection\data\images\train\ksdd2_20341.png,False,0,227,635
train,ksdd2_20342,E:\Data (Drive)\IUH\DL\GK\surface-defect-detection\data\images\train\ksdd2_20342.png,False,0,228,630
train,ksdd2_20344,E:\Data (Drive)\IUH\DL\GK\surface-defect-detection\data\images\train\ksdd2_20344.png,False,0,232,640
train,ksdd2_20345,E:\Data (Drive)\IUH\DL\GK\surface-defect-detection\data\images\train\ksdd2_20345.png,False,0,234,636
train,ksdd2_20346,E:\Data (Drive)\IUH\DL\GK\surface-defect-detection\data\images\train\ksdd2_20346.png,False,0,225,640
train,ksdd2_20347,E:\Data (Drive)\IUH\DL\GK\surface-defect-detection\data\images\train\ksdd2_20347.png,False,0,238,642
train,ksdd2_20348,E:\Data (Drive)\IUH\DL\GK\surface-defect-detection\data\images\train\ksdd2_20348.png,False,0,235,630
train,ksdd2_20349,E:\Data (Drive)\IUH\DL\GK\surface-defect-detection\data\images\train\ksdd2_20349.png,False,0,228,636
train,ksdd2_20350,E:\Data (Drive)\IUH\DL\GK\surface-defect-detection\data\images\train\ksdd2_20350.png,False,0,228,642
train,ksdd2_20351,E:\Data (Drive)\IUH\DL\GK\surface-defect-detection\data\images\train\ksdd2_20351.png,False,0,232,646
train,ksdd2_20352,E:\Data (Drive)\IUH\DL\GK\surface-defect-detection\data\images\train\ksdd2_20352.png,False,0,233,635
train,ksdd2_20353,E:\Data (Drive)\IUH\DL\GK\surface-defect-detection\data\images\train\ksdd2_20353.png,False,0,234,644
train,ksdd2_20354,E:\Data (Drive)\IUH\DL\GK\surface-defect-detection\data\images\train\ksdd2_20354.png,False,0,234,633
train,ksdd2_20355,E:\Data (Drive)\IUH\DL\GK\surface-defect-detection\data\images\train\ksdd2_20355.png,False,0,232,637
train,ksdd2_20356,E:\Data (Drive)\IUH\DL\GK\surface-defect-detection\data\images\train\ksdd2_20356.png,False,0,228,638
train,ksdd2_20357,E:\Data (Drive)\IUH\DL\GK\surface-defect-detection\data\images\train\ksdd2_20357.png,False,0,235,642
train,ksdd2_20358,E:\Data (Drive)\IUH\DL\GK\surface-defect-detection\data\images\train\ksdd2_20358.png,False,0,230,641
train,ksdd2_20359,E:\Data (Drive)\IUH\DL\GK\surface-defect-detection\data\images\train\ksdd2_20359.png,False,0,228,637
train,ksdd2_20360,E:\Data (Drive)\IUH\DL\GK\surface-defect-detection\data\images\train\ksdd2_20360.png,False,0,230,637
train,ksdd2_20362,E:\Data (Drive)\IUH\DL\GK\surface-defect-detection\data\images\train\ksdd2_20362.png,False,0,235,648
train,ksdd2_20363,E:\Data (Drive)\IUH\DL\GK\surface-defect-detection\data\images\train\ksdd2_20363.png,False,0,231,648
train,ksdd2_20364,E:\Data (Drive)\IUH\DL\GK\surface-defect-detection\data\images\train\ksdd2_20364.png,False,0,231,630
train,ksdd2_20369,E:\Data (Drive)\IUH\DL\GK\surface-defect-detection\data\images\train\ksdd2_20369.png,False,0,235,642
train,ksdd2_20370,E:\Data (Drive)\IUH\DL\GK\surface-defect-detection\data\images\train\ksdd2_20370.png,False,0,229,639
train,ksdd2_20373,E:\Data (Drive)\IUH\DL\GK\surface-defect-detection\data\images\train\ksdd2_20373.png,False,0,223,630
train,ksdd2_20374,E:\Data (Drive)\IUH\DL\GK\surface-defect-detection\data\images\train\ksdd2_20374.png,False,0,228,628
train,ksdd2_20378,E:\Data (Drive)\IUH\DL\GK\surface-defect-detection\data\images\train\ksdd2_20378.png,True,1,232,640
train,ksdd2_20378_aug1,E:\Data (Drive)\IUH\DL\GK\surface-defect-detection\data\images\train\ksdd2_20378_aug1.png,True,1,232,640
train,ksdd2_20378_aug2,E:\Data (Drive)\IUH\DL\GK\surface-defect-detection\data\images\train\ksdd2_20378_aug2.png,True,1,232,640
train,ksdd2_20379,E:\Data (Drive)\IUH\DL\GK\surface-defect-detection\data\images\train\ksdd2_20379.png,False,0,227,632
train,ksdd2_20381,E:\Data (Drive)\IUH\DL\GK\surface-defect-detection\data\images\train\ksdd2_20381.png,False,0,231,642
train,ksdd2_20382,E:\Data (Drive)\IUH\DL\GK\surface-defect-detection\data\images\train\ksdd2_20382.png,False,0,228,638
train,ksdd2_20384,E:\Data (Drive)\IUH\DL\GK\surface-defect-detection\data\images\train\ksdd2_20384.png,False,0,230,639
train,ksdd2_20385,E:\Data (Drive)\IUH\DL\GK\surface-defect-detection\data\images\train\ksdd2_20385.png,False,0,230,638
train,ksdd2_20386,E:\Data (Drive)\IUH\DL\GK\surface-defect-detection\data\images\train\ksdd2_20386.png,False,0,227,634
train,ksdd2_20387,E:\Data (Drive)\IUH\DL\GK\surface-defect-detection\data\images\train\ksdd2_20387.png,False,0,227,639
train,ksdd2_20389,E:\Data (Drive)\IUH\DL\GK\surface-defect-detection\data\images\train\ksdd2_20389.png,False,0,233,638
train,ksdd2_20392,E:\Data (Drive)\IUH\DL\GK\surface-defect-detection\data\images\train\ksdd2_20392.png,True,1,231,640
train,ksdd2_20392_aug1,E:\Data (Drive)\IUH\DL\GK\surface-defect-detection\data\images\train\ksdd2_20392_aug1.png,True,1,231,640
train,ksdd2_20392_aug2,E:\Data (Drive)\IUH\DL\GK\surface-defect-detection\data\images\train\ksdd2_20392_aug2.png,True,1,231,640
train,ksdd2_20393,E:\Data (Drive)\IUH\DL\GK\surface-defect-detection\data\images\train\ksdd2_20393.png,False,0,226,631
train,ksdd2_20395,E:\Data (Drive)\IUH\DL\GK\surface-defect-detection\data\images\train\ksdd2_20395.png,False,0,225,635
train,ksdd2_20398,E:\Data (Drive)\IUH\DL\GK\surface-defect-detection\data\images\train\ksdd2_20398.png,False,0,229,629
train,ksdd2_20399,E:\Data (Drive)\IUH\DL\GK\surface-defect-detection\data\images\train\ksdd2_20399.png,False,0,228,637
train,ksdd2_20401,E:\Data (Drive)\IUH\DL\GK\surface-defect-detection\data\images\train\ksdd2_20401.png,False,0,231,642
train,ksdd2_20402,E:\Data (Drive)\IUH\DL\GK\surface-defect-detection\data\images\train\ksdd2_20402.png,False,0,226,642
train,ksdd2_20403,E:\Data (Drive)\IUH\DL\GK\surface-defect-detection\data\images\train\ksdd2_20403.png,True,1,228,636
train,ksdd2_20403_aug1,E:\Data (Drive)\IUH\DL\GK\surface-defect-detection\data\images\train\ksdd2_20403_aug1.png,True,1,228,636
train,ksdd2_20403_aug2,E:\Data (Drive)\IUH\DL\GK\surface-defect-detection\data\images\train\ksdd2_20403_aug2.png,True,1,228,636
train,ksdd2_20405,E:\Data (Drive)\IUH\DL\GK\surface-defect-detection\data\images\train\ksdd2_20405.png,False,0,231,645
train,ksdd2_20406,E:\Data (Drive)\IUH\DL\GK\surface-defect-detection\data\images\train\ksdd2_20406.png,False,0,230,639
train,ksdd2_20407,E:\Data (Drive)\IUH\DL\GK\surface-defect-detection\data\images\train\ksdd2_20407.png,False,0,236,641
train,ksdd2_20408,E:\Data (Drive)\IUH\DL\GK\surface-defect-detection\data\images\train\ksdd2_20408.png,False,0,227,621
train,ksdd2_20409,E:\Data (Drive)\IUH\DL\GK\surface-defect-detection\data\images\train\ksdd2_20409.png,False,0,228,641
train,ksdd2_20410,E:\Data (Drive)\IUH\DL\GK\surface-defect-detection\data\images\train\ksdd2_20410.png,False,0,235,632
train,ksdd2_20411,E:\Data (Drive)\IUH\DL\GK\surface-defect-detection\data\images\train\ksdd2_20411.png,False,0,227,644
train,ksdd2_20412,E:\Data (Drive)\IUH\DL\GK\surface-defect-detection\data\images\train\ksdd2_20412.png,False,0,228,641
train,ksdd2_20414,E:\Data (Drive)\IUH\DL\GK\surface-defect-detection\data\images\train\ksdd2_20414.png,False,0,231,644
train,ksdd2_20415,E:\Data (Drive)\IUH\DL\GK\surface-defect-detection\data\images\train\ksdd2_20415.png,False,0,233,641
train,ksdd2_20417,E:\Data (Drive)\IUH\DL\GK\surface-defect-detection\data\images\train\ksdd2_20417.png,False,0,228,633
train,ksdd2_20418,E:\Data (Drive)\IUH\DL\GK\surface-defect-detection\data\images\train\ksdd2_20418.png,False,0,234,635
train,ksdd2_20420,E:\Data (Drive)\IUH\DL\GK\surface-defect-detection\data\images\train\ksdd2_20420.png,False,0,231,640
train,ksdd2_20421,E:\Data (Drive)\IUH\DL\GK\surface-defect-detection\data\images\train\ksdd2_20421.png,False,0,232,644
train,ksdd2_20422,E:\Data (Drive)\IUH\DL\GK\surface-defect-detection\data\images\train\ksdd2_20422.png,False,0,229,638
train,ksdd2_20423,E:\Data (Drive)\IUH\DL\GK\surface-defect-detection\data\images\train\ksdd2_20423.png,False,0,234,630
train,ksdd2_20424,E:\Data (Drive)\IUH\DL\GK\surface-defect-detection\data\images\train\ksdd2_20424.png,False,0,208,624
train,ksdd2_20426,E:\Data (Drive)\IUH\DL\GK\surface-defect-detection\data\images\train\ksdd2_20426.png,True,1,228,640
train,ksdd2_20426_aug1,E:\Data (Drive)\IUH\DL\GK\surface-defect-detection\data\images\train\ksdd2_20426_aug1.png,True,1,228,640
train,ksdd2_20426_aug2,E:\Data (Drive)\IUH\DL\GK\surface-defect-detection\data\images\train\ksdd2_20426_aug2.png,True,1,228,640
train,ksdd2_20427,E:\Data (Drive)\IUH\DL\GK\surface-defect-detection\data\images\train\ksdd2_20427.png,False,0,201,632
train,ksdd2_20428,E:\Data (Drive)\IUH\DL\GK\surface-defect-detection\data\images\train\ksdd2_20428.png,True,1,229,649
train,ksdd2_20428_aug1,E:\Data (Drive)\IUH\DL\GK\surface-defect-detection\data\images\train\ksdd2_20428_aug1.png,True,1,229,649
train,ksdd2_20428_aug2,E:\Data (Drive)\IUH\DL\GK\surface-defect-detection\data\images\train\ksdd2_20428_aug2.png,True,1,229,649
train,ksdd2_20429,E:\Data (Drive)\IUH\DL\GK\surface-defect-detection\data\images\train\ksdd2_20429.png,False,0,234,639
train,ksdd2_20430,E:\Data (Drive)\IUH\DL\GK\surface-defect-detection\data\images\train\ksdd2_20430.png,False,0,229,629
train,ksdd2_20431,E:\Data (Drive)\IUH\DL\GK\surface-defect-detection\data\images\train\ksdd2_20431.png,False,0,235,632
train,ksdd2_20432,E:\Data (Drive)\IUH\DL\GK\surface-defect-detection\data\images\train\ksdd2_20432.png,False,0,220,641
train,ksdd2_20433,E:\Data (Drive)\IUH\DL\GK\surface-defect-detection\data\images\train\ksdd2_20433.png,False,0,233,642
train,ksdd2_20434,E:\Data (Drive)\IUH\DL\GK\surface-defect-detection\data\images\train\ksdd2_20434.png,True,1,228,641
train,ksdd2_20434_aug1,E:\Data (Drive)\IUH\DL\GK\surface-defect-detection\data\images\train\ksdd2_20434_aug1.png,True,1,228,641
train,ksdd2_20434_aug2,E:\Data (Drive)\IUH\DL\GK\surface-defect-detection\data\images\train\ksdd2_20434_aug2.png,True,1,228,641
train,ksdd2_20436,E:\Data (Drive)\IUH\DL\GK\surface-defect-detection\data\images\train\ksdd2_20436.png,False,0,228,634
train,ksdd2_20437,E:\Data (Drive)\IUH\DL\GK\surface-defect-detection\data\images\train\ksdd2_20437.png,False,0,228,635
train,ksdd2_20438,E:\Data (Drive)\IUH\DL\GK\surface-defect-detection\data\images\train\ksdd2_20438.png,False,0,232,634
train,ksdd2_20441,E:\Data (Drive)\IUH\DL\GK\surface-defect-detection\data\images\train\ksdd2_20441.png,False,0,231,650
train,ksdd2_20444,E:\Data (Drive)\IUH\DL\GK\surface-defect-detection\data\images\train\ksdd2_20444.png,False,0,221,635
train,ksdd2_20445,E:\Data (Drive)\IUH\DL\GK\surface-defect-detection\data\images\train\ksdd2_20445.png,False,0,232,640
train,ksdd2_20447,E:\Data (Drive)\IUH\DL\GK\surface-defect-detection\data\images\train\ksdd2_20447.png,False,0,229,632
train,ksdd2_20449,E:\Data (Drive)\IUH\DL\GK\surface-defect-detection\data\images\train\ksdd2_20449.png,False,0,222,640
train,ksdd2_20450,E:\Data (Drive)\IUH\DL\GK\surface-defect-detection\data\images\train\ksdd2_20450.png,False,0,222,638
train,ksdd2_20451,E:\Data (Drive)\IUH\DL\GK\surface-defect-detection\data\images\train\ksdd2_20451.png,False,0,230,639
train,ksdd2_20452,E:\Data (Drive)\IUH\DL\GK\surface-defect-detection\data\images\train\ksdd2_20452.png,True,1,228,642
train,ksdd2_20452_aug1,E:\Data (Drive)\IUH\DL\GK\surface-defect-detection\data\images\train\ksdd2_20452_aug1.png,True,1,228,642
train,ksdd2_20452_aug2,E:\Data (Drive)\IUH\DL\GK\surface-defect-detection\data\images\train\ksdd2_20452_aug2.png,True,1,228,642
train,ksdd2_20454,E:\Data (Drive)\IUH\DL\GK\surface-defect-detection\data\images\train\ksdd2_20454.png,False,0,234,642
train,ksdd2_20455,E:\Data (Drive)\IUH\DL\GK\surface-defect-detection\data\images\train\ksdd2_20455.png,False,0,235,645
train,ksdd2_20457,E:\Data (Drive)\IUH\DL\GK\surface-defect-detection\data\images\train\ksdd2_20457.png,True,1,232,631
train,ksdd2_20457_aug1,E:\Data (Drive)\IUH\DL\GK\surface-defect-detection\data\images\train\ksdd2_20457_aug1.png,True,1,232,631
train,ksdd2_20457_aug2,E:\Data (Drive)\IUH\DL\GK\surface-defect-detection\data\images\train\ksdd2_20457_aug2.png,True,1,232,631
train,ksdd2_20458,E:\Data (Drive)\IUH\DL\GK\surface-defect-detection\data\images\train\ksdd2_20458.png,False,0,234,645
train,ksdd2_20461,E:\Data (Drive)\IUH\DL\GK\surface-defect-detection\data\images\train\ksdd2_20461.png,False,0,234,639
train,ksdd2_20462,E:\Data (Drive)\IUH\DL\GK\surface-defect-detection\data\images\train\ksdd2_20462.png,False,0,226,640
train,ksdd2_20465,E:\Data (Drive)\IUH\DL\GK\surface-defect-detection\data\images\train\ksdd2_20465.png,True,1,212,633
train,ksdd2_20465_aug1,E:\Data (Drive)\IUH\DL\GK\surface-defect-detection\data\images\train\ksdd2_20465_aug1.png,True,1,212,633
train,ksdd2_20465_aug2,E:\Data (Drive)\IUH\DL\GK\surface-defect-detection\data\images\train\ksdd2_20465_aug2.png,True,1,212,633
train,ksdd2_20466,E:\Data (Drive)\IUH\DL\GK\surface-defect-detection\data\images\train\ksdd2_20466.png,False,0,233,643
train,ksdd2_20468,E:\Data (Drive)\IUH\DL\GK\surface-defect-detection\data\images\train\ksdd2_20468.png,False,0,236,642
train,ksdd2_20469,E:\Data (Drive)\IUH\DL\GK\surface-defect-detection\data\images\train\ksdd2_20469.png,False,0,225,638
train,ksdd2_20470,E:\Data (Drive)\IUH\DL\GK\surface-defect-detection\data\images\train\ksdd2_20470.png,False,0,234,645
train,ksdd2_20472,E:\Data (Drive)\IUH\DL\GK\surface-defect-detection\data\images\train\ksdd2_20472.png,False,0,233,637
train,ksdd2_20473,E:\Data (Drive)\IUH\DL\GK\surface-defect-detection\data\images\train\ksdd2_20473.png,False,0,233,638
train,ksdd2_20474,E:\Data (Drive)\IUH\DL\GK\surface-defect-detection\data\images\train\ksdd2_20474.png,False,0,229,637
train,ksdd2_20475,E:\Data (Drive)\IUH\DL\GK\surface-defect-detection\data\images\train\ksdd2_20475.png,False,0,230,631
train,ksdd2_20476,E:\Data (Drive)\IUH\DL\GK\surface-defect-detection\data\images\train\ksdd2_20476.png,False,0,227,634
train,ksdd2_20478,E:\Data (Drive)\IUH\DL\GK\surface-defect-detection\data\images\train\ksdd2_20478.png,False,0,233,647
train,ksdd2_20479,E:\Data (Drive)\IUH\DL\GK\surface-defect-detection\data\images\train\ksdd2_20479.png,False,0,227,635
train,ksdd2_20480,E:\Data (Drive)\IUH\DL\GK\surface-defect-detection\data\images\train\ksdd2_20480.png,False,0,236,642
train,ksdd2_20481,E:\Data (Drive)\IUH\DL\GK\surface-defect-detection\data\images\train\ksdd2_20481.png,False,0,232,648
train,ksdd2_20482,E:\Data (Drive)\IUH\DL\GK\surface-defect-detection\data\images\train\ksdd2_20482.png,False,0,228,632
train,ksdd2_20485,E:\Data (Drive)\IUH\DL\GK\surface-defect-detection\data\images\train\ksdd2_20485.png,False,0,234,644
train,ksdd2_20487,E:\Data (Drive)\IUH\DL\GK\surface-defect-detection\data\images\train\ksdd2_20487.png,True,1,234,639
train,ksdd2_20487_aug1,E:\Data (Drive)\IUH\DL\GK\surface-defect-detection\data\images\train\ksdd2_20487_aug1.png,True,1,234,639
train,ksdd2_20487_aug2,E:\Data (Drive)\IUH\DL\GK\surface-defect-detection\data\images\train\ksdd2_20487_aug2.png,True,1,234,639
train,ksdd2_20488,E:\Data (Drive)\IUH\DL\GK\surface-defect-detection\data\images\train\ksdd2_20488.png,False,0,232,646
train,ksdd2_20490,E:\Data (Drive)\IUH\DL\GK\surface-defect-detection\data\images\train\ksdd2_20490.png,False,0,228,641
train,ksdd2_20491,E:\Data (Drive)\IUH\DL\GK\surface-defect-detection\data\images\train\ksdd2_20491.png,False,0,222,628
train,ksdd2_20492,E:\Data (Drive)\IUH\DL\GK\surface-defect-detection\data\images\train\ksdd2_20492.png,False,0,226,633
train,ksdd2_20493,E:\Data (Drive)\IUH\DL\GK\surface-defect-detection\data\images\train\ksdd2_20493.png,False,0,234,646
train,ksdd2_20494,E:\Data (Drive)\IUH\DL\GK\surface-defect-detection\data\images\train\ksdd2_20494.png,False,0,231,643
train,ksdd2_20496,E:\Data (Drive)\IUH\DL\GK\surface-defect-detection\data\images\train\ksdd2_20496.png,False,0,231,635
train,ksdd2_20497,E:\Data (Drive)\IUH\DL\GK\surface-defect-detection\data\images\train\ksdd2_20497.png,False,0,228,644
train,ksdd2_20499,E:\Data (Drive)\IUH\DL\GK\surface-defect-detection\data\images\train\ksdd2_20499.png,False,0,227,636
train,ksdd2_20501,E:\Data (Drive)\IUH\DL\GK\surface-defect-detection\data\images\train\ksdd2_20501.png,False,0,223,629
train,ksdd2_20502,E:\Data (Drive)\IUH\DL\GK\surface-defect-detection\data\images\train\ksdd2_20502.png,True,1,236,637
train,ksdd2_20502_aug1,E:\Data (Drive)\IUH\DL\GK\surface-defect-detection\data\images\train\ksdd2_20502_aug1.png,True,1,236,637
train,ksdd2_20502_aug2,E:\Data (Drive)\IUH\DL\GK\surface-defect-detection\data\images\train\ksdd2_20502_aug2.png,True,1,236,637
train,ksdd2_20503,E:\Data (Drive)\IUH\DL\GK\surface-defect-detection\data\images\train\ksdd2_20503.png,False,0,230,640
train,ksdd2_20504,E:\Data (Drive)\IUH\DL\GK\surface-defect-detection\data\images\train\ksdd2_20504.png,False,0,234,634
train,ksdd2_20505,E:\Data (Drive)\IUH\DL\GK\surface-defect-detection\data\images\train\ksdd2_20505.png,False,0,228,630
train,ksdd2_20506,E:\Data (Drive)\IUH\DL\GK\surface-defect-detection\data\images\train\ksdd2_20506.png,False,0,221,638
train,ksdd2_20508,E:\Data (Drive)\IUH\DL\GK\surface-defect-detection\data\images\train\ksdd2_20508.png,False,0,230,634
train,ksdd2_20510,E:\Data (Drive)\IUH\DL\GK\surface-defect-detection\data\images\train\ksdd2_20510.png,False,0,231,642
train,ksdd2_20514,E:\Data (Drive)\IUH\DL\GK\surface-defect-detection\data\images\train\ksdd2_20514.png,False,0,229,634
train,ksdd2_20515,E:\Data (Drive)\IUH\DL\GK\surface-defect-detection\data\images\train\ksdd2_20515.png,False,0,230,640
train,ksdd2_20516,E:\Data (Drive)\IUH\DL\GK\surface-defect-detection\data\images\train\ksdd2_20516.png,False,0,232,637
train,ksdd2_20517,E:\Data (Drive)\IUH\DL\GK\surface-defect-detection\data\images\train\ksdd2_20517.png,True,1,233,638
train,ksdd2_20517_aug1,E:\Data (Drive)\IUH\DL\GK\surface-defect-detection\data\images\train\ksdd2_20517_aug1.png,True,1,233,638
train,ksdd2_20517_aug2,E:\Data (Drive)\IUH\DL\GK\surface-defect-detection\data\images\train\ksdd2_20517_aug2.png,True,1,233,638
train,ksdd2_20519,E:\Data (Drive)\IUH\DL\GK\surface-defect-detection\data\images\train\ksdd2_20519.png,False,0,227,636
train,ksdd2_20520,E:\Data (Drive)\IUH\DL\GK\surface-defect-detection\data\images\train\ksdd2_20520.png,False,0,226,639
train,ksdd2_20521,E:\Data (Drive)\IUH\DL\GK\surface-defect-detection\data\images\train\ksdd2_20521.png,False,0,229,638
train,ksdd2_20522,E:\Data (Drive)\IUH\DL\GK\surface-defect-detection\data\images\train\ksdd2_20522.png,False,0,232,640
train,ksdd2_20523,E:\Data (Drive)\IUH\DL\GK\surface-defect-detection\data\images\train\ksdd2_20523.png,True,1,230,642
train,ksdd2_20523_aug1,E:\Data (Drive)\IUH\DL\GK\surface-defect-detection\data\images\train\ksdd2_20523_aug1.png,True,1,230,642
train,ksdd2_20523_aug2,E:\Data (Drive)\IUH\DL\GK\surface-defect-detection\data\images\train\ksdd2_20523_aug2.png,True,1,230,642
train,ksdd2_20524,E:\Data (Drive)\IUH\DL\GK\surface-defect-detection\data\images\train\ksdd2_20524.png,False,0,229,640
train,ksdd2_20525,E:\Data (Drive)\IUH\DL\GK\surface-defect-detection\data\images\train\ksdd2_20525.png,False,0,224,641
train,ksdd2_20526,E:\Data (Drive)\IUH\DL\GK\surface-defect-detection\data\images\train\ksdd2_20526.png,False,0,227,635
train,ksdd2_20527,E:\Data (Drive)\IUH\DL\GK\surface-defect-detection\data\images\train\ksdd2_20527.png,False,0,241,636
train,ksdd2_20528,E:\Data (Drive)\IUH\DL\GK\surface-defect-detection\data\images\train\ksdd2_20528.png,False,0,226,631
train,ksdd2_20529,E:\Data (Drive)\IUH\DL\GK\surface-defect-detection\data\images\train\ksdd2_20529.png,False,0,226,640
train,ksdd2_20531,E:\Data (Drive)\IUH\DL\GK\surface-defect-detection\data\images\train\ksdd2_20531.png,False,0,234,643
train,ksdd2_20532,E:\Data (Drive)\IUH\DL\GK\surface-defect-detection\data\images\train\ksdd2_20532.png,False,0,231,614
train,ksdd2_20533,E:\Data (Drive)\IUH\DL\GK\surface-defect-detection\data\images\train\ksdd2_20533.png,False,0,230,630
train,ksdd2_20535,E:\Data (Drive)\IUH\DL\GK\surface-defect-detection\data\images\train\ksdd2_20535.png,True,1,227,641
train,ksdd2_20535_aug1,E:\Data (Drive)\IUH\DL\GK\surface-defect-detection\data\images\train\ksdd2_20535_aug1.png,True,1,227,641
train,ksdd2_20535_aug2,E:\Data (Drive)\IUH\DL\GK\surface-defect-detection\data\images\train\ksdd2_20535_aug2.png,True,1,227,641
train,ksdd2_20538,E:\Data (Drive)\IUH\DL\GK\surface-defect-detection\data\images\train\ksdd2_20538.png,False,0,230,638
train,ksdd2_20539,E:\Data (Drive)\IUH\DL\GK\surface-defect-detection\data\images\train\ksdd2_20539.png,False,0,227,644
train,ksdd2_20540,E:\Data (Drive)\IUH\DL\GK\surface-defect-detection\data\images\train\ksdd2_20540.png,False,0,229,630
train,ksdd2_20541,E:\Data (Drive)\IUH\DL\GK\surface-defect-detection\data\images\train\ksdd2_20541.png,False,0,233,638
train,ksdd2_20542,E:\Data (Drive)\IUH\DL\GK\surface-defect-detection\data\images\train\ksdd2_20542.png,False,0,228,628
train,ksdd2_20545,E:\Data (Drive)\IUH\DL\GK\surface-defect-detection\data\images\train\ksdd2_20545.png,False,0,224,629
train,ksdd2_20546,E:\Data (Drive)\IUH\DL\GK\surface-defect-detection\data\images\train\ksdd2_20546.png,True,1,232,640
train,ksdd2_20546_aug1,E:\Data (Drive)\IUH\DL\GK\surface-defect-detection\data\images\train\ksdd2_20546_aug1.png,True,1,232,640
train,ksdd2_20546_aug2,E:\Data (Drive)\IUH\DL\GK\surface-defect-detection\data\images\train\ksdd2_20546_aug2.png,True,1,232,640
train,ksdd2_20547,E:\Data (Drive)\IUH\DL\GK\surface-defect-detection\data\images\train\ksdd2_20547.png,False,0,225,646
train,ksdd2_20548,E:\Data (Drive)\IUH\DL\GK\surface-defect-detection\data\images\train\ksdd2_20548.png,False,0,226,634
train,ksdd2_20549,E:\Data (Drive)\IUH\DL\GK\surface-defect-detection\data\images\train\ksdd2_20549.png,False,0,232,649
train,ksdd2_20551,E:\Data (Drive)\IUH\DL\GK\surface-defect-detection\data\images\train\ksdd2_20551.png,False,0,232,641
train,ksdd2_20552,E:\Data (Drive)\IUH\DL\GK\surface-defect-detection\data\images\train\ksdd2_20552.png,False,0,232,634
train,ksdd2_20553,E:\Data (Drive)\IUH\DL\GK\surface-defect-detection\data\images\train\ksdd2_20553.png,False,0,234,641
train,ksdd2_20554,E:\Data (Drive)\IUH\DL\GK\surface-defect-detection\data\images\train\ksdd2_20554.png,False,0,232,641
train,ksdd2_20555,E:\Data (Drive)\IUH\DL\GK\surface-defect-detection\data\images\train\ksdd2_20555.png,False,0,229,629
train,ksdd2_20556,E:\Data (Drive)\IUH\DL\GK\surface-defect-detection\data\images\train\ksdd2_20556.png,False,0,228,627
train,ksdd2_20557,E:\Data (Drive)\IUH\DL\GK\surface-defect-detection\data\images\train\ksdd2_20557.png,False,0,237,631
train,ksdd2_20558,E:\Data (Drive)\IUH\DL\GK\surface-defect-detection\data\images\train\ksdd2_20558.png,False,0,227,630
train,ksdd2_20559,E:\Data (Drive)\IUH\DL\GK\surface-defect-detection\data\images\train\ksdd2_20559.png,False,0,228,640
train,ksdd2_20560,E:\Data (Drive)\IUH\DL\GK\surface-defect-detection\data\images\train\ksdd2_20560.png,False,0,227,627
train,ksdd2_20562,E:\Data (Drive)\IUH\DL\GK\surface-defect-detection\data\images\train\ksdd2_20562.png,False,0,236,640
train,ksdd2_20564,E:\Data (Drive)\IUH\DL\GK\surface-defect-detection\data\images\train\ksdd2_20564.png,True,1,227,629
train,ksdd2_20564_aug1,E:\Data (Drive)\IUH\DL\GK\surface-defect-detection\data\images\train\ksdd2_20564_aug1.png,True,1,227,629
train,ksdd2_20564_aug2,E:\Data (Drive)\IUH\DL\GK\surface-defect-detection\data\images\train\ksdd2_20564_aug2.png,True,1,227,629
train,ksdd2_20566,E:\Data (Drive)\IUH\DL\GK\surface-defect-detection\data\images\train\ksdd2_20566.png,False,0,226,634
train,ksdd2_20567,E:\Data (Drive)\IUH\DL\GK\surface-defect-detection\data\images\train\ksdd2_20567.png,False,0,231,634
train,ksdd2_20568,E:\Data (Drive)\IUH\DL\GK\surface-defect-detection\data\images\train\ksdd2_20568.png,False,0,227,632
train,ksdd2_20569,E:\Data (Drive)\IUH\DL\GK\surface-defect-detection\data\images\train\ksdd2_20569.png,False,0,227,635
train,ksdd2_20572,E:\Data (Drive)\IUH\DL\GK\surface-defect-detection\data\images\train\ksdd2_20572.png,False,0,224,627
train,ksdd2_20573,E:\Data (Drive)\IUH\DL\GK\surface-defect-detection\data\images\train\ksdd2_20573.png,False,0,223,632
train,ksdd2_20574,E:\Data (Drive)\IUH\DL\GK\surface-defect-detection\data\images\train\ksdd2_20574.png,False,0,230,631
train,ksdd2_20575,E:\Data (Drive)\IUH\DL\GK\surface-defect-detection\data\images\train\ksdd2_20575.png,False,0,228,646
train,ksdd2_20576,E:\Data (Drive)\IUH\DL\GK\surface-defect-detection\data\images\train\ksdd2_20576.png,False,0,233,637
train,ksdd2_20577,E:\Data (Drive)\IUH\DL\GK\surface-defect-detection\data\images\train\ksdd2_20577.png,False,0,230,636
train,ksdd2_20578,E:\Data (Drive)\IUH\DL\GK\surface-defect-detection\data\images\train\ksdd2_20578.png,False,0,230,634
train,ksdd2_20579,E:\Data (Drive)\IUH\DL\GK\surface-defect-detection\data\images\train\ksdd2_20579.png,False,0,232,642
train,ksdd2_20580,E:\Data (Drive)\IUH\DL\GK\surface-defect-detection\data\images\train\ksdd2_20580.png,False,0,237,635
train,ksdd2_20581,E:\Data (Drive)\IUH\DL\GK\surface-defect-detection\data\images\train\ksdd2_20581.png,False,0,226,639
train,ksdd2_20585,E:\Data (Drive)\IUH\DL\GK\surface-defect-detection\data\images\train\ksdd2_20585.png,False,0,225,647
train,ksdd2_20586,E:\Data (Drive)\IUH\DL\GK\surface-defect-detection\data\images\train\ksdd2_20586.png,False,0,235,641
train,ksdd2_20587,E:\Data (Drive)\IUH\DL\GK\surface-defect-detection\data\images\train\ksdd2_20587.png,True,1,237,637
train,ksdd2_20587_aug1,E:\Data (Drive)\IUH\DL\GK\surface-defect-detection\data\images\train\ksdd2_20587_aug1.png,True,1,237,637
train,ksdd2_20587_aug2,E:\Data (Drive)\IUH\DL\GK\surface-defect-detection\data\images\train\ksdd2_20587_aug2.png,True,1,237,637
train,ksdd2_20588,E:\Data (Drive)\IUH\DL\GK\surface-defect-detection\data\images\train\ksdd2_20588.png,False,0,236,638
train,ksdd2_20589,E:\Data (Drive)\IUH\DL\GK\surface-defect-detection\data\images\train\ksdd2_20589.png,False,0,237,633
train,ksdd2_20590,E:\Data (Drive)\IUH\DL\GK\surface-defect-detection\data\images\train\ksdd2_20590.png,False,0,232,641
train,ksdd2_20592,E:\Data (Drive)\IUH\DL\GK\surface-defect-detection\data\images\train\ksdd2_20592.png,False,0,232,630
train,ksdd2_20593,E:\Data (Drive)\IUH\DL\GK\surface-defect-detection\data\images\train\ksdd2_20593.png,False,0,226,633
train,ksdd2_20594,E:\Data (Drive)\IUH\DL\GK\surface-defect-detection\data\images\train\ksdd2_20594.png,False,0,208,634
train,ksdd2_20596,E:\Data (Drive)\IUH\DL\GK\surface-defect-detection\data\images\train\ksdd2_20596.png,False,0,220,633
train,ksdd2_20597,E:\Data (Drive)\IUH\DL\GK\surface-defect-detection\data\images\train\ksdd2_20597.png,False,0,226,630
train,ksdd2_20598,E:\Data (Drive)\IUH\DL\GK\surface-defect-detection\data\images\train\ksdd2_20598.png,False,0,226,628
train,ksdd2_20599,E:\Data (Drive)\IUH\DL\GK\surface-defect-detection\data\images\train\ksdd2_20599.png,True,2,227,640
train,ksdd2_20599_aug1,E:\Data (Drive)\IUH\DL\GK\surface-defect-detection\data\images\train\ksdd2_20599_aug1.png,True,2,227,640
train,ksdd2_20599_aug2,E:\Data (Drive)\IUH\DL\GK\surface-defect-detection\data\images\train\ksdd2_20599_aug2.png,True,2,227,640
train,ksdd2_20601,E:\Data (Drive)\IUH\DL\GK\surface-defect-detection\data\images\train\ksdd2_20601.png,False,0,229,636
train,ksdd2_20604,E:\Data (Drive)\IUH\DL\GK\surface-defect-detection\data\images\train\ksdd2_20604.png,False,0,228,625
train,ksdd2_20605,E:\Data (Drive)\IUH\DL\GK\surface-defect-detection\data\images\train\ksdd2_20605.png,False,0,226,638
train,ksdd2_20606,E:\Data (Drive)\IUH\DL\GK\surface-defect-detection\data\images\train\ksdd2_20606.png,False,0,231,642
train,ksdd2_20607,E:\Data (Drive)\IUH\DL\GK\surface-defect-detection\data\images\train\ksdd2_20607.png,False,0,235,641
train,ksdd2_20609,E:\Data (Drive)\IUH\DL\GK\surface-defect-detection\data\images\train\ksdd2_20609.png,False,0,228,639
train,ksdd2_20611,E:\Data (Drive)\IUH\DL\GK\surface-defect-detection\data\images\train\ksdd2_20611.png,False,0,233,641
train,ksdd2_20612,E:\Data (Drive)\IUH\DL\GK\surface-defect-detection\data\images\train\ksdd2_20612.png,False,0,228,636
train,ksdd2_20613,E:\Data (Drive)\IUH\DL\GK\surface-defect-detection\data\images\train\ksdd2_20613.png,False,0,229,636
train,ksdd2_20614,E:\Data (Drive)\IUH\DL\GK\surface-defect-detection\data\images\train\ksdd2_20614.png,False,0,231,634
train,ksdd2_20615,E:\Data (Drive)\IUH\DL\GK\surface-defect-detection\data\images\train\ksdd2_20615.png,False,0,206,643
train,ksdd2_20616,E:\Data (Drive)\IUH\DL\GK\surface-defect-detection\data\images\train\ksdd2_20616.png,False,0,228,638
train,ksdd2_20617,E:\Data (Drive)\IUH\DL\GK\surface-defect-detection\data\images\train\ksdd2_20617.png,False,0,232,640
train,ksdd2_20618,E:\Data (Drive)\IUH\DL\GK\surface-defect-detection\data\images\train\ksdd2_20618.png,False,0,229,638
train,ksdd2_20620,E:\Data (Drive)\IUH\DL\GK\surface-defect-detection\data\images\train\ksdd2_20620.png,False,0,227,625
train,ksdd2_20623,E:\Data (Drive)\IUH\DL\GK\surface-defect-detection\data\images\train\ksdd2_20623.png,False,0,226,622
train,ksdd2_20628,E:\Data (Drive)\IUH\DL\GK\surface-defect-detection\data\images\train\ksdd2_20628.png,False,0,234,638
train,ksdd2_20629,E:\Data (Drive)\IUH\DL\GK\surface-defect-detection\data\images\train\ksdd2_20629.png,False,0,228,643
train,ksdd2_20631,E:\Data (Drive)\IUH\DL\GK\surface-defect-detection\data\images\train\ksdd2_20631.png,False,0,226,621
train,ksdd2_20632,E:\Data (Drive)\IUH\DL\GK\surface-defect-detection\data\images\train\ksdd2_20632.png,True,1,229,642
train,ksdd2_20632_aug1,E:\Data (Drive)\IUH\DL\GK\surface-defect-detection\data\images\train\ksdd2_20632_aug1.png,True,1,229,642
train,ksdd2_20632_aug2,E:\Data (Drive)\IUH\DL\GK\surface-defect-detection\data\images\train\ksdd2_20632_aug2.png,True,1,229,642
train,ksdd2_20633,E:\Data (Drive)\IUH\DL\GK\surface-defect-detection\data\images\train\ksdd2_20633.png,False,0,231,641
train,ksdd2_20635,E:\Data (Drive)\IUH\DL\GK\surface-defect-detection\data\images\train\ksdd2_20635.png,False,0,231,635
train,ksdd2_20637,E:\Data (Drive)\IUH\DL\GK\surface-defect-detection\data\images\train\ksdd2_20637.png,False,0,227,651
train,ksdd2_20638,E:\Data (Drive)\IUH\DL\GK\surface-defect-detection\data\images\train\ksdd2_20638.png,False,0,205,645
train,ksdd2_20639,E:\Data (Drive)\IUH\DL\GK\surface-defect-detection\data\images\train\ksdd2_20639.png,False,0,227,631
train,ksdd2_20640,E:\Data (Drive)\IUH\DL\GK\surface-defect-detection\data\images\train\ksdd2_20640.png,True,1,228,631
train,ksdd2_20640_aug1,E:\Data (Drive)\IUH\DL\GK\surface-defect-detection\data\images\train\ksdd2_20640_aug1.png,True,1,228,631
train,ksdd2_20640_aug2,E:\Data (Drive)\IUH\DL\GK\surface-defect-detection\data\images\train\ksdd2_20640_aug2.png,True,1,228,631
train,ksdd2_20641,E:\Data (Drive)\IUH\DL\GK\surface-defect-detection\data\images\train\ksdd2_20641.png,False,0,226,640
train,ksdd2_20642,E:\Data (Drive)\IUH\DL\GK\surface-defect-detection\data\images\train\ksdd2_20642.png,False,0,233,641
train,ksdd2_20643,E:\Data (Drive)\IUH\DL\GK\surface-defect-detection\data\images\train\ksdd2_20643.png,False,0,224,633
train,ksdd2_20644,E:\Data (Drive)\IUH\DL\GK\surface-defect-detection\data\images\train\ksdd2_20644.png,False,0,228,637
train,ksdd2_20645,E:\Data (Drive)\IUH\DL\GK\surface-defect-detection\data\images\train\ksdd2_20645.png,False,0,225,637
train,ksdd2_20646,E:\Data (Drive)\IUH\DL\GK\surface-defect-detection\data\images\train\ksdd2_20646.png,True,1,226,632
train,ksdd2_20646_aug1,E:\Data (Drive)\IUH\DL\GK\surface-defect-detection\data\images\train\ksdd2_20646_aug1.png,True,1,226,632
train,ksdd2_20646_aug2,E:\Data (Drive)\IUH\DL\GK\surface-defect-detection\data\images\train\ksdd2_20646_aug2.png,True,1,226,632
train,ksdd2_20649,E:\Data (Drive)\IUH\DL\GK\surface-defect-detection\data\images\train\ksdd2_20649.png,False,0,211,628
train,ksdd2_20650,E:\Data (Drive)\IUH\DL\GK\surface-defect-detection\data\images\train\ksdd2_20650.png,False,0,230,635
train,ksdd2_20651,E:\Data (Drive)\IUH\DL\GK\surface-defect-detection\data\images\train\ksdd2_20651.png,False,0,236,649
train,ksdd2_20653,E:\Data (Drive)\IUH\DL\GK\surface-defect-detection\data\images\train\ksdd2_20653.png,False,0,227,637
train,ksdd2_20654,E:\Data (Drive)\IUH\DL\GK\surface-defect-detection\data\images\train\ksdd2_20654.png,False,0,234,640
train,ksdd2_20656,E:\Data (Drive)\IUH\DL\GK\surface-defect-detection\data\images\train\ksdd2_20656.png,False,0,228,649
train,ksdd2_20658,E:\Data (Drive)\IUH\DL\GK\surface-defect-detection\data\images\train\ksdd2_20658.png,False,0,232,636
train,ksdd2_20660,E:\Data (Drive)\IUH\DL\GK\surface-defect-detection\data\images\train\ksdd2_20660.png,True,1,228,638
train,ksdd2_20660_aug1,E:\Data (Drive)\IUH\DL\GK\surface-defect-detection\data\images\train\ksdd2_20660_aug1.png,True,1,228,638
train,ksdd2_20660_aug2,E:\Data (Drive)\IUH\DL\GK\surface-defect-detection\data\images\train\ksdd2_20660_aug2.png,True,1,228,638
train,ksdd2_20661,E:\Data (Drive)\IUH\DL\GK\surface-defect-detection\data\images\train\ksdd2_20661.png,False,0,228,643
train,ksdd2_20662,E:\Data (Drive)\IUH\DL\GK\surface-defect-detection\data\images\train\ksdd2_20662.png,False,0,229,631
train,ksdd2_20664,E:\Data (Drive)\IUH\DL\GK\surface-defect-detection\data\images\train\ksdd2_20664.png,False,0,230,637
train,ksdd2_20667,E:\Data (Drive)\IUH\DL\GK\surface-defect-detection\data\images\train\ksdd2_20667.png,True,1,228,640
train,ksdd2_20667_aug1,E:\Data (Drive)\IUH\DL\GK\surface-defect-detection\data\images\train\ksdd2_20667_aug1.png,True,1,228,640
train,ksdd2_20667_aug2,E:\Data (Drive)\IUH\DL\GK\surface-defect-detection\data\images\train\ksdd2_20667_aug2.png,True,1,228,640
train,ksdd2_20669,E:\Data (Drive)\IUH\DL\GK\surface-defect-detection\data\images\train\ksdd2_20669.png,True,1,232,641
train,ksdd2_20669_aug1,E:\Data (Drive)\IUH\DL\GK\surface-defect-detection\data\images\train\ksdd2_20669_aug1.png,True,1,232,641
train,ksdd2_20669_aug2,E:\Data (Drive)\IUH\DL\GK\surface-defect-detection\data\images\train\ksdd2_20669_aug2.png,True,1,232,641
train,ksdd2_20670,E:\Data (Drive)\IUH\DL\GK\surface-defect-detection\data\images\train\ksdd2_20670.png,False,0,230,635
train,ksdd2_20671,E:\Data (Drive)\IUH\DL\GK\surface-defect-detection\data\images\train\ksdd2_20671.png,True,2,195,630
train,ksdd2_20671_aug1,E:\Data (Drive)\IUH\DL\GK\surface-defect-detection\data\images\train\ksdd2_20671_aug1.png,True,2,195,630
train,ksdd2_20671_aug2,E:\Data (Drive)\IUH\DL\GK\surface-defect-detection\data\images\train\ksdd2_20671_aug2.png,True,2,195,630
train,ksdd2_20672,E:\Data (Drive)\IUH\DL\GK\surface-defect-detection\data\images\train\ksdd2_20672.png,True,1,231,638
train,ksdd2_20672_aug1,E:\Data (Drive)\IUH\DL\GK\surface-defect-detection\data\images\train\ksdd2_20672_aug1.png,True,1,231,638
train,ksdd2_20672_aug2,E:\Data (Drive)\IUH\DL\GK\surface-defect-detection\data\images\train\ksdd2_20672_aug2.png,True,1,231,638
train,ksdd2_20673,E:\Data (Drive)\IUH\DL\GK\surface-defect-detection\data\images\train\ksdd2_20673.png,False,0,228,633
train,ksdd2_20675,E:\Data (Drive)\IUH\DL\GK\surface-defect-detection\data\images\train\ksdd2_20675.png,False,0,233,634
train,ksdd2_20676,E:\Data (Drive)\IUH\DL\GK\surface-defect-detection\data\images\train\ksdd2_20676.png,False,0,232,634
train,ksdd2_20679,E:\Data (Drive)\IUH\DL\GK\surface-defect-detection\data\images\train\ksdd2_20679.png,False,0,232,631
train,ksdd2_20680,E:\Data (Drive)\IUH\DL\GK\surface-defect-detection\data\images\train\ksdd2_20680.png,False,0,223,641
train,ksdd2_20681,E:\Data (Drive)\IUH\DL\GK\surface-defect-detection\data\images\train\ksdd2_20681.png,False,0,228,638
train,ksdd2_20682,E:\Data (Drive)\IUH\DL\GK\surface-defect-detection\data\images\train\ksdd2_20682.png,True,1,230,629
train,ksdd2_20682_aug1,E:\Data (Drive)\IUH\DL\GK\surface-defect-detection\data\images\train\ksdd2_20682_aug1.png,True,1,230,629
train,ksdd2_20682_aug2,E:\Data (Drive)\IUH\DL\GK\surface-defect-detection\data\images\train\ksdd2_20682_aug2.png,True,1,230,629
train,ksdd2_20684,E:\Data (Drive)\IUH\DL\GK\surface-defect-detection\data\images\train\ksdd2_20684.png,False,0,231,630
train,ksdd2_20686,E:\Data (Drive)\IUH\DL\GK\surface-defect-detection\data\images\train\ksdd2_20686.png,False,0,232,641
train,ksdd2_20688,E:\Data (Drive)\IUH\DL\GK\surface-defect-detection\data\images\train\ksdd2_20688.png,False,0,210,640
train,ksdd2_20690,E:\Data (Drive)\IUH\DL\GK\surface-defect-detection\data\images\train\ksdd2_20690.png,False,0,229,632
train,ksdd2_20691,E:\Data (Drive)\IUH\DL\GK\surface-defect-detection\data\images\train\ksdd2_20691.png,False,0,226,634
train,ksdd2_20693,E:\Data (Drive)\IUH\DL\GK\surface-defect-detection\data\images\train\ksdd2_20693.png,False,0,228,630
train,ksdd2_20694,E:\Data (Drive)\IUH\DL\GK\surface-defect-detection\data\images\train\ksdd2_20694.png,False,0,225,636
train,ksdd2_20695,E:\Data (Drive)\IUH\DL\GK\surface-defect-detection\data\images\train\ksdd2_20695.png,False,0,226,635
train,ksdd2_20697,E:\Data (Drive)\IUH\DL\GK\surface-defect-detection\data\images\train\ksdd2_20697.png,False,0,230,639
train,ksdd2_20698,E:\Data (Drive)\IUH\DL\GK\surface-defect-detection\data\images\train\ksdd2_20698.png,False,0,226,638
train,ksdd2_20699,E:\Data (Drive)\IUH\DL\GK\surface-defect-detection\data\images\train\ksdd2_20699.png,False,0,230,632
train,ksdd2_20700,E:\Data (Drive)\IUH\DL\GK\surface-defect-detection\data\images\train\ksdd2_20700.png,False,0,224,625
train,ksdd2_20701,E:\Data (Drive)\IUH\DL\GK\surface-defect-detection\data\images\train\ksdd2_20701.png,False,0,233,633
train,ksdd2_20702,E:\Data (Drive)\IUH\DL\GK\surface-defect-detection\data\images\train\ksdd2_20702.png,False,0,228,628
train,ksdd2_20703,E:\Data (Drive)\IUH\DL\GK\surface-defect-detection\data\images\train\ksdd2_20703.png,False,0,226,628
train,ksdd2_20704,E:\Data (Drive)\IUH\DL\GK\surface-defect-detection\data\images\train\ksdd2_20704.png,False,0,224,632
train,ksdd2_20705,E:\Data (Drive)\IUH\DL\GK\surface-defect-detection\data\images\train\ksdd2_20705.png,False,0,231,636
train,ksdd2_20707,E:\Data (Drive)\IUH\DL\GK\surface-defect-detection\data\images\train\ksdd2_20707.png,False,0,231,650
train,ksdd2_20710,E:\Data (Drive)\IUH\DL\GK\surface-defect-detection\data\images\train\ksdd2_20710.png,False,0,235,632
train,ksdd2_20711,E:\Data (Drive)\IUH\DL\GK\surface-defect-detection\data\images\train\ksdd2_20711.png,False,0,223,633
train,ksdd2_20713,E:\Data (Drive)\IUH\DL\GK\surface-defect-detection\data\images\train\ksdd2_20713.png,False,0,234,630
train,ksdd2_20714,E:\Data (Drive)\IUH\DL\GK\surface-defect-detection\data\images\train\ksdd2_20714.png,False,0,234,644
train,ksdd2_20715,E:\Data (Drive)\IUH\DL\GK\surface-defect-detection\data\images\train\ksdd2_20715.png,False,0,229,638
train,ksdd2_20717,E:\Data (Drive)\IUH\DL\GK\surface-defect-detection\data\images\train\ksdd2_20717.png,False,0,225,639
train,ksdd2_20718,E:\Data (Drive)\IUH\DL\GK\surface-defect-detection\data\images\train\ksdd2_20718.png,False,0,229,640
train,ksdd2_20719,E:\Data (Drive)\IUH\DL\GK\surface-defect-detection\data\images\train\ksdd2_20719.png,False,0,204,641
train,ksdd2_20721,E:\Data (Drive)\IUH\DL\GK\surface-defect-detection\data\images\train\ksdd2_20721.png,False,0,230,640
train,ksdd2_20722,E:\Data (Drive)\IUH\DL\GK\surface-defect-detection\data\images\train\ksdd2_20722.png,False,0,231,635
train,ksdd2_20724,E:\Data (Drive)\IUH\DL\GK\surface-defect-detection\data\images\train\ksdd2_20724.png,True,1,229,639
train,ksdd2_20724_aug1,E:\Data (Drive)\IUH\DL\GK\surface-defect-detection\data\images\train\ksdd2_20724_aug1.png,True,1,229,639
train,ksdd2_20724_aug2,E:\Data (Drive)\IUH\DL\GK\surface-defect-detection\data\images\train\ksdd2_20724_aug2.png,True,1,229,639
train,ksdd2_20726,E:\Data (Drive)\IUH\DL\GK\surface-defect-detection\data\images\train\ksdd2_20726.png,False,0,228,633
train,ksdd2_20727,E:\Data (Drive)\IUH\DL\GK\surface-defect-detection\data\images\train\ksdd2_20727.png,False,0,238,643
train,ksdd2_20728,E:\Data (Drive)\IUH\DL\GK\surface-defect-detection\data\images\train\ksdd2_20728.png,False,0,236,635
train,ksdd2_20729,E:\Data (Drive)\IUH\DL\GK\surface-defect-detection\data\images\train\ksdd2_20729.png,False,0,217,636
train,ksdd2_20730,E:\Data (Drive)\IUH\DL\GK\surface-defect-detection\data\images\train\ksdd2_20730.png,False,0,231,642
train,ksdd2_20732,E:\Data (Drive)\IUH\DL\GK\surface-defect-detection\data\images\train\ksdd2_20732.png,False,0,226,628
train,ksdd2_20734,E:\Data (Drive)\IUH\DL\GK\surface-defect-detection\data\images\train\ksdd2_20734.png,False,0,230,629
train,ksdd2_20735,E:\Data (Drive)\IUH\DL\GK\surface-defect-detection\data\images\train\ksdd2_20735.png,False,0,229,636
train,ksdd2_20737,E:\Data (Drive)\IUH\DL\GK\surface-defect-detection\data\images\train\ksdd2_20737.png,False,0,229,635
train,ksdd2_20738,E:\Data (Drive)\IUH\DL\GK\surface-defect-detection\data\images\train\ksdd2_20738.png,True,1,234,647
train,ksdd2_20738_aug1,E:\Data (Drive)\IUH\DL\GK\surface-defect-detection\data\images\train\ksdd2_20738_aug1.png,True,1,234,647
train,ksdd2_20738_aug2,E:\Data (Drive)\IUH\DL\GK\surface-defect-detection\data\images\train\ksdd2_20738_aug2.png,True,1,234,647
train,ksdd2_20739,E:\Data (Drive)\IUH\DL\GK\surface-defect-detection\data\images\train\ksdd2_20739.png,False,0,232,642
train,ksdd2_20741,E:\Data (Drive)\IUH\DL\GK\surface-defect-detection\data\images\train\ksdd2_20741.png,False,0,231,634
train,ksdd2_20742,E:\Data (Drive)\IUH\DL\GK\surface-defect-detection\data\images\train\ksdd2_20742.png,False,0,231,637
train,ksdd2_20743,E:\Data (Drive)\IUH\DL\GK\surface-defect-detection\data\images\train\ksdd2_20743.png,False,0,231,640
train,ksdd2_20744,E:\Data (Drive)\IUH\DL\GK\surface-defect-detection\data\images\train\ksdd2_20744.png,True,1,227,640
train,ksdd2_20744_aug1,E:\Data (Drive)\IUH\DL\GK\surface-defect-detection\data\images\train\ksdd2_20744_aug1.png,True,1,227,640
train,ksdd2_20744_aug2,E:\Data (Drive)\IUH\DL\GK\surface-defect-detection\data\images\train\ksdd2_20744_aug2.png,True,1,227,640
train,ksdd2_20745,E:\Data (Drive)\IUH\DL\GK\surface-defect-detection\data\images\train\ksdd2_20745.png,False,0,233,642
train,ksdd2_20747,E:\Data (Drive)\IUH\DL\GK\surface-defect-detection\data\images\train\ksdd2_20747.png,True,1,226,631
train,ksdd2_20747_aug1,E:\Data (Drive)\IUH\DL\GK\surface-defect-detection\data\images\train\ksdd2_20747_aug1.png,True,1,226,631
train,ksdd2_20747_aug2,E:\Data (Drive)\IUH\DL\GK\surface-defect-detection\data\images\train\ksdd2_20747_aug2.png,True,1,226,631
train,ksdd2_20749,E:\Data (Drive)\IUH\DL\GK\surface-defect-detection\data\images\train\ksdd2_20749.png,False,0,229,612
train,ksdd2_20750,E:\Data (Drive)\IUH\DL\GK\surface-defect-detection\data\images\train\ksdd2_20750.png,False,0,231,646
train,ksdd2_20751,E:\Data (Drive)\IUH\DL\GK\surface-defect-detection\data\images\train\ksdd2_20751.png,False,0,235,646
train,ksdd2_20752,E:\Data (Drive)\IUH\DL\GK\surface-defect-detection\data\images\train\ksdd2_20752.png,False,0,232,641
train,ksdd2_20753,E:\Data (Drive)\IUH\DL\GK\surface-defect-detection\data\images\train\ksdd2_20753.png,False,0,229,640
train,ksdd2_20756,E:\Data (Drive)\IUH\DL\GK\surface-defect-detection\data\images\train\ksdd2_20756.png,False,0,232,633
train,ksdd2_20757,E:\Data (Drive)\IUH\DL\GK\surface-defect-detection\data\images\train\ksdd2_20757.png,False,0,232,643
train,ksdd2_20758,E:\Data (Drive)\IUH\DL\GK\surface-defect-detection\data\images\train\ksdd2_20758.png,False,0,233,634
train,ksdd2_20759,E:\Data (Drive)\IUH\DL\GK\surface-defect-detection\data\images\train\ksdd2_20759.png,False,0,230,638
train,ksdd2_20760,E:\Data (Drive)\IUH\DL\GK\surface-defect-detection\data\images\train\ksdd2_20760.png,False,0,231,622
train,ksdd2_20762,E:\Data (Drive)\IUH\DL\GK\surface-defect-detection\data\images\train\ksdd2_20762.png,False,0,229,637
train,ksdd2_20763,E:\Data (Drive)\IUH\DL\GK\surface-defect-detection\data\images\train\ksdd2_20763.png,False,0,228,645
train,ksdd2_20764,E:\Data (Drive)\IUH\DL\GK\surface-defect-detection\data\images\train\ksdd2_20764.png,False,0,228,634
train,ksdd2_20766,E:\Data (Drive)\IUH\DL\GK\surface-defect-detection\data\images\train\ksdd2_20766.png,False,0,233,639
train,ksdd2_20767,E:\Data (Drive)\IUH\DL\GK\surface-defect-detection\data\images\train\ksdd2_20767.png,False,0,231,632
train,ksdd2_20768,E:\Data (Drive)\IUH\DL\GK\surface-defect-detection\data\images\train\ksdd2_20768.png,False,0,233,638
train,ksdd2_20773,E:\Data (Drive)\IUH\DL\GK\surface-defect-detection\data\images\train\ksdd2_20773.png,False,0,229,638
train,ksdd2_20775,E:\Data (Drive)\IUH\DL\GK\surface-defect-detection\data\images\train\ksdd2_20775.png,False,0,230,645
train,ksdd2_20776,E:\Data (Drive)\IUH\DL\GK\surface-defect-detection\data\images\train\ksdd2_20776.png,False,0,236,643
train,ksdd2_20777,E:\Data (Drive)\IUH\DL\GK\surface-defect-detection\data\images\train\ksdd2_20777.png,False,0,233,634
train,ksdd2_20778,E:\Data (Drive)\IUH\DL\GK\surface-defect-detection\data\images\train\ksdd2_20778.png,False,0,229,640
train,ksdd2_20780,E:\Data (Drive)\IUH\DL\GK\surface-defect-detection\data\images\train\ksdd2_20780.png,False,0,236,646
train,ksdd2_20781,E:\Data (Drive)\IUH\DL\GK\surface-defect-detection\data\images\train\ksdd2_20781.png,False,0,235,640
train,ksdd2_20782,E:\Data (Drive)\IUH\DL\GK\surface-defect-detection\data\images\train\ksdd2_20782.png,False,0,230,638
train,ksdd2_20783,E:\Data (Drive)\IUH\DL\GK\surface-defect-detection\data\images\train\ksdd2_20783.png,False,0,232,651
train,ksdd2_20785,E:\Data (Drive)\IUH\DL\GK\surface-defect-detection\data\images\train\ksdd2_20785.png,True,1,227,643
train,ksdd2_20785_aug1,E:\Data (Drive)\IUH\DL\GK\surface-defect-detection\data\images\train\ksdd2_20785_aug1.png,True,1,227,643
train,ksdd2_20785_aug2,E:\Data (Drive)\IUH\DL\GK\surface-defect-detection\data\images\train\ksdd2_20785_aug2.png,True,1,227,643
train,ksdd2_20786,E:\Data (Drive)\IUH\DL\GK\surface-defect-detection\data\images\train\ksdd2_20786.png,False,0,231,641
train,ksdd2_20787,E:\Data (Drive)\IUH\DL\GK\surface-defect-detection\data\images\train\ksdd2_20787.png,False,0,234,644
train,ksdd2_20789,E:\Data (Drive)\IUH\DL\GK\surface-defect-detection\data\images\train\ksdd2_20789.png,False,0,228,639
train,ksdd2_20790,E:\Data (Drive)\IUH\DL\GK\surface-defect-detection\data\images\train\ksdd2_20790.png,False,0,231,637
train,ksdd2_20795,E:\Data (Drive)\IUH\DL\GK\surface-defect-detection\data\images\train\ksdd2_20795.png,False,0,228,643
train,ksdd2_20796,E:\Data (Drive)\IUH\DL\GK\surface-defect-detection\data\images\train\ksdd2_20796.png,False,0,229,632
train,ksdd2_20797,E:\Data (Drive)\IUH\DL\GK\surface-defect-detection\data\images\train\ksdd2_20797.png,False,0,230,639
train,ksdd2_20798,E:\Data (Drive)\IUH\DL\GK\surface-defect-detection\data\images\train\ksdd2_20798.png,False,0,231,630
train,ksdd2_20799,E:\Data (Drive)\IUH\DL\GK\surface-defect-detection\data\images\train\ksdd2_20799.png,False,0,230,635
train,ksdd2_20800,E:\Data (Drive)\IUH\DL\GK\surface-defect-detection\data\images\train\ksdd2_20800.png,False,0,231,643
train,ksdd2_20801,E:\Data (Drive)\IUH\DL\GK\surface-defect-detection\data\images\train\ksdd2_20801.png,True,1,227,625
train,ksdd2_20801_aug1,E:\Data (Drive)\IUH\DL\GK\surface-defect-detection\data\images\train\ksdd2_20801_aug1.png,True,1,227,625
train,ksdd2_20801_aug2,E:\Data (Drive)\IUH\DL\GK\surface-defect-detection\data\images\train\ksdd2_20801_aug2.png,True,1,227,625
train,ksdd2_20802,E:\Data (Drive)\IUH\DL\GK\surface-defect-detection\data\images\train\ksdd2_20802.png,False,0,233,650
train,ksdd2_20805,E:\Data (Drive)\IUH\DL\GK\surface-defect-detection\data\images\train\ksdd2_20805.png,False,0,231,632
train,ksdd2_20807,E:\Data (Drive)\IUH\DL\GK\surface-defect-detection\data\images\train\ksdd2_20807.png,False,0,228,632
train,ksdd2_20808,E:\Data (Drive)\IUH\DL\GK\surface-defect-detection\data\images\train\ksdd2_20808.png,False,0,225,627
train,ksdd2_20810,E:\Data (Drive)\IUH\DL\GK\surface-defect-detection\data\images\train\ksdd2_20810.png,False,0,226,632
train,ksdd2_20811,E:\Data (Drive)\IUH\DL\GK\surface-defect-detection\data\images\train\ksdd2_20811.png,False,0,223,632
train,ksdd2_20812,E:\Data (Drive)\IUH\DL\GK\surface-defect-detection\data\images\train\ksdd2_20812.png,False,0,230,648
train,ksdd2_20814,E:\Data (Drive)\IUH\DL\GK\surface-defect-detection\data\images\train\ksdd2_20814.png,False,0,226,627
train,ksdd2_20816,E:\Data (Drive)\IUH\DL\GK\surface-defect-detection\data\images\train\ksdd2_20816.png,True,1,229,644
train,ksdd2_20816_aug1,E:\Data (Drive)\IUH\DL\GK\surface-defect-detection\data\images\train\ksdd2_20816_aug1.png,True,1,229,644
train,ksdd2_20816_aug2,E:\Data (Drive)\IUH\DL\GK\surface-defect-detection\data\images\train\ksdd2_20816_aug2.png,True,1,229,644
train,ksdd2_20817,E:\Data (Drive)\IUH\DL\GK\surface-defect-detection\data\images\train\ksdd2_20817.png,False,0,232,634
train,ksdd2_20818,E:\Data (Drive)\IUH\DL\GK\surface-defect-detection\data\images\train\ksdd2_20818.png,False,0,229,647
train,ksdd2_20819,E:\Data (Drive)\IUH\DL\GK\surface-defect-detection\data\images\train\ksdd2_20819.png,False,0,221,620
train,ksdd2_20823,E:\Data (Drive)\IUH\DL\GK\surface-defect-detection\data\images\train\ksdd2_20823.png,False,0,229,639
train,ksdd2_20825,E:\Data (Drive)\IUH\DL\GK\surface-defect-detection\data\images\train\ksdd2_20825.png,False,0,226,638
train,ksdd2_20826,E:\Data (Drive)\IUH\DL\GK\surface-defect-detection\data\images\train\ksdd2_20826.png,False,0,231,635
train,ksdd2_20827,E:\Data (Drive)\IUH\DL\GK\surface-defect-detection\data\images\train\ksdd2_20827.png,True,1,230,641
train,ksdd2_20827_aug1,E:\Data (Drive)\IUH\DL\GK\surface-defect-detection\data\images\train\ksdd2_20827_aug1.png,True,1,230,641
train,ksdd2_20827_aug2,E:\Data (Drive)\IUH\DL\GK\surface-defect-detection\data\images\train\ksdd2_20827_aug2.png,True,1,230,641
train,ksdd2_20828,E:\Data (Drive)\IUH\DL\GK\surface-defect-detection\data\images\train\ksdd2_20828.png,False,0,231,629
train,ksdd2_20829,E:\Data (Drive)\IUH\DL\GK\surface-defect-detection\data\images\train\ksdd2_20829.png,True,1,230,614
train,ksdd2_20829_aug1,E:\Data (Drive)\IUH\DL\GK\surface-defect-detection\data\images\train\ksdd2_20829_aug1.png,True,1,230,614
train,ksdd2_20829_aug2,E:\Data (Drive)\IUH\DL\GK\surface-defect-detection\data\images\train\ksdd2_20829_aug2.png,True,1,230,614
train,ksdd2_20830,E:\Data (Drive)\IUH\DL\GK\surface-defect-detection\data\images\train\ksdd2_20830.png,False,0,226,632
train,ksdd2_20831,E:\Data (Drive)\IUH\DL\GK\surface-defect-detection\data\images\train\ksdd2_20831.png,False,0,230,640
train,ksdd2_20832,E:\Data (Drive)\IUH\DL\GK\surface-defect-detection\data\images\train\ksdd2_20832.png,False,0,230,641
train,ksdd2_20833,E:\Data (Drive)\IUH\DL\GK\surface-defect-detection\data\images\train\ksdd2_20833.png,False,0,227,642
train,ksdd2_20834,E:\Data (Drive)\IUH\DL\GK\surface-defect-detection\data\images\train\ksdd2_20834.png,True,1,231,633
train,ksdd2_20834_aug1,E:\Data (Drive)\IUH\DL\GK\surface-defect-detection\data\images\train\ksdd2_20834_aug1.png,True,1,231,633
train,ksdd2_20834_aug2,E:\Data (Drive)\IUH\DL\GK\surface-defect-detection\data\images\train\ksdd2_20834_aug2.png,True,1,231,633
train,ksdd2_20836,E:\Data (Drive)\IUH\DL\GK\surface-defect-detection\data\images\train\ksdd2_20836.png,False,0,229,647
train,ksdd2_20838,E:\Data (Drive)\IUH\DL\GK\surface-defect-detection\data\images\train\ksdd2_20838.png,False,0,229,638
train,ksdd2_20839,E:\Data (Drive)\IUH\DL\GK\surface-defect-detection\data\images\train\ksdd2_20839.png,False,0,225,643
train,ksdd2_20840,E:\Data (Drive)\IUH\DL\GK\surface-defect-detection\data\images\train\ksdd2_20840.png,False,0,228,629
train,ksdd2_20841,E:\Data (Drive)\IUH\DL\GK\surface-defect-detection\data\images\train\ksdd2_20841.png,False,0,230,637
train,ksdd2_20844,E:\Data (Drive)\IUH\DL\GK\surface-defect-detection\data\images\train\ksdd2_20844.png,False,0,236,639
train,ksdd2_20845,E:\Data (Drive)\IUH\DL\GK\surface-defect-detection\data\images\train\ksdd2_20845.png,False,0,231,642
train,ksdd2_20846,E:\Data (Drive)\IUH\DL\GK\surface-defect-detection\data\images\train\ksdd2_20846.png,False,0,227,633
train,ksdd2_20847,E:\Data (Drive)\IUH\DL\GK\surface-defect-detection\data\images\train\ksdd2_20847.png,False,0,228,633
train,ksdd2_20849,E:\Data (Drive)\IUH\DL\GK\surface-defect-detection\data\images\train\ksdd2_20849.png,False,0,230,639
train,ksdd2_20850,E:\Data (Drive)\IUH\DL\GK\surface-defect-detection\data\images\train\ksdd2_20850.png,False,0,229,636
train,ksdd2_20852,E:\Data (Drive)\IUH\DL\GK\surface-defect-detection\data\images\train\ksdd2_20852.png,False,0,229,630
train,ksdd2_20853,E:\Data (Drive)\IUH\DL\GK\surface-defect-detection\data\images\train\ksdd2_20853.png,False,0,227,638
train,ksdd2_20854,E:\Data (Drive)\IUH\DL\GK\surface-defect-detection\data\images\train\ksdd2_20854.png,False,0,227,626
train,ksdd2_20855,E:\Data (Drive)\IUH\DL\GK\surface-defect-detection\data\images\train\ksdd2_20855.png,False,0,230,636
train,ksdd2_20856,E:\Data (Drive)\IUH\DL\GK\surface-defect-detection\data\images\train\ksdd2_20856.png,False,0,232,638
train,ksdd2_20857,E:\Data (Drive)\IUH\DL\GK\surface-defect-detection\data\images\train\ksdd2_20857.png,True,1,231,646
train,ksdd2_20857_aug1,E:\Data (Drive)\IUH\DL\GK\surface-defect-detection\data\images\train\ksdd2_20857_aug1.png,True,1,231,646
train,ksdd2_20857_aug2,E:\Data (Drive)\IUH\DL\GK\surface-defect-detection\data\images\train\ksdd2_20857_aug2.png,True,1,231,646
train,ksdd2_20858,E:\Data (Drive)\IUH\DL\GK\surface-defect-detection\data\images\train\ksdd2_20858.png,False,0,230,634
train,ksdd2_20859,E:\Data (Drive)\IUH\DL\GK\surface-defect-detection\data\images\train\ksdd2_20859.png,False,0,231,643
train,ksdd2_20861,E:\Data (Drive)\IUH\DL\GK\surface-defect-detection\data\images\train\ksdd2_20861.png,False,0,231,627
train,ksdd2_20862,E:\Data (Drive)\IUH\DL\GK\surface-defect-detection\data\images\train\ksdd2_20862.png,False,0,230,641
train,ksdd2_20863,E:\Data (Drive)\IUH\DL\GK\surface-defect-detection\data\images\train\ksdd2_20863.png,False,0,232,638
train,ksdd2_20864,E:\Data (Drive)\IUH\DL\GK\surface-defect-detection\data\images\train\ksdd2_20864.png,False,0,231,627
train,ksdd2_20865,E:\Data (Drive)\IUH\DL\GK\surface-defect-detection\data\images\train\ksdd2_20865.png,False,0,230,639
train,ksdd2_20866,E:\Data (Drive)\IUH\DL\GK\surface-defect-detection\data\images\train\ksdd2_20866.png,False,0,229,625
train,ksdd2_20867,E:\Data (Drive)\IUH\DL\GK\surface-defect-detection\data\images\train\ksdd2_20867.png,False,0,230,636
train,ksdd2_20868,E:\Data (Drive)\IUH\DL\GK\surface-defect-detection\data\images\train\ksdd2_20868.png,False,0,233,630
train,ksdd2_20869,E:\Data (Drive)\IUH\DL\GK\surface-defect-detection\data\images\train\ksdd2_20869.png,False,0,229,640
train,ksdd2_20871,E:\Data (Drive)\IUH\DL\GK\surface-defect-detection\data\images\train\ksdd2_20871.png,False,0,229,647
train,ksdd2_20872,E:\Data (Drive)\IUH\DL\GK\surface-defect-detection\data\images\train\ksdd2_20872.png,False,0,229,631
train,ksdd2_20873,E:\Data (Drive)\IUH\DL\GK\surface-defect-detection\data\images\train\ksdd2_20873.png,False,0,229,608
train,ksdd2_20874,E:\Data (Drive)\IUH\DL\GK\surface-defect-detection\data\images\train\ksdd2_20874.png,False,0,230,632
train,ksdd2_20875,E:\Data (Drive)\IUH\DL\GK\surface-defect-detection\data\images\train\ksdd2_20875.png,False,0,229,641
train,ksdd2_20876,E:\Data (Drive)\IUH\DL\GK\surface-defect-detection\data\images\train\ksdd2_20876.png,False,0,230,634
train,ksdd2_20877,E:\Data (Drive)\IUH\DL\GK\surface-defect-detection\data\images\train\ksdd2_20877.png,False,0,231,640
train,ksdd2_20878,E:\Data (Drive)\IUH\DL\GK\surface-defect-detection\data\images\train\ksdd2_20878.png,False,0,229,632
train,ksdd2_20879,E:\Data (Drive)\IUH\DL\GK\surface-defect-detection\data\images\train\ksdd2_20879.png,False,0,230,627
train,ksdd2_20881,E:\Data (Drive)\IUH\DL\GK\surface-defect-detection\data\images\train\ksdd2_20881.png,True,1,228,638
train,ksdd2_20881_aug1,E:\Data (Drive)\IUH\DL\GK\surface-defect-detection\data\images\train\ksdd2_20881_aug1.png,True,1,228,638
train,ksdd2_20881_aug2,E:\Data (Drive)\IUH\DL\GK\surface-defect-detection\data\images\train\ksdd2_20881_aug2.png,True,1,228,638
train,ksdd2_20883,E:\Data (Drive)\IUH\DL\GK\surface-defect-detection\data\images\train\ksdd2_20883.png,False,0,228,645
train,ksdd2_20885,E:\Data (Drive)\IUH\DL\GK\surface-defect-detection\data\images\train\ksdd2_20885.png,False,0,230,642
train,ksdd2_20886,E:\Data (Drive)\IUH\DL\GK\surface-defect-detection\data\images\train\ksdd2_20886.png,False,0,229,613
train,ksdd2_20887,E:\Data (Drive)\IUH\DL\GK\surface-defect-detection\data\images\train\ksdd2_20887.png,False,0,233,643
train,ksdd2_20889,E:\Data (Drive)\IUH\DL\GK\surface-defect-detection\data\images\train\ksdd2_20889.png,False,0,229,638
train,ksdd2_20890,E:\Data (Drive)\IUH\DL\GK\surface-defect-detection\data\images\train\ksdd2_20890.png,False,0,228,639
train,ksdd2_20891,E:\Data (Drive)\IUH\DL\GK\surface-defect-detection\data\images\train\ksdd2_20891.png,True,1,228,635
train,ksdd2_20891_aug1,E:\Data (Drive)\IUH\DL\GK\surface-defect-detection\data\images\train\ksdd2_20891_aug1.png,True,1,228,635
train,ksdd2_20891_aug2,E:\Data (Drive)\IUH\DL\GK\surface-defect-detection\data\images\train\ksdd2_20891_aug2.png,True,1,228,635
train,ksdd2_20892,E:\Data (Drive)\IUH\DL\GK\surface-defect-detection\data\images\train\ksdd2_20892.png,True,1,233,633
train,ksdd2_20892_aug1,E:\Data (Drive)\IUH\DL\GK\surface-defect-detection\data\images\train\ksdd2_20892_aug1.png,True,1,233,633
train,ksdd2_20892_aug2,E:\Data (Drive)\IUH\DL\GK\surface-defect-detection\data\images\train\ksdd2_20892_aug2.png,True,1,233,633
train,ksdd2_20893,E:\Data (Drive)\IUH\DL\GK\surface-defect-detection\data\images\train\ksdd2_20893.png,False,0,229,630
train,ksdd2_20896,E:\Data (Drive)\IUH\DL\GK\surface-defect-detection\data\images\train\ksdd2_20896.png,False,0,230,614
train,ksdd2_20897,E:\Data (Drive)\IUH\DL\GK\surface-defect-detection\data\images\train\ksdd2_20897.png,False,0,229,636
train,ksdd2_20898,E:\Data (Drive)\IUH\DL\GK\surface-defect-detection\data\images\train\ksdd2_20898.png,False,0,207,630
train,ksdd2_20899,E:\Data (Drive)\IUH\DL\GK\surface-defect-detection\data\images\train\ksdd2_20899.png,False,0,230,635
train,ksdd2_20901,E:\Data (Drive)\IUH\DL\GK\surface-defect-detection\data\images\train\ksdd2_20901.png,False,0,230,642
train,ksdd2_20906,E:\Data (Drive)\IUH\DL\GK\surface-defect-detection\data\images\train\ksdd2_20906.png,False,0,211,632
train,ksdd2_20907,E:\Data (Drive)\IUH\DL\GK\surface-defect-detection\data\images\train\ksdd2_20907.png,False,0,230,638
train,ksdd2_20911,E:\Data (Drive)\IUH\DL\GK\surface-defect-detection\data\images\train\ksdd2_20911.png,False,0,230,626
train,ksdd2_20914,E:\Data (Drive)\IUH\DL\GK\surface-defect-detection\data\images\train\ksdd2_20914.png,False,0,230,629
train,ksdd2_20915,E:\Data (Drive)\IUH\DL\GK\surface-defect-detection\data\images\train\ksdd2_20915.png,False,0,230,645
train,ksdd2_20916,E:\Data (Drive)\IUH\DL\GK\surface-defect-detection\data\images\train\ksdd2_20916.png,False,0,230,637
train,ksdd2_20917,E:\Data (Drive)\IUH\DL\GK\surface-defect-detection\data\images\train\ksdd2_20917.png,False,0,229,629
train,ksdd2_20918,E:\Data (Drive)\IUH\DL\GK\surface-defect-detection\data\images\train\ksdd2_20918.png,False,0,229,638
train,ksdd2_20919,E:\Data (Drive)\IUH\DL\GK\surface-defect-detection\data\images\train\ksdd2_20919.png,False,0,228,635
train,ksdd2_20920,E:\Data (Drive)\IUH\DL\GK\surface-defect-detection\data\images\train\ksdd2_20920.png,False,0,229,622
train,ksdd2_20923,E:\Data (Drive)\IUH\DL\GK\surface-defect-detection\data\images\train\ksdd2_20923.png,False,0,229,637
train,ksdd2_20924,E:\Data (Drive)\IUH\DL\GK\surface-defect-detection\data\images\train\ksdd2_20924.png,False,0,230,642
train,ksdd2_20925,E:\Data (Drive)\IUH\DL\GK\surface-defect-detection\data\images\train\ksdd2_20925.png,False,0,230,642
train,ksdd2_20927,E:\Data (Drive)\IUH\DL\GK\surface-defect-detection\data\images\train\ksdd2_20927.png,False,0,229,633
train,ksdd2_20930,E:\Data (Drive)\IUH\DL\GK\surface-defect-detection\data\images\train\ksdd2_20930.png,False,0,229,637
train,ksdd2_20932,E:\Data (Drive)\IUH\DL\GK\surface-defect-detection\data\images\train\ksdd2_20932.png,False,0,229,620
train,ksdd2_20933,E:\Data (Drive)\IUH\DL\GK\surface-defect-detection\data\images\train\ksdd2_20933.png,False,0,229,636
train,ksdd2_20934,E:\Data (Drive)\IUH\DL\GK\surface-defect-detection\data\images\train\ksdd2_20934.png,False,0,229,625
train,ksdd2_20937,E:\Data (Drive)\IUH\DL\GK\surface-defect-detection\data\images\train\ksdd2_20937.png,False,0,230,634
train,ksdd2_20938,E:\Data (Drive)\IUH\DL\GK\surface-defect-detection\data\images\train\ksdd2_20938.png,False,0,227,618
train,ksdd2_20939,E:\Data (Drive)\IUH\DL\GK\surface-defect-detection\data\images\train\ksdd2_20939.png,False,0,230,632
train,ksdd2_20940,E:\Data (Drive)\IUH\DL\GK\surface-defect-detection\data\images\train\ksdd2_20940.png,False,0,227,622
train,ksdd2_20941,E:\Data (Drive)\IUH\DL\GK\surface-defect-detection\data\images\train\ksdd2_20941.png,True,1,231,638
train,ksdd2_20941_aug1,E:\Data (Drive)\IUH\DL\GK\surface-defect-detection\data\images\train\ksdd2_20941_aug1.png,True,1,231,638
train,ksdd2_20941_aug2,E:\Data (Drive)\IUH\DL\GK\surface-defect-detection\data\images\train\ksdd2_20941_aug2.png,True,1,231,638
train,ksdd2_20944,E:\Data (Drive)\IUH\DL\GK\surface-defect-detection\data\images\train\ksdd2_20944.png,False,0,231,641
train,ksdd2_20946,E:\Data (Drive)\IUH\DL\GK\surface-defect-detection\data\images\train\ksdd2_20946.png,False,0,229,636
train,ksdd2_20948,E:\Data (Drive)\IUH\DL\GK\surface-defect-detection\data\images\train\ksdd2_20948.png,False,0,230,637
train,ksdd2_20949,E:\Data (Drive)\IUH\DL\GK\surface-defect-detection\data\images\train\ksdd2_20949.png,False,0,229,643
train,ksdd2_20950,E:\Data (Drive)\IUH\DL\GK\surface-defect-detection\data\images\train\ksdd2_20950.png,False,0,228,642
train,ksdd2_20951,E:\Data (Drive)\IUH\DL\GK\surface-defect-detection\data\images\train\ksdd2_20951.png,False,0,230,649
train,ksdd2_20952,E:\Data (Drive)\IUH\DL\GK\surface-defect-detection\data\images\train\ksdd2_20952.png,True,1,230,628
train,ksdd2_20952_aug1,E:\Data (Drive)\IUH\DL\GK\surface-defect-detection\data\images\train\ksdd2_20952_aug1.png,True,1,230,628
train,ksdd2_20952_aug2,E:\Data (Drive)\IUH\DL\GK\surface-defect-detection\data\images\train\ksdd2_20952_aug2.png,True,1,230,628
train,ksdd2_20953,E:\Data (Drive)\IUH\DL\GK\surface-defect-detection\data\images\train\ksdd2_20953.png,False,0,230,639
train,ksdd2_20954,E:\Data (Drive)\IUH\DL\GK\surface-defect-detection\data\images\train\ksdd2_20954.png,False,0,228,600
train,ksdd2_20956,E:\Data (Drive)\IUH\DL\GK\surface-defect-detection\data\images\train\ksdd2_20956.png,True,1,229,631
train,ksdd2_20956_aug1,E:\Data (Drive)\IUH\DL\GK\surface-defect-detection\data\images\train\ksdd2_20956_aug1.png,True,1,229,631
train,ksdd2_20956_aug2,E:\Data (Drive)\IUH\DL\GK\surface-defect-detection\data\images\train\ksdd2_20956_aug2.png,True,1,229,631
train,ksdd2_20957,E:\Data (Drive)\IUH\DL\GK\surface-defect-detection\data\images\train\ksdd2_20957.png,False,0,229,623
train,ksdd2_20958,E:\Data (Drive)\IUH\DL\GK\surface-defect-detection\data\images\train\ksdd2_20958.png,False,0,229,623
train,ksdd2_20959,E:\Data (Drive)\IUH\DL\GK\surface-defect-detection\data\images\train\ksdd2_20959.png,True,1,231,636
train,ksdd2_20959_aug1,E:\Data (Drive)\IUH\DL\GK\surface-defect-detection\data\images\train\ksdd2_20959_aug1.png,True,1,231,636
train,ksdd2_20959_aug2,E:\Data (Drive)\IUH\DL\GK\surface-defect-detection\data\images\train\ksdd2_20959_aug2.png,True,1,231,636
train,ksdd2_20960,E:\Data (Drive)\IUH\DL\GK\surface-defect-detection\data\images\train\ksdd2_20960.png,False,0,230,635
train,ksdd2_20962,E:\Data (Drive)\IUH\DL\GK\surface-defect-detection\data\images\train\ksdd2_20962.png,False,0,230,622
train,ksdd2_20963,E:\Data (Drive)\IUH\DL\GK\surface-defect-detection\data\images\train\ksdd2_20963.png,False,0,232,627
train,ksdd2_20964,E:\Data (Drive)\IUH\DL\GK\surface-defect-detection\data\images\train\ksdd2_20964.png,False,0,229,633
train,ksdd2_20965,E:\Data (Drive)\IUH\DL\GK\surface-defect-detection\data\images\train\ksdd2_20965.png,False,0,213,639
train,ksdd2_20966,E:\Data (Drive)\IUH\DL\GK\surface-defect-detection\data\images\train\ksdd2_20966.png,False,0,228,636
train,ksdd2_20967,E:\Data (Drive)\IUH\DL\GK\surface-defect-detection\data\images\train\ksdd2_20967.png,False,0,229,597
train,ksdd2_20968,E:\Data (Drive)\IUH\DL\GK\surface-defect-detection\data\images\train\ksdd2_20968.png,False,0,228,627
train,ksdd2_20969,E:\Data (Drive)\IUH\DL\GK\surface-defect-detection\data\images\train\ksdd2_20969.png,True,1,227,619
train,ksdd2_20969_aug1,E:\Data (Drive)\IUH\DL\GK\surface-defect-detection\data\images\train\ksdd2_20969_aug1.png,True,1,227,619
train,ksdd2_20969_aug2,E:\Data (Drive)\IUH\DL\GK\surface-defect-detection\data\images\train\ksdd2_20969_aug2.png,True,1,227,619
train,ksdd2_20970,E:\Data (Drive)\IUH\DL\GK\surface-defect-detection\data\images\train\ksdd2_20970.png,False,0,229,637
train,ksdd2_20971,E:\Data (Drive)\IUH\DL\GK\surface-defect-detection\data\images\train\ksdd2_20971.png,False,0,230,631
train,ksdd2_20973,E:\Data (Drive)\IUH\DL\GK\surface-defect-detection\data\images\train\ksdd2_20973.png,False,0,232,633
train,ksdd2_20974,E:\Data (Drive)\IUH\DL\GK\surface-defect-detection\data\images\train\ksdd2_20974.png,False,0,230,625
train,ksdd2_20975,E:\Data (Drive)\IUH\DL\GK\surface-defect-detection\data\images\train\ksdd2_20975.png,False,0,229,636
train,ksdd2_20976,E:\Data (Drive)\IUH\DL\GK\surface-defect-detection\data\images\train\ksdd2_20976.png,False,0,229,639
train,ksdd2_20978,E:\Data (Drive)\IUH\DL\GK\surface-defect-detection\data\images\train\ksdd2_20978.png,False,0,229,647
train,ksdd2_20979,E:\Data (Drive)\IUH\DL\GK\surface-defect-detection\data\images\train\ksdd2_20979.png,False,0,229,634
train,ksdd2_20980,E:\Data (Drive)\IUH\DL\GK\surface-defect-detection\data\images\train\ksdd2_20980.png,False,0,230,646
train,ksdd2_20981,E:\Data (Drive)\IUH\DL\GK\surface-defect-detection\data\images\train\ksdd2_20981.png,False,0,231,650
train,ksdd2_20982,E:\Data (Drive)\IUH\DL\GK\surface-defect-detection\data\images\train\ksdd2_20982.png,False,0,229,624
train,ksdd2_20984,E:\Data (Drive)\IUH\DL\GK\surface-defect-detection\data\images\train\ksdd2_20984.png,False,0,229,646
train,ksdd2_20986,E:\Data (Drive)\IUH\DL\GK\surface-defect-detection\data\images\train\ksdd2_20986.png,False,0,230,636
train,ksdd2_20989,E:\Data (Drive)\IUH\DL\GK\surface-defect-detection\data\images\train\ksdd2_20989.png,False,0,229,627
train,ksdd2_20990,E:\Data (Drive)\IUH\DL\GK\surface-defect-detection\data\images\train\ksdd2_20990.png,False,0,230,625
train,ksdd2_20993,E:\Data (Drive)\IUH\DL\GK\surface-defect-detection\data\images\train\ksdd2_20993.png,False,0,230,633
train,ksdd2_20994,E:\Data (Drive)\IUH\DL\GK\surface-defect-detection\data\images\train\ksdd2_20994.png,False,0,230,627
train,ksdd2_20995,E:\Data (Drive)\IUH\DL\GK\surface-defect-detection\data\images\train\ksdd2_20995.png,False,0,229,640
train,ksdd2_20996,E:\Data (Drive)\IUH\DL\GK\surface-defect-detection\data\images\train\ksdd2_20996.png,False,0,228,642
train,ksdd2_20997,E:\Data (Drive)\IUH\DL\GK\surface-defect-detection\data\images\train\ksdd2_20997.png,False,0,229,631
train,ksdd2_20998,E:\Data (Drive)\IUH\DL\GK\surface-defect-detection\data\images\train\ksdd2_20998.png,False,0,232,636
train,ksdd2_20999,E:\Data (Drive)\IUH\DL\GK\surface-defect-detection\data\images\train\ksdd2_20999.png,False,0,230,643
train,ksdd2_21003,E:\Data (Drive)\IUH\DL\GK\surface-defect-detection\data\images\train\ksdd2_21003.png,False,0,229,634
train,mt_blowhole_exp1_num_108719,E:\Data (Drive)\IUH\DL\GK\surface-defect-detection\data\images\train\mt_blowhole_exp1_num_108719.png,True,1,248,373
train,mt_blowhole_exp1_num_108719_aug1,E:\Data (Drive)\IUH\DL\GK\surface-defect-detection\data\images\train\mt_blowhole_exp1_num_108719_aug1.png,True,1,248,373
train,mt_blowhole_exp1_num_108719_aug2,E:\Data (Drive)\IUH\DL\GK\surface-defect-detection\data\images\train\mt_blowhole_exp1_num_108719_aug2.png,True,1,248,373
train,mt_blowhole_exp1_num_262480,E:\Data (Drive)\IUH\DL\GK\surface-defect-detection\data\images\train\mt_blowhole_exp1_num_262480.png,True,1,196,246
train,mt_blowhole_exp1_num_262480_aug1,E:\Data (Drive)\IUH\DL\GK\surface-defect-detection\data\images\train\mt_blowhole_exp1_num_262480_aug1.png,True,1,196,246
train,mt_blowhole_exp1_num_262480_aug2,E:\Data (Drive)\IUH\DL\GK\surface-defect-detection\data\images\train\mt_blowhole_exp1_num_262480_aug2.png,True,1,196,246
train,mt_blowhole_exp1_num_265077,E:\Data (Drive)\IUH\DL\GK\surface-defect-detection\data\images\train\mt_blowhole_exp1_num_265077.png,True,1,265,356
train,mt_blowhole_exp1_num_265077_aug1,E:\Data (Drive)\IUH\DL\GK\surface-defect-detection\data\images\train\mt_blowhole_exp1_num_265077_aug1.png,True,1,265,356
train,mt_blowhole_exp1_num_265077_aug2,E:\Data (Drive)\IUH\DL\GK\surface-defect-detection\data\images\train\mt_blowhole_exp1_num_265077_aug2.png,True,1,265,356
train,mt_blowhole_exp1_num_290998,E:\Data (Drive)\IUH\DL\GK\surface-defect-detection\data\images\train\mt_blowhole_exp1_num_290998.png,True,2,289,352
train,mt_blowhole_exp1_num_290998_aug1,E:\Data (Drive)\IUH\DL\GK\surface-defect-detection\data\images\train\mt_blowhole_exp1_num_290998_aug1.png,True,2,289,352
train,mt_blowhole_exp1_num_290998_aug2,E:\Data (Drive)\IUH\DL\GK\surface-defect-detection\data\images\train\mt_blowhole_exp1_num_290998_aug2.png,True,2,289,352
train,mt_blowhole_exp1_num_297464,E:\Data (Drive)\IUH\DL\GK\surface-defect-detection\data\images\train\mt_blowhole_exp1_num_297464.png,True,1,213,270
train,mt_blowhole_exp1_num_297464_aug1,E:\Data (Drive)\IUH\DL\GK\surface-defect-detection\data\images\train\mt_blowhole_exp1_num_297464_aug1.png,True,1,213,270
train,mt_blowhole_exp1_num_297464_aug2,E:\Data (Drive)\IUH\DL\GK\surface-defect-detection\data\images\train\mt_blowhole_exp1_num_297464_aug2.png,True,1,213,270
train,mt_blowhole_exp1_num_308015,E:\Data (Drive)\IUH\DL\GK\surface-defect-detection\data\images\train\mt_blowhole_exp1_num_308015.png,True,1,221,272
train,mt_blowhole_exp1_num_308015_aug1,E:\Data (Drive)\IUH\DL\GK\surface-defect-detection\data\images\train\mt_blowhole_exp1_num_308015_aug1.png,True,1,221,272
train,mt_blowhole_exp1_num_308015_aug2,E:\Data (Drive)\IUH\DL\GK\surface-defect-detection\data\images\train\mt_blowhole_exp1_num_308015_aug2.png,True,1,221,272
train,mt_blowhole_exp1_num_317483,E:\Data (Drive)\IUH\DL\GK\surface-defect-detection\data\images\train\mt_blowhole_exp1_num_317483.png,True,1,218,269
train,mt_blowhole_exp1_num_317483_aug1,E:\Data (Drive)\IUH\DL\GK\surface-defect-detection\data\images\train\mt_blowhole_exp1_num_317483_aug1.png,True,1,218,269
train,mt_blowhole_exp1_num_317483_aug2,E:\Data (Drive)\IUH\DL\GK\surface-defect-detection\data\images\train\mt_blowhole_exp1_num_317483_aug2.png,True,1,218,269
train,mt_blowhole_exp1_num_327970,E:\Data (Drive)\IUH\DL\GK\surface-defect-detection\data\images\train\mt_blowhole_exp1_num_327970.png,True,1,360,349
train,mt_blowhole_exp1_num_327970_aug1,E:\Data (Drive)\IUH\DL\GK\surface-defect-detection\data\images\train\mt_blowhole_exp1_num_327970_aug1.png,True,1,360,349
train,mt_blowhole_exp1_num_327970_aug2,E:\Data (Drive)\IUH\DL\GK\surface-defect-detection\data\images\train\mt_blowhole_exp1_num_327970_aug2.png,True,1,360,349
train,mt_blowhole_exp1_num_346311,E:\Data (Drive)\IUH\DL\GK\surface-defect-detection\data\images\train\mt_blowhole_exp1_num_346311.png,True,1,504,371
train,mt_blowhole_exp1_num_346311_aug1,E:\Data (Drive)\IUH\DL\GK\surface-defect-detection\data\images\train\mt_blowhole_exp1_num_346311_aug1.png,True,1,504,371
train,mt_blowhole_exp1_num_346311_aug2,E:\Data (Drive)\IUH\DL\GK\surface-defect-detection\data\images\train\mt_blowhole_exp1_num_346311_aug2.png,True,1,504,371
train,mt_blowhole_exp1_num_36290,E:\Data (Drive)\IUH\DL\GK\surface-defect-detection\data\images\train\mt_blowhole_exp1_num_36290.png,True,1,117,281
train,mt_blowhole_exp1_num_36290_aug1,E:\Data (Drive)\IUH\DL\GK\surface-defect-detection\data\images\train\mt_blowhole_exp1_num_36290_aug1.png,True,1,117,281
train,mt_blowhole_exp1_num_36290_aug2,E:\Data (Drive)\IUH\DL\GK\surface-defect-detection\data\images\train\mt_blowhole_exp1_num_36290_aug2.png,True,1,117,281
train,mt_blowhole_exp1_num_3667,E:\Data (Drive)\IUH\DL\GK\surface-defect-detection\data\images\train\mt_blowhole_exp1_num_3667.png,True,1,491,376
train,mt_blowhole_exp1_num_3667_aug1,E:\Data (Drive)\IUH\DL\GK\surface-defect-detection\data\images\train\mt_blowhole_exp1_num_3667_aug1.png,True,1,491,376
train,mt_blowhole_exp1_num_3667_aug2,E:\Data (Drive)\IUH\DL\GK\surface-defect-detection\data\images\train\mt_blowhole_exp1_num_3667_aug2.png,True,1,491,376
train,mt_blowhole_exp1_num_40410,E:\Data (Drive)\IUH\DL\GK\surface-defect-detection\data\images\train\mt_blowhole_exp1_num_40410.png,True,1,113,290
train,mt_blowhole_exp1_num_40410_aug1,E:\Data (Drive)\IUH\DL\GK\surface-defect-detection\data\images\train\mt_blowhole_exp1_num_40410_aug1.png,True,1,113,290
train,mt_blowhole_exp1_num_40410_aug2,E:\Data (Drive)\IUH\DL\GK\surface-defect-detection\data\images\train\mt_blowhole_exp1_num_40410_aug2.png,True,1,113,290
train,mt_blowhole_exp1_num_4727,E:\Data (Drive)\IUH\DL\GK\surface-defect-detection\data\images\train\mt_blowhole_exp1_num_4727.png,True,1,113,288
train,mt_blowhole_exp1_num_4727_aug1,E:\Data (Drive)\IUH\DL\GK\surface-defect-detection\data\images\train\mt_blowhole_exp1_num_4727_aug1.png,True,1,113,288
train,mt_blowhole_exp1_num_4727_aug2,E:\Data (Drive)\IUH\DL\GK\surface-defect-detection\data\images\train\mt_blowhole_exp1_num_4727_aug2.png,True,1,113,288
train,mt_blowhole_exp1_num_4944,E:\Data (Drive)\IUH\DL\GK\surface-defect-detection\data\images\train\mt_blowhole_exp1_num_4944.png,True,1,116,282
train,mt_blowhole_exp1_num_4944_aug1,E:\Data (Drive)\IUH\DL\GK\surface-defect-detection\data\images\train\mt_blowhole_exp1_num_4944_aug1.png,True,1,116,282
train,mt_blowhole_exp1_num_4944_aug2,E:\Data (Drive)\IUH\DL\GK\surface-defect-detection\data\images\train\mt_blowhole_exp1_num_4944_aug2.png,True,1,116,282
train,mt_blowhole_exp1_num_54246,E:\Data (Drive)\IUH\DL\GK\surface-defect-detection\data\images\train\mt_blowhole_exp1_num_54246.png,True,1,116,278
train,mt_blowhole_exp1_num_54246_aug1,E:\Data (Drive)\IUH\DL\GK\surface-defect-detection\data\images\train\mt_blowhole_exp1_num_54246_aug1.png,True,1,116,278
train,mt_blowhole_exp1_num_54246_aug2,E:\Data (Drive)\IUH\DL\GK\surface-defect-detection\data\images\train\mt_blowhole_exp1_num_54246_aug2.png,True,1,116,278
train,mt_blowhole_exp1_num_6984,E:\Data (Drive)\IUH\DL\GK\surface-defect-detection\data\images\train\mt_blowhole_exp1_num_6984.png,True,1,474,361
train,mt_blowhole_exp1_num_6984_aug1,E:\Data (Drive)\IUH\DL\GK\surface-defect-detection\data\images\train\mt_blowhole_exp1_num_6984_aug1.png,True,1,474,361
train,mt_blowhole_exp1_num_6984_aug2,E:\Data (Drive)\IUH\DL\GK\surface-defect-detection\data\images\train\mt_blowhole_exp1_num_6984_aug2.png,True,1,474,361
train,mt_blowhole_exp1_num_9473,E:\Data (Drive)\IUH\DL\GK\surface-defect-detection\data\images\train\mt_blowhole_exp1_num_9473.png,True,1,456,382
train,mt_blowhole_exp1_num_9473_aug1,E:\Data (Drive)\IUH\DL\GK\surface-defect-detection\data\images\train\mt_blowhole_exp1_num_9473_aug1.png,True,1,456,382
train,mt_blowhole_exp1_num_9473_aug2,E:\Data (Drive)\IUH\DL\GK\surface-defect-detection\data\images\train\mt_blowhole_exp1_num_9473_aug2.png,True,1,456,382
train,mt_blowhole_exp2_num_108741,E:\Data (Drive)\IUH\DL\GK\surface-defect-detection\data\images\train\mt_blowhole_exp2_num_108741.png,True,1,265,375
train,mt_blowhole_exp2_num_108741_aug1,E:\Data (Drive)\IUH\DL\GK\surface-defect-detection\data\images\train\mt_blowhole_exp2_num_108741_aug1.png,True,1,265,375
train,mt_blowhole_exp2_num_108741_aug2,E:\Data (Drive)\IUH\DL\GK\surface-defect-detection\data\images\train\mt_blowhole_exp2_num_108741_aug2.png,True,1,265,375
train,mt_blowhole_exp2_num_265103,E:\Data (Drive)\IUH\DL\GK\surface-defect-detection\data\images\train\mt_blowhole_exp2_num_265103.png,True,1,257,348
train,mt_blowhole_exp2_num_265103_aug1,E:\Data (Drive)\IUH\DL\GK\surface-defect-detection\data\images\train\mt_blowhole_exp2_num_265103_aug1.png,True,1,257,348
train,mt_blowhole_exp2_num_265103_aug2,E:\Data (Drive)\IUH\DL\GK\surface-defect-detection\data\images\train\mt_blowhole_exp2_num_265103_aug2.png,True,1,257,348
train,mt_blowhole_exp2_num_308043,E:\Data (Drive)\IUH\DL\GK\surface-defect-detection\data\images\train\mt_blowhole_exp2_num_308043.png,True,1,224,277
train,mt_blowhole_exp2_num_308043_aug1,E:\Data (Drive)\IUH\DL\GK\surface-defect-detection\data\images\train\mt_blowhole_exp2_num_308043_aug1.png,True,1,224,277
train,mt_blowhole_exp2_num_308043_aug2,E:\Data (Drive)\IUH\DL\GK\surface-defect-detection\data\images\train\mt_blowhole_exp2_num_308043_aug2.png,True,1,224,277
train,mt_blowhole_exp2_num_317512,E:\Data (Drive)\IUH\DL\GK\surface-defect-detection\data\images\train\mt_blowhole_exp2_num_317512.png,True,1,214,266
train,mt_blowhole_exp2_num_317512_aug1,E:\Data (Drive)\IUH\DL\GK\surface-defect-detection\data\images\train\mt_blowhole_exp2_num_317512_aug1.png,True,1,214,266
train,mt_blowhole_exp2_num_317512_aug2,E:\Data (Drive)\IUH\DL\GK\surface-defect-detection\data\images\train\mt_blowhole_exp2_num_317512_aug2.png,True,1,214,266
train,mt_blowhole_exp2_num_322630,E:\Data (Drive)\IUH\DL\GK\surface-defect-detection\data\images\train\mt_blowhole_exp2_num_322630.png,True,1,212,255
train,mt_blowhole_exp2_num_322630_aug1,E:\Data (Drive)\IUH\DL\GK\surface-defect-detection\data\images\train\mt_blowhole_exp2_num_322630_aug1.png,True,1,212,255
train,mt_blowhole_exp2_num_322630_aug2,E:\Data (Drive)\IUH\DL\GK\surface-defect-detection\data\images\train\mt_blowhole_exp2_num_322630_aug2.png,True,1,212,255
train,mt_blowhole_exp2_num_327997,E:\Data (Drive)\IUH\DL\GK\surface-defect-detection\data\images\train\mt_blowhole_exp2_num_327997.png,True,1,356,351
train,mt_blowhole_exp2_num_327997_aug1,E:\Data (Drive)\IUH\DL\GK\surface-defect-detection\data\images\train\mt_blowhole_exp2_num_327997_aug1.png,True,1,356,351
train,mt_blowhole_exp2_num_327997_aug2,E:\Data (Drive)\IUH\DL\GK\surface-defect-detection\data\images\train\mt_blowhole_exp2_num_327997_aug2.png,True,1,356,351
train,mt_blowhole_exp2_num_36302,E:\Data (Drive)\IUH\DL\GK\surface-defect-detection\data\images\train\mt_blowhole_exp2_num_36302.png,True,1,119,280
train,mt_blowhole_exp2_num_36302_aug1,E:\Data (Drive)\IUH\DL\GK\surface-defect-detection\data\images\train\mt_blowhole_exp2_num_36302_aug1.png,True,1,119,280
train,mt_blowhole_exp2_num_36302_aug2,E:\Data (Drive)\IUH\DL\GK\surface-defect-detection\data\images\train\mt_blowhole_exp2_num_36302_aug2.png,True,1,119,280
train,mt_blowhole_exp2_num_40424,E:\Data (Drive)\IUH\DL\GK\surface-defect-detection\data\images\train\mt_blowhole_exp2_num_40424.png,True,1,105,283
train,mt_blowhole_exp2_num_40424_aug1,E:\Data (Drive)\IUH\DL\GK\surface-defect-detection\data\images\train\mt_blowhole_exp2_num_40424_aug1.png,True,1,105,283
train,mt_blowhole_exp2_num_40424_aug2,E:\Data (Drive)\IUH\DL\GK\surface-defect-detection\data\images\train\mt_blowhole_exp2_num_40424_aug2.png,True,1,105,283
train,mt_blowhole_exp2_num_4964,E:\Data (Drive)\IUH\DL\GK\surface-defect-detection\data\images\train\mt_blowhole_exp2_num_4964.png,True,1,114,281
train,mt_blowhole_exp2_num_4964_aug1,E:\Data (Drive)\IUH\DL\GK\surface-defect-detection\data\images\train\mt_blowhole_exp2_num_4964_aug1.png,True,1,114,281
train,mt_blowhole_exp2_num_4964_aug2,E:\Data (Drive)\IUH\DL\GK\surface-defect-detection\data\images\train\mt_blowhole_exp2_num_4964_aug2.png,True,1,114,281
train,mt_blowhole_exp2_num_51697,E:\Data (Drive)\IUH\DL\GK\surface-defect-detection\data\images\train\mt_blowhole_exp2_num_51697.png,True,1,119,290
train,mt_blowhole_exp2_num_51697_aug1,E:\Data (Drive)\IUH\DL\GK\surface-defect-detection\data\images\train\mt_blowhole_exp2_num_51697_aug1.png,True,1,119,290
train,mt_blowhole_exp2_num_51697_aug2,E:\Data (Drive)\IUH\DL\GK\surface-defect-detection\data\images\train\mt_blowhole_exp2_num_51697_aug2.png,True,1,119,290
train,mt_blowhole_exp2_num_54273,E:\Data (Drive)\IUH\DL\GK\surface-defect-detection\data\images\train\mt_blowhole_exp2_num_54273.png,True,1,116,274
train,mt_blowhole_exp2_num_54273_aug1,E:\Data (Drive)\IUH\DL\GK\surface-defect-detection\data\images\train\mt_blowhole_exp2_num_54273_aug1.png,True,1,116,274
train,mt_blowhole_exp2_num_54273_aug2,E:\Data (Drive)\IUH\DL\GK\surface-defect-detection\data\images\train\mt_blowhole_exp2_num_54273_aug2.png,True,1,116,274
train,mt_blowhole_exp2_num_7009,E:\Data (Drive)\IUH\DL\GK\surface-defect-detection\data\images\train\mt_blowhole_exp2_num_7009.png,True,1,478,360
train,mt_blowhole_exp2_num_7009_aug1,E:\Data (Drive)\IUH\DL\GK\surface-defect-detection\data\images\train\mt_blowhole_exp2_num_7009_aug1.png,True,1,478,360
train,mt_blowhole_exp2_num_7009_aug2,E:\Data (Drive)\IUH\DL\GK\surface-defect-detection\data\images\train\mt_blowhole_exp2_num_7009_aug2.png,True,1,478,360
train,mt_blowhole_exp2_num_9496,E:\Data (Drive)\IUH\DL\GK\surface-defect-detection\data\images\train\mt_blowhole_exp2_num_9496.png,True,1,354,394
train,mt_blowhole_exp2_num_9496_aug1,E:\Data (Drive)\IUH\DL\GK\surface-defect-detection\data\images\train\mt_blowhole_exp2_num_9496_aug1.png,True,1,354,394
train,mt_blowhole_exp2_num_9496_aug2,E:\Data (Drive)\IUH\DL\GK\surface-defect-detection\data\images\train\mt_blowhole_exp2_num_9496_aug2.png,True,1,354,394
train,mt_blowhole_exp3_num_262601,E:\Data (Drive)\IUH\DL\GK\surface-defect-detection\data\images\train\mt_blowhole_exp3_num_262601.png,True,1,211,258
train,mt_blowhole_exp3_num_262601_aug1,E:\Data (Drive)\IUH\DL\GK\surface-defect-detection\data\images\train\mt_blowhole_exp3_num_262601_aug1.png,True,1,211,258
train,mt_blowhole_exp3_num_262601_aug2,E:\Data (Drive)\IUH\DL\GK\surface-defect-detection\data\images\train\mt_blowhole_exp3_num_262601_aug2.png,True,1,211,258
train,mt_blowhole_exp3_num_265117,E:\Data (Drive)\IUH\DL\GK\surface-defect-detection\data\images\train\mt_blowhole_exp3_num_265117.png,True,1,247,382
train,mt_blowhole_exp3_num_265117_aug1,E:\Data (Drive)\IUH\DL\GK\surface-defect-detection\data\images\train\mt_blowhole_exp3_num_265117_aug1.png,True,1,247,382
train,mt_blowhole_exp3_num_265117_aug2,E:\Data (Drive)\IUH\DL\GK\surface-defect-detection\data\images\train\mt_blowhole_exp3_num_265117_aug2.png,True,1,247,382
train,mt_blowhole_exp3_num_291038,E:\Data (Drive)\IUH\DL\GK\surface-defect-detection\data\images\train\mt_blowhole_exp3_num_291038.png,True,2,290,345
train,mt_blowhole_exp3_num_291038_aug1,E:\Data (Drive)\IUH\DL\GK\surface-defect-detection\data\images\train\mt_blowhole_exp3_num_291038_aug1.png,True,2,290,345
train,mt_blowhole_exp3_num_291038_aug2,E:\Data (Drive)\IUH\DL\GK\surface-defect-detection\data\images\train\mt_blowhole_exp3_num_291038_aug2.png,True,2,290,345
train,mt_blowhole_exp3_num_297506,E:\Data (Drive)\IUH\DL\GK\surface-defect-detection\data\images\train\mt_blowhole_exp3_num_297506.png,True,1,221,268
train,mt_blowhole_exp3_num_297506_aug1,E:\Data (Drive)\IUH\DL\GK\surface-defect-detection\data\images\train\mt_blowhole_exp3_num_297506_aug1.png,True,1,221,268
train,mt_blowhole_exp3_num_297506_aug2,E:\Data (Drive)\IUH\DL\GK\surface-defect-detection\data\images\train\mt_blowhole_exp3_num_297506_aug2.png,True,1,221,268
train,mt_blowhole_exp3_num_308061,E:\Data (Drive)\IUH\DL\GK\surface-defect-detection\data\images\train\mt_blowhole_exp3_num_308061.png,True,1,223,279
train,mt_blowhole_exp3_num_308061_aug1,E:\Data (Drive)\IUH\DL\GK\surface-defect-detection\data\images\train\mt_blowhole_exp3_num_308061_aug1.png,True,1,223,279
train,mt_blowhole_exp3_num_308061_aug2,E:\Data (Drive)\IUH\DL\GK\surface-defect-detection\data\images\train\mt_blowhole_exp3_num_308061_aug2.png,True,1,223,279
train,mt_blowhole_exp3_num_322643,E:\Data (Drive)\IUH\DL\GK\surface-defect-detection\data\images\train\mt_blowhole_exp3_num_322643.png,True,1,213,261
train,mt_blowhole_exp3_num_322643_aug1,E:\Data (Drive)\IUH\DL\GK\surface-defect-detection\data\images\train\mt_blowhole_exp3_num_322643_aug1.png,True,1,213,261
train,mt_blowhole_exp3_num_322643_aug2,E:\Data (Drive)\IUH\DL\GK\surface-defect-detection\data\images\train\mt_blowhole_exp3_num_322643_aug2.png,True,1,213,261
train,mt_blowhole_exp3_num_328014,E:\Data (Drive)\IUH\DL\GK\surface-defect-detection\data\images\train\mt_blowhole_exp3_num_328014.png,True,1,355,348
train,mt_blowhole_exp3_num_328014_aug1,E:\Data (Drive)\IUH\DL\GK\surface-defect-detection\data\images\train\mt_blowhole_exp3_num_328014_aug1.png,True,1,355,348
train,mt_blowhole_exp3_num_328014_aug2,E:\Data (Drive)\IUH\DL\GK\surface-defect-detection\data\images\train\mt_blowhole_exp3_num_328014_aug2.png,True,1,355,348
train,mt_blowhole_exp3_num_3710,E:\Data (Drive)\IUH\DL\GK\surface-defect-detection\data\images\train\mt_blowhole_exp3_num_3710.png,True,1,480,367
train,mt_blowhole_exp3_num_3710_aug1,E:\Data (Drive)\IUH\DL\GK\surface-defect-detection\data\images\train\mt_blowhole_exp3_num_3710_aug1.png,True,1,480,367
train,mt_blowhole_exp3_num_3710_aug2,E:\Data (Drive)\IUH\DL\GK\surface-defect-detection\data\images\train\mt_blowhole_exp3_num_3710_aug2.png,True,1,480,367
train,mt_blowhole_exp3_num_4764,E:\Data (Drive)\IUH\DL\GK\surface-defect-detection\data\images\train\mt_blowhole_exp3_num_4764.png,True,1,121,290
train,mt_blowhole_exp3_num_4764_aug1,E:\Data (Drive)\IUH\DL\GK\surface-defect-detection\data\images\train\mt_blowhole_exp3_num_4764_aug1.png,True,1,121,290
train,mt_blowhole_exp3_num_4764_aug2,E:\Data (Drive)\IUH\DL\GK\surface-defect-detection\data\images\train\mt_blowhole_exp3_num_4764_aug2.png,True,1,121,290
train,mt_blowhole_exp3_num_51711,E:\Data (Drive)\IUH\DL\GK\surface-defect-detection\data\images\train\mt_blowhole_exp3_num_51711.png,True,1,118,284
train,mt_blowhole_exp3_num_51711_aug1,E:\Data (Drive)\IUH\DL\GK\surface-defect-detection\data\images\train\mt_blowhole_exp3_num_51711_aug1.png,True,1,118,284
train,mt_blowhole_exp3_num_51711_aug2,E:\Data (Drive)\IUH\DL\GK\surface-defect-detection\data\images\train\mt_blowhole_exp3_num_51711_aug2.png,True,1,118,284
train,mt_blowhole_exp3_num_54291,E:\Data (Drive)\IUH\DL\GK\surface-defect-detection\data\images\train\mt_blowhole_exp3_num_54291.png,True,1,122,274
train,mt_blowhole_exp3_num_54291_aug1,E:\Data (Drive)\IUH\DL\GK\surface-defect-detection\data\images\train\mt_blowhole_exp3_num_54291_aug1.png,True,1,122,274
train,mt_blowhole_exp3_num_54291_aug2,E:\Data (Drive)\IUH\DL\GK\surface-defect-detection\data\images\train\mt_blowhole_exp3_num_54291_aug2.png,True,1,122,274
train,mt_blowhole_exp3_num_7023,E:\Data (Drive)\IUH\DL\GK\surface-defect-detection\data\images\train\mt_blowhole_exp3_num_7023.png,True,1,477,365
train,mt_blowhole_exp3_num_7023_aug1,E:\Data (Drive)\IUH\DL\GK\surface-defect-detection\data\images\train\mt_blowhole_exp3_num_7023_aug1.png,True,1,477,365
train,mt_blowhole_exp3_num_7023_aug2,E:\Data (Drive)\IUH\DL\GK\surface-defect-detection\data\images\train\mt_blowhole_exp3_num_7023_aug2.png,True,1,477,365
train,mt_blowhole_exp3_num_853,E:\Data (Drive)\IUH\DL\GK\surface-defect-detection\data\images\train\mt_blowhole_exp3_num_853.png,True,1,490,360
train,mt_blowhole_exp3_num_853_aug1,E:\Data (Drive)\IUH\DL\GK\surface-defect-detection\data\images\train\mt_blowhole_exp3_num_853_aug1.png,True,1,490,360
train,mt_blowhole_exp3_num_853_aug2,E:\Data (Drive)\IUH\DL\GK\surface-defect-detection\data\images\train\mt_blowhole_exp3_num_853_aug2.png,True,1,490,360
train,mt_blowhole_exp4_num_262626,E:\Data (Drive)\IUH\DL\GK\surface-defect-detection\data\images\train\mt_blowhole_exp4_num_262626.png,True,1,193,250
train,mt_blowhole_exp4_num_262626_aug1,E:\Data (Drive)\IUH\DL\GK\surface-defect-detection\data\images\train\mt_blowhole_exp4_num_262626_aug1.png,True,1,193,250
train,mt_blowhole_exp4_num_262626_aug2,E:\Data (Drive)\IUH\DL\GK\surface-defect-detection\data\images\train\mt_blowhole_exp4_num_262626_aug2.png,True,1,193,250
train,mt_blowhole_exp4_num_291052,E:\Data (Drive)\IUH\DL\GK\surface-defect-detection\data\images\train\mt_blowhole_exp4_num_291052.png,True,1,298,348
train,mt_blowhole_exp4_num_291052_aug1,E:\Data (Drive)\IUH\DL\GK\surface-defect-detection\data\images\train\mt_blowhole_exp4_num_291052_aug1.png,True,1,298,348
train,mt_blowhole_exp4_num_291052_aug2,E:\Data (Drive)\IUH\DL\GK\surface-defect-detection\data\images\train\mt_blowhole_exp4_num_291052_aug2.png,True,1,298,348
train,mt_blowhole_exp4_num_297524,E:\Data (Drive)\IUH\DL\GK\surface-defect-detection\data\images\train\mt_blowhole_exp4_num_297524.png,True,1,219,272
train,mt_blowhole_exp4_num_297524_aug1,E:\Data (Drive)\IUH\DL\GK\surface-defect-detection\data\images\train\mt_blowhole_exp4_num_297524_aug1.png,True,1,219,272
train,mt_blowhole_exp4_num_297524_aug2,E:\Data (Drive)\IUH\DL\GK\surface-defect-detection\data\images\train\mt_blowhole_exp4_num_297524_aug2.png,True,1,219,272
train,mt_blowhole_exp4_num_322656,E:\Data (Drive)\IUH\DL\GK\surface-defect-detection\data\images\train\mt_blowhole_exp4_num_322656.png,True,1,214,253
train,mt_blowhole_exp4_num_322656_aug1,E:\Data (Drive)\IUH\DL\GK\surface-defect-detection\data\images\train\mt_blowhole_exp4_num_322656_aug1.png,True,1,214,253
train,mt_blowhole_exp4_num_322656_aug2,E:\Data (Drive)\IUH\DL\GK\surface-defect-detection\data\images\train\mt_blowhole_exp4_num_322656_aug2.png,True,1,214,253
train,mt_blowhole_exp4_num_3724,E:\Data (Drive)\IUH\DL\GK\surface-defect-detection\data\images\train\mt_blowhole_exp4_num_3724.png,True,1,476,367
train,mt_blowhole_exp4_num_3724_aug1,E:\Data (Drive)\IUH\DL\GK\surface-defect-detection\data\images\train\mt_blowhole_exp4_num_3724_aug1.png,True,1,476,367
train,mt_blowhole_exp4_num_3724_aug2,E:\Data (Drive)\IUH\DL\GK\surface-defect-detection\data\images\train\mt_blowhole_exp4_num_3724_aug2.png,True,1,476,367
train,mt_blowhole_exp4_num_4779,E:\Data (Drive)\IUH\DL\GK\surface-defect-detection\data\images\train\mt_blowhole_exp4_num_4779.png,True,1,122,288
train,mt_blowhole_exp4_num_4779_aug1,E:\Data (Drive)\IUH\DL\GK\surface-defect-detection\data\images\train\mt_blowhole_exp4_num_4779_aug1.png,True,1,122,288
train,mt_blowhole_exp4_num_4779_aug2,E:\Data (Drive)\IUH\DL\GK\surface-defect-detection\data\images\train\mt_blowhole_exp4_num_4779_aug2.png,True,1,122,288
train,mt_blowhole_exp4_num_54308,E:\Data (Drive)\IUH\DL\GK\surface-defect-detection\data\images\train\mt_blowhole_exp4_num_54308.png,True,1,118,270
train,mt_blowhole_exp4_num_54308_aug1,E:\Data (Drive)\IUH\DL\GK\surface-defect-detection\data\images\train\mt_blowhole_exp4_num_54308_aug1.png,True,1,118,270
train,mt_blowhole_exp4_num_54308_aug2,E:\Data (Drive)\IUH\DL\GK\surface-defect-detection\data\images\train\mt_blowhole_exp4_num_54308_aug2.png,True,1,118,270
train,mt_blowhole_exp4_num_9520,E:\Data (Drive)\IUH\DL\GK\surface-defect-detection\data\images\train\mt_blowhole_exp4_num_9520.png,True,1,433,386
train,mt_blowhole_exp4_num_9520_aug1,E:\Data (Drive)\IUH\DL\GK\surface-defect-detection\data\images\train\mt_blowhole_exp4_num_9520_aug1.png,True,1,433,386
train,mt_blowhole_exp4_num_9520_aug2,E:\Data (Drive)\IUH\DL\GK\surface-defect-detection\data\images\train\mt_blowhole_exp4_num_9520_aug2.png,True,1,433,386
train,mt_blowhole_exp5_num_108791,E:\Data (Drive)\IUH\DL\GK\surface-defect-detection\data\images\train\mt_blowhole_exp5_num_108791.png,True,1,254,377
train,mt_blowhole_exp5_num_108791_aug1,E:\Data (Drive)\IUH\DL\GK\surface-defect-detection\data\images\train\mt_blowhole_exp5_num_108791_aug1.png,True,1,254,377
train,mt_blowhole_exp5_num_108791_aug2,E:\Data (Drive)\IUH\DL\GK\surface-defect-detection\data\images\train\mt_blowhole_exp5_num_108791_aug2.png,True,1,254,377
train,mt_blowhole_exp5_num_262654,E:\Data (Drive)\IUH\DL\GK\surface-defect-detection\data\images\train\mt_blowhole_exp5_num_262654.png,True,1,182,254
train,mt_blowhole_exp5_num_262654_aug1,E:\Data (Drive)\IUH\DL\GK\surface-defect-detection\data\images\train\mt_blowhole_exp5_num_262654_aug1.png,True,1,182,254
train,mt_blowhole_exp5_num_262654_aug2,E:\Data (Drive)\IUH\DL\GK\surface-defect-detection\data\images\train\mt_blowhole_exp5_num_262654_aug2.png,True,1,182,254
train,mt_blowhole_exp5_num_265149,E:\Data (Drive)\IUH\DL\GK\surface-defect-detection\data\images\train\mt_blowhole_exp5_num_265149.png,True,1,262,360
train,mt_blowhole_exp5_num_265149_aug1,E:\Data (Drive)\IUH\DL\GK\surface-defect-detection\data\images\train\mt_blowhole_exp5_num_265149_aug1.png,True,1,262,360
train,mt_blowhole_exp5_num_265149_aug2,E:\Data (Drive)\IUH\DL\GK\surface-defect-detection\data\images\train\mt_blowhole_exp5_num_265149_aug2.png,True,1,262,360
train,mt_blowhole_exp5_num_291077,E:\Data (Drive)\IUH\DL\GK\surface-defect-detection\data\images\train\mt_blowhole_exp5_num_291077.png,True,2,295,356
train,mt_blowhole_exp5_num_291077_aug1,E:\Data (Drive)\IUH\DL\GK\surface-defect-detection\data\images\train\mt_blowhole_exp5_num_291077_aug1.png,True,2,295,356
train,mt_blowhole_exp5_num_291077_aug2,E:\Data (Drive)\IUH\DL\GK\surface-defect-detection\data\images\train\mt_blowhole_exp5_num_291077_aug2.png,True,2,295,356
train,mt_blowhole_exp5_num_308098,E:\Data (Drive)\IUH\DL\GK\surface-defect-detection\data\images\train\mt_blowhole_exp5_num_308098.png,True,1,220,278
train,mt_blowhole_exp5_num_308098_aug1,E:\Data (Drive)\IUH\DL\GK\surface-defect-detection\data\images\train\mt_blowhole_exp5_num_308098_aug1.png,True,1,220,278
train,mt_blowhole_exp5_num_308098_aug2,E:\Data (Drive)\IUH\DL\GK\surface-defect-detection\data\images\train\mt_blowhole_exp5_num_308098_aug2.png,True,1,220,278
train,mt_blowhole_exp5_num_317558,E:\Data (Drive)\IUH\DL\GK\surface-defect-detection\data\images\train\mt_blowhole_exp5_num_317558.png,True,1,217,271
train,mt_blowhole_exp5_num_317558_aug1,E:\Data (Drive)\IUH\DL\GK\surface-defect-detection\data\images\train\mt_blowhole_exp5_num_317558_aug1.png,True,1,217,271
train,mt_blowhole_exp5_num_317558_aug2,E:\Data (Drive)\IUH\DL\GK\surface-defect-detection\data\images\train\mt_blowhole_exp5_num_317558_aug2.png,True,1,217,271
train,mt_blowhole_exp5_num_322672,E:\Data (Drive)\IUH\DL\GK\surface-defect-detection\data\images\train\mt_blowhole_exp5_num_322672.png,True,1,216,254
train,mt_blowhole_exp5_num_322672_aug1,E:\Data (Drive)\IUH\DL\GK\surface-defect-detection\data\images\train\mt_blowhole_exp5_num_322672_aug1.png,True,1,216,254
train,mt_blowhole_exp5_num_322672_aug2,E:\Data (Drive)\IUH\DL\GK\surface-defect-detection\data\images\train\mt_blowhole_exp5_num_322672_aug2.png,True,1,216,254
train,mt_blowhole_exp5_num_346381,E:\Data (Drive)\IUH\DL\GK\surface-defect-detection\data\images\train\mt_blowhole_exp5_num_346381.png,True,1,510,364
train,mt_blowhole_exp5_num_346381_aug1,E:\Data (Drive)\IUH\DL\GK\surface-defect-detection\data\images\train\mt_blowhole_exp5_num_346381_aug1.png,True,1,510,364
train,mt_blowhole_exp5_num_346381_aug2,E:\Data (Drive)\IUH\DL\GK\surface-defect-detection\data\images\train\mt_blowhole_exp5_num_346381_aug2.png,True,1,510,364
train,mt_blowhole_exp5_num_3746,E:\Data (Drive)\IUH\DL\GK\surface-defect-detection\data\images\train\mt_blowhole_exp5_num_3746.png,True,1,478,361
train,mt_blowhole_exp5_num_3746_aug1,E:\Data (Drive)\IUH\DL\GK\surface-defect-detection\data\images\train\mt_blowhole_exp5_num_3746_aug1.png,True,1,478,361
train,mt_blowhole_exp5_num_3746_aug2,E:\Data (Drive)\IUH\DL\GK\surface-defect-detection\data\images\train\mt_blowhole_exp5_num_3746_aug2.png,True,1,478,361
train,mt_blowhole_exp5_num_40480,E:\Data (Drive)\IUH\DL\GK\surface-defect-detection\data\images\train\mt_blowhole_exp5_num_40480.png,True,1,116,280
train,mt_blowhole_exp5_num_40480_aug1,E:\Data (Drive)\IUH\DL\GK\surface-defect-detection\data\images\train\mt_blowhole_exp5_num_40480_aug1.png,True,1,116,280
train,mt_blowhole_exp5_num_40480_aug2,E:\Data (Drive)\IUH\DL\GK\surface-defect-detection\data\images\train\mt_blowhole_exp5_num_40480_aug2.png,True,1,116,280
train,mt_blowhole_exp5_num_4801,E:\Data (Drive)\IUH\DL\GK\surface-defect-detection\data\images\train\mt_blowhole_exp5_num_4801.png,True,1,126,288
train,mt_blowhole_exp5_num_4801_aug1,E:\Data (Drive)\IUH\DL\GK\surface-defect-detection\data\images\train\mt_blowhole_exp5_num_4801_aug1.png,True,1,126,288
train,mt_blowhole_exp5_num_4801_aug2,E:\Data (Drive)\IUH\DL\GK\surface-defect-detection\data\images\train\mt_blowhole_exp5_num_4801_aug2.png,True,1,126,288
train,mt_blowhole_exp5_num_5022,E:\Data (Drive)\IUH\DL\GK\surface-defect-detection\data\images\train\mt_blowhole_exp5_num_5022.png,True,1,120,288
train,mt_blowhole_exp5_num_5022_aug1,E:\Data (Drive)\IUH\DL\GK\surface-defect-detection\data\images\train\mt_blowhole_exp5_num_5022_aug1.png,True,1,120,288
train,mt_blowhole_exp5_num_5022_aug2,E:\Data (Drive)\IUH\DL\GK\surface-defect-detection\data\images\train\mt_blowhole_exp5_num_5022_aug2.png,True,1,120,288
train,mt_blowhole_exp5_num_51739,E:\Data (Drive)\IUH\DL\GK\surface-defect-detection\data\images\train\mt_blowhole_exp5_num_51739.png,True,1,121,286
train,mt_blowhole_exp5_num_51739_aug1,E:\Data (Drive)\IUH\DL\GK\surface-defect-detection\data\images\train\mt_blowhole_exp5_num_51739_aug1.png,True,1,121,286
train,mt_blowhole_exp5_num_51739_aug2,E:\Data (Drive)\IUH\DL\GK\surface-defect-detection\data\images\train\mt_blowhole_exp5_num_51739_aug2.png,True,1,121,286
train,mt_blowhole_exp5_num_54331,E:\Data (Drive)\IUH\DL\GK\surface-defect-detection\data\images\train\mt_blowhole_exp5_num_54331.png,True,1,122,285
train,mt_blowhole_exp5_num_54331_aug1,E:\Data (Drive)\IUH\DL\GK\surface-defect-detection\data\images\train\mt_blowhole_exp5_num_54331_aug1.png,True,1,122,285
train,mt_blowhole_exp5_num_54331_aug2,E:\Data (Drive)\IUH\DL\GK\surface-defect-detection\data\images\train\mt_blowhole_exp5_num_54331_aug2.png,True,1,122,285
train,mt_blowhole_exp5_num_7054,E:\Data (Drive)\IUH\DL\GK\surface-defect-detection\data\images\train\mt_blowhole_exp5_num_7054.png,True,1,482,364
train,mt_blowhole_exp5_num_7054_aug1,E:\Data (Drive)\IUH\DL\GK\surface-defect-detection\data\images\train\mt_blowhole_exp5_num_7054_aug1.png,True,1,482,364
train,mt_blowhole_exp5_num_7054_aug2,E:\Data (Drive)\IUH\DL\GK\surface-defect-detection\data\images\train\mt_blowhole_exp5_num_7054_aug2.png,True,1,482,364
train,mt_blowhole_exp5_num_9549,E:\Data (Drive)\IUH\DL\GK\surface-defect-detection\data\images\train\mt_blowhole_exp5_num_9549.png,True,1,451,390
train,mt_blowhole_exp5_num_9549_aug1,E:\Data (Drive)\IUH\DL\GK\surface-defect-detection\data\images\train\mt_blowhole_exp5_num_9549_aug1.png,True,1,451,390
train,mt_blowhole_exp5_num_9549_aug2,E:\Data (Drive)\IUH\DL\GK\surface-defect-detection\data\images\train\mt_blowhole_exp5_num_9549_aug2.png,True,1,451,390
train,mt_blowhole_exp6_num_108812,E:\Data (Drive)\IUH\DL\GK\surface-defect-detection\data\images\train\mt_blowhole_exp6_num_108812.png,True,1,256,372
train,mt_blowhole_exp6_num_108812_aug1,E:\Data (Drive)\IUH\DL\GK\surface-defect-detection\data\images\train\mt_blowhole_exp6_num_108812_aug1.png,True,1,256,372
train,mt_blowhole_exp6_num_108812_aug2,E:\Data (Drive)\IUH\DL\GK\surface-defect-detection\data\images\train\mt_blowhole_exp6_num_108812_aug2.png,True,1,256,372
train,mt_blowhole_exp6_num_262705,E:\Data (Drive)\IUH\DL\GK\surface-defect-detection\data\images\train\mt_blowhole_exp6_num_262705.png,True,1,185,249
train,mt_blowhole_exp6_num_262705_aug1,E:\Data (Drive)\IUH\DL\GK\surface-defect-detection\data\images\train\mt_blowhole_exp6_num_262705_aug1.png,True,1,185,249
train,mt_blowhole_exp6_num_262705_aug2,E:\Data (Drive)\IUH\DL\GK\surface-defect-detection\data\images\train\mt_blowhole_exp6_num_262705_aug2.png,True,1,185,249
train,mt_blowhole_exp6_num_265182,E:\Data (Drive)\IUH\DL\GK\surface-defect-detection\data\images\train\mt_blowhole_exp6_num_265182.png,True,1,234,364
train,mt_blowhole_exp6_num_265182_aug1,E:\Data (Drive)\IUH\DL\GK\surface-defect-detection\data\images\train\mt_blowhole_exp6_num_265182_aug1.png,True,1,234,364
train,mt_blowhole_exp6_num_265182_aug2,E:\Data (Drive)\IUH\DL\GK\surface-defect-detection\data\images\train\mt_blowhole_exp6_num_265182_aug2.png,True,1,234,364
train,mt_blowhole_exp6_num_291134,E:\Data (Drive)\IUH\DL\GK\surface-defect-detection\data\images\train\mt_blowhole_exp6_num_291134.png,True,1,298,357
train,mt_blowhole_exp6_num_291134_aug1,E:\Data (Drive)\IUH\DL\GK\surface-defect-detection\data\images\train\mt_blowhole_exp6_num_291134_aug1.png,True,1,298,357
train,mt_blowhole_exp6_num_291134_aug2,E:\Data (Drive)\IUH\DL\GK\surface-defect-detection\data\images\train\mt_blowhole_exp6_num_291134_aug2.png,True,1,298,357
train,mt_blowhole_exp6_num_297601,E:\Data (Drive)\IUH\DL\GK\surface-defect-detection\data\images\train\mt_blowhole_exp6_num_297601.png,True,1,218,271
train,mt_blowhole_exp6_num_297601_aug1,E:\Data (Drive)\IUH\DL\GK\surface-defect-detection\data\images\train\mt_blowhole_exp6_num_297601_aug1.png,True,1,218,271
train,mt_blowhole_exp6_num_297601_aug2,E:\Data (Drive)\IUH\DL\GK\surface-defect-detection\data\images\train\mt_blowhole_exp6_num_297601_aug2.png,True,1,218,271
train,mt_blowhole_exp6_num_308130,E:\Data (Drive)\IUH\DL\GK\surface-defect-detection\data\images\train\mt_blowhole_exp6_num_308130.png,True,1,220,275
train,mt_blowhole_exp6_num_308130_aug1,E:\Data (Drive)\IUH\DL\GK\surface-defect-detection\data\images\train\mt_blowhole_exp6_num_308130_aug1.png,True,1,220,275
train,mt_blowhole_exp6_num_308130_aug2,E:\Data (Drive)\IUH\DL\GK\surface-defect-detection\data\images\train\mt_blowhole_exp6_num_308130_aug2.png,True,1,220,275
train,mt_blowhole_exp6_num_317592,E:\Data (Drive)\IUH\DL\GK\surface-defect-detection\data\images\train\mt_blowhole_exp6_num_317592.png,True,1,225,267
train,mt_blowhole_exp6_num_317592_aug1,E:\Data (Drive)\IUH\DL\GK\surface-defect-detection\data\images\train\mt_blowhole_exp6_num_317592_aug1.png,True,1,225,267
train,mt_blowhole_exp6_num_317592_aug2,E:\Data (Drive)\IUH\DL\GK\surface-defect-detection\data\images\train\mt_blowhole_exp6_num_317592_aug2.png,True,1,225,267
train,mt_blowhole_exp6_num_322697,E:\Data (Drive)\IUH\DL\GK\surface-defect-detection\data\images\train\mt_blowhole_exp6_num_322697.png,True,1,204,241
train,mt_blowhole_exp6_num_322697_aug1,E:\Data (Drive)\IUH\DL\GK\surface-defect-detection\data\images\train\mt_blowhole_exp6_num_322697_aug1.png,True,1,204,241
train,mt_blowhole_exp6_num_322697_aug2,E:\Data (Drive)\IUH\DL\GK\surface-defect-detection\data\images\train\mt_blowhole_exp6_num_322697_aug2.png,True,1,204,241
train,mt_blowhole_exp6_num_328105,E:\Data (Drive)\IUH\DL\GK\surface-defect-detection\data\images\train\mt_blowhole_exp6_num_328105.png,True,1,359,348
train,mt_blowhole_exp6_num_328105_aug1,E:\Data (Drive)\IUH\DL\GK\surface-defect-detection\data\images\train\mt_blowhole_exp6_num_328105_aug1.png,True,1,359,348
train,mt_blowhole_exp6_num_328105_aug2,E:\Data (Drive)\IUH\DL\GK\surface-defect-detection\data\images\train\mt_blowhole_exp6_num_328105_aug2.png,True,1,359,348
train,mt_blowhole_exp6_num_346414,E:\Data (Drive)\IUH\DL\GK\surface-defect-detection\data\images\train\mt_blowhole_exp6_num_346414.png,True,1,494,382
train,mt_blowhole_exp6_num_346414_aug1,E:\Data (Drive)\IUH\DL\GK\surface-defect-detection\data\images\train\mt_blowhole_exp6_num_346414_aug1.png,True,1,494,382
train,mt_blowhole_exp6_num_346414_aug2,E:\Data (Drive)\IUH\DL\GK\surface-defect-detection\data\images\train\mt_blowhole_exp6_num_346414_aug2.png,True,1,494,382
train,mt_blowhole_exp6_num_3789,E:\Data (Drive)\IUH\DL\GK\surface-defect-detection\data\images\train\mt_blowhole_exp6_num_3789.png,True,1,469,366
train,mt_blowhole_exp6_num_3789_aug1,E:\Data (Drive)\IUH\DL\GK\surface-defect-detection\data\images\train\mt_blowhole_exp6_num_3789_aug1.png,True,1,469,366
train,mt_blowhole_exp6_num_3789_aug2,E:\Data (Drive)\IUH\DL\GK\surface-defect-detection\data\images\train\mt_blowhole_exp6_num_3789_aug2.png,True,1,469,366
train,mt_blowhole_exp6_num_5106,E:\Data (Drive)\IUH\DL\GK\surface-defect-detection\data\images\train\mt_blowhole_exp6_num_5106.png,True,1,121,283
train,mt_blowhole_exp6_num_5106_aug1,E:\Data (Drive)\IUH\DL\GK\surface-defect-detection\data\images\train\mt_blowhole_exp6_num_5106_aug1.png,True,1,121,283
train,mt_blowhole_exp6_num_5106_aug2,E:\Data (Drive)\IUH\DL\GK\surface-defect-detection\data\images\train\mt_blowhole_exp6_num_5106_aug2.png,True,1,121,283
train,mt_blowhole_exp6_num_51771,E:\Data (Drive)\IUH\DL\GK\surface-defect-detection\data\images\train\mt_blowhole_exp6_num_51771.png,True,1,119,283
train,mt_blowhole_exp6_num_51771_aug1,E:\Data (Drive)\IUH\DL\GK\surface-defect-detection\data\images\train\mt_blowhole_exp6_num_51771_aug1.png,True,1,119,283
train,mt_blowhole_exp6_num_51771_aug2,E:\Data (Drive)\IUH\DL\GK\surface-defect-detection\data\images\train\mt_blowhole_exp6_num_51771_aug2.png,True,1,119,283
train,mt_blowhole_exp6_num_7102,E:\Data (Drive)\IUH\DL\GK\surface-defect-detection\data\images\train\mt_blowhole_exp6_num_7102.png,True,1,479,372
train,mt_blowhole_exp6_num_7102_aug1,E:\Data (Drive)\IUH\DL\GK\surface-defect-detection\data\images\train\mt_blowhole_exp6_num_7102_aug1.png,True,1,479,372
train,mt_blowhole_exp6_num_7102_aug2,E:\Data (Drive)\IUH\DL\GK\surface-defect-detection\data\images\train\mt_blowhole_exp6_num_7102_aug2.png,True,1,479,372
train,mt_blowhole_exp6_num_9594,E:\Data (Drive)\IUH\DL\GK\surface-defect-detection\data\images\train\mt_blowhole_exp6_num_9594.png,True,1,301,364
train,mt_blowhole_exp6_num_9594_aug1,E:\Data (Drive)\IUH\DL\GK\surface-defect-detection\data\images\train\mt_blowhole_exp6_num_9594_aug1.png,True,1,301,364
train,mt_blowhole_exp6_num_9594_aug2,E:\Data (Drive)\IUH\DL\GK\surface-defect-detection\data\images\train\mt_blowhole_exp6_num_9594_aug2.png,True,1,301,364
train,mt_break_exp1_num_116934,E:\Data (Drive)\IUH\DL\GK\surface-defect-detection\data\images\train\mt_break_exp1_num_116934.png,True,1,592,247
train,mt_break_exp1_num_116934_aug1,E:\Data (Drive)\IUH\DL\GK\surface-defect-detection\data\images\train\mt_break_exp1_num_116934_aug1.png,True,1,592,247
train,mt_break_exp1_num_116934_aug2,E:\Data (Drive)\IUH\DL\GK\surface-defect-detection\data\images\train\mt_break_exp1_num_116934_aug2.png,True,1,592,247
train,mt_break_exp1_num_241889,E:\Data (Drive)\IUH\DL\GK\surface-defect-detection\data\images\train\mt_break_exp1_num_241889.png,True,1,189,268
train,mt_break_exp1_num_241889_aug1,E:\Data (Drive)\IUH\DL\GK\surface-defect-detection\data\images\train\mt_break_exp1_num_241889_aug1.png,True,1,189,268
train,mt_break_exp1_num_241889_aug2,E:\Data (Drive)\IUH\DL\GK\surface-defect-detection\data\images\train\mt_break_exp1_num_241889_aug2.png,True,1,189,268
train,mt_break_exp1_num_26106,E:\Data (Drive)\IUH\DL\GK\surface-defect-detection\data\images\train\mt_break_exp1_num_26106.png,True,1,513,309
train,mt_break_exp1_num_26106_aug1,E:\Data (Drive)\IUH\DL\GK\surface-defect-detection\data\images\train\mt_break_exp1_num_26106_aug1.png,True,1,513,309
train,mt_break_exp1_num_26106_aug2,E:\Data (Drive)\IUH\DL\GK\surface-defect-detection\data\images\train\mt_break_exp1_num_26106_aug2.png,True,1,513,309
train,mt_break_exp1_num_271361,E:\Data (Drive)\IUH\DL\GK\surface-defect-detection\data\images\train\mt_break_exp1_num_271361.png,True,1,217,281
train,mt_break_exp1_num_271361_aug1,E:\Data (Drive)\IUH\DL\GK\surface-defect-detection\data\images\train\mt_break_exp1_num_271361_aug1.png,True,1,217,281
train,mt_break_exp1_num_271361_aug2,E:\Data (Drive)\IUH\DL\GK\surface-defect-detection\data\images\train\mt_break_exp1_num_271361_aug2.png,True,1,217,281
train,mt_break_exp1_num_284482,E:\Data (Drive)\IUH\DL\GK\surface-defect-detection\data\images\train\mt_break_exp1_num_284482.png,True,1,253,367
train,mt_break_exp1_num_284482_aug1,E:\Data (Drive)\IUH\DL\GK\surface-defect-detection\data\images\train\mt_break_exp1_num_284482_aug1.png,True,1,253,367
train,mt_break_exp1_num_284482_aug2,E:\Data (Drive)\IUH\DL\GK\surface-defect-detection\data\images\train\mt_break_exp1_num_284482_aug2.png,True,1,253,367
train,mt_break_exp1_num_304290,E:\Data (Drive)\IUH\DL\GK\surface-defect-detection\data\images\train\mt_break_exp1_num_304290.png,True,1,208,261
train,mt_break_exp1_num_304290_aug1,E:\Data (Drive)\IUH\DL\GK\surface-defect-detection\data\images\train\mt_break_exp1_num_304290_aug1.png,True,1,208,261
train,mt_break_exp1_num_304290_aug2,E:\Data (Drive)\IUH\DL\GK\surface-defect-detection\data\images\train\mt_break_exp1_num_304290_aug2.png,True,1,208,261
train,mt_break_exp1_num_348629,E:\Data (Drive)\IUH\DL\GK\surface-defect-detection\data\images\train\mt_break_exp1_num_348629.png,True,1,512,373
train,mt_break_exp1_num_348629_aug1,E:\Data (Drive)\IUH\DL\GK\surface-defect-detection\data\images\train\mt_break_exp1_num_348629_aug1.png,True,1,512,373
train,mt_break_exp1_num_348629_aug2,E:\Data (Drive)\IUH\DL\GK\surface-defect-detection\data\images\train\mt_break_exp1_num_348629_aug2.png,True,1,512,373
train,mt_break_exp1_num_356718,E:\Data (Drive)\IUH\DL\GK\surface-defect-detection\data\images\train\mt_break_exp1_num_356718.png,True,1,504,376
train,mt_break_exp1_num_356718_aug1,E:\Data (Drive)\IUH\DL\GK\surface-defect-detection\data\images\train\mt_break_exp1_num_356718_aug1.png,True,1,504,376
train,mt_break_exp1_num_356718_aug2,E:\Data (Drive)\IUH\DL\GK\surface-defect-detection\data\images\train\mt_break_exp1_num_356718_aug2.png,True,1,504,376
train,mt_break_exp1_num_62553,E:\Data (Drive)\IUH\DL\GK\surface-defect-detection\data\images\train\mt_break_exp1_num_62553.png,True,1,115,287
train,mt_break_exp1_num_62553_aug1,E:\Data (Drive)\IUH\DL\GK\surface-defect-detection\data\images\train\mt_break_exp1_num_62553_aug1.png,True,1,115,287
train,mt_break_exp1_num_62553_aug2,E:\Data (Drive)\IUH\DL\GK\surface-defect-detection\data\images\train\mt_break_exp1_num_62553_aug2.png,True,1,115,287
train,mt_break_exp1_num_98080,E:\Data (Drive)\IUH\DL\GK\surface-defect-detection\data\images\train\mt_break_exp1_num_98080.png,True,4,586,266
train,mt_break_exp1_num_98080_aug1,E:\Data (Drive)\IUH\DL\GK\surface-defect-detection\data\images\train\mt_break_exp1_num_98080_aug1.png,True,4,586,266
train,mt_break_exp1_num_98080_aug2,E:\Data (Drive)\IUH\DL\GK\surface-defect-detection\data\images\train\mt_break_exp1_num_98080_aug2.png,True,4,586,266
train,mt_break_exp2_num_194202,E:\Data (Drive)\IUH\DL\GK\surface-defect-detection\data\images\train\mt_break_exp2_num_194202.png,True,2,188,326
train,mt_break_exp2_num_194202_aug1,E:\Data (Drive)\IUH\DL\GK\surface-defect-detection\data\images\train\mt_break_exp2_num_194202_aug1.png,True,2,188,326
train,mt_break_exp2_num_194202_aug2,E:\Data (Drive)\IUH\DL\GK\surface-defect-detection\data\images\train\mt_break_exp2_num_194202_aug2.png,True,2,188,326
train,mt_break_exp2_num_241913,E:\Data (Drive)\IUH\DL\GK\surface-defect-detection\data\images\train\mt_break_exp2_num_241913.png,True,1,191,272
train,mt_break_exp2_num_241913_aug1,E:\Data (Drive)\IUH\DL\GK\surface-defect-detection\data\images\train\mt_break_exp2_num_241913_aug1.png,True,1,191,272
train,mt_break_exp2_num_241913_aug2,E:\Data (Drive)\IUH\DL\GK\surface-defect-detection\data\images\train\mt_break_exp2_num_241913_aug2.png,True,1,191,272
train,mt_break_exp2_num_26130,E:\Data (Drive)\IUH\DL\GK\surface-defect-detection\data\images\train\mt_break_exp2_num_26130.png,True,1,509,313
train,mt_break_exp2_num_26130_aug1,E:\Data (Drive)\IUH\DL\GK\surface-defect-detection\data\images\train\mt_break_exp2_num_26130_aug1.png,True,1,509,313
train,mt_break_exp2_num_26130_aug2,E:\Data (Drive)\IUH\DL\GK\surface-defect-detection\data\images\train\mt_break_exp2_num_26130_aug2.png,True,1,509,313
train,mt_break_exp2_num_271384,E:\Data (Drive)\IUH\DL\GK\surface-defect-detection\data\images\train\mt_break_exp2_num_271384.png,True,1,215,283
train,mt_break_exp2_num_271384_aug1,E:\Data (Drive)\IUH\DL\GK\surface-defect-detection\data\images\train\mt_break_exp2_num_271384_aug1.png,True,1,215,283
train,mt_break_exp2_num_271384_aug2,E:\Data (Drive)\IUH\DL\GK\surface-defect-detection\data\images\train\mt_break_exp2_num_271384_aug2.png,True,1,215,283
train,mt_break_exp2_num_276373,E:\Data (Drive)\IUH\DL\GK\surface-defect-detection\data\images\train\mt_break_exp2_num_276373.png,True,2,230,384
train,mt_break_exp2_num_276373_aug1,E:\Data (Drive)\IUH\DL\GK\surface-defect-detection\data\images\train\mt_break_exp2_num_276373_aug1.png,True,2,230,384
train,mt_break_exp2_num_276373_aug2,E:\Data (Drive)\IUH\DL\GK\surface-defect-detection\data\images\train\mt_break_exp2_num_276373_aug2.png,True,2,230,384
train,mt_break_exp2_num_284506,E:\Data (Drive)\IUH\DL\GK\surface-defect-detection\data\images\train\mt_break_exp2_num_284506.png,True,1,253,357
train,mt_break_exp2_num_284506_aug1,E:\Data (Drive)\IUH\DL\GK\surface-defect-detection\data\images\train\mt_break_exp2_num_284506_aug1.png,True,1,253,357
train,mt_break_exp2_num_284506_aug2,E:\Data (Drive)\IUH\DL\GK\surface-defect-detection\data\images\train\mt_break_exp2_num_284506_aug2.png,True,1,253,357
train,mt_break_exp2_num_320673,E:\Data (Drive)\IUH\DL\GK\surface-defect-detection\data\images\train\mt_break_exp2_num_320673.png,True,1,190,268
train,mt_break_exp2_num_320673_aug1,E:\Data (Drive)\IUH\DL\GK\surface-defect-detection\data\images\train\mt_break_exp2_num_320673_aug1.png,True,1,190,268
train,mt_break_exp2_num_320673_aug2,E:\Data (Drive)\IUH\DL\GK\surface-defect-detection\data\images\train\mt_break_exp2_num_320673_aug2.png,True,1,190,268
train,mt_break_exp2_num_62577,E:\Data (Drive)\IUH\DL\GK\surface-defect-detection\data\images\train\mt_break_exp2_num_62577.png,True,1,123,284
train,mt_break_exp2_num_62577_aug1,E:\Data (Drive)\IUH\DL\GK\surface-defect-detection\data\images\train\mt_break_exp2_num_62577_aug1.png,True,1,123,284
train,mt_break_exp2_num_62577_aug2,E:\Data (Drive)\IUH\DL\GK\surface-defect-detection\data\images\train\mt_break_exp2_num_62577_aug2.png,True,1,123,284
train,mt_break_exp2_num_98102,E:\Data (Drive)\IUH\DL\GK\surface-defect-detection\data\images\train\mt_break_exp2_num_98102.png,True,5,452,290
train,mt_break_exp2_num_98102_aug1,E:\Data (Drive)\IUH\DL\GK\surface-defect-detection\data\images\train\mt_break_exp2_num_98102_aug1.png,True,5,452,290
train,mt_break_exp2_num_98102_aug2,E:\Data (Drive)\IUH\DL\GK\surface-defect-detection\data\images\train\mt_break_exp2_num_98102_aug2.png,True,5,452,290
train,mt_break_exp3_num_105826,E:\Data (Drive)\IUH\DL\GK\surface-defect-detection\data\images\train\mt_break_exp3_num_105826.png,True,1,616,252
train,mt_break_exp3_num_105826_aug1,E:\Data (Drive)\IUH\DL\GK\surface-defect-detection\data\images\train\mt_break_exp3_num_105826_aug1.png,True,1,616,252
train,mt_break_exp3_num_105826_aug2,E:\Data (Drive)\IUH\DL\GK\surface-defect-detection\data\images\train\mt_break_exp3_num_105826_aug2.png,True,1,616,252
train,mt_break_exp3_num_241926,E:\Data (Drive)\IUH\DL\GK\surface-defect-detection\data\images\train\mt_break_exp3_num_241926.png,True,1,197,280
train,mt_break_exp3_num_241926_aug1,E:\Data (Drive)\IUH\DL\GK\surface-defect-detection\data\images\train\mt_break_exp3_num_241926_aug1.png,True,1,197,280
train,mt_break_exp3_num_241926_aug2,E:\Data (Drive)\IUH\DL\GK\surface-defect-detection\data\images\train\mt_break_exp3_num_241926_aug2.png,True,1,197,280
train,mt_break_exp3_num_271400,E:\Data (Drive)\IUH\DL\GK\surface-defect-detection\data\images\train\mt_break_exp3_num_271400.png,True,1,220,274
train,mt_break_exp3_num_271400_aug1,E:\Data (Drive)\IUH\DL\GK\surface-defect-detection\data\images\train\mt_break_exp3_num_271400_aug1.png,True,1,220,274
train,mt_break_exp3_num_271400_aug2,E:\Data (Drive)\IUH\DL\GK\surface-defect-detection\data\images\train\mt_break_exp3_num_271400_aug2.png,True,1,220,274
train,mt_break_exp3_num_320689,E:\Data (Drive)\IUH\DL\GK\surface-defect-detection\data\images\train\mt_break_exp3_num_320689.png,True,1,202,265
train,mt_break_exp3_num_320689_aug1,E:\Data (Drive)\IUH\DL\GK\surface-defect-detection\data\images\train\mt_break_exp3_num_320689_aug1.png,True,1,202,265
train,mt_break_exp3_num_320689_aug2,E:\Data (Drive)\IUH\DL\GK\surface-defect-detection\data\images\train\mt_break_exp3_num_320689_aug2.png,True,1,202,265
train,mt_break_exp3_num_348661,E:\Data (Drive)\IUH\DL\GK\surface-defect-detection\data\images\train\mt_break_exp3_num_348661.png,True,1,509,384
train,mt_break_exp3_num_348661_aug1,E:\Data (Drive)\IUH\DL\GK\surface-defect-detection\data\images\train\mt_break_exp3_num_348661_aug1.png,True,1,509,384
train,mt_break_exp3_num_348661_aug2,E:\Data (Drive)\IUH\DL\GK\surface-defect-detection\data\images\train\mt_break_exp3_num_348661_aug2.png,True,1,509,384
train,mt_break_exp3_num_62592,E:\Data (Drive)\IUH\DL\GK\surface-defect-detection\data\images\train\mt_break_exp3_num_62592.png,True,1,123,280
train,mt_break_exp3_num_62592_aug1,E:\Data (Drive)\IUH\DL\GK\surface-defect-detection\data\images\train\mt_break_exp3_num_62592_aug1.png,True,1,123,280
train,mt_break_exp3_num_62592_aug2,E:\Data (Drive)\IUH\DL\GK\surface-defect-detection\data\images\train\mt_break_exp3_num_62592_aug2.png,True,1,123,280
train,mt_break_exp3_num_77583,E:\Data (Drive)\IUH\DL\GK\surface-defect-detection\data\images\train\mt_break_exp3_num_77583.png,True,2,602,232
train,mt_break_exp3_num_77583_aug1,E:\Data (Drive)\IUH\DL\GK\surface-defect-detection\data\images\train\mt_break_exp3_num_77583_aug1.png,True,2,602,232
train,mt_break_exp3_num_77583_aug2,E:\Data (Drive)\IUH\DL\GK\surface-defect-detection\data\images\train\mt_break_exp3_num_77583_aug2.png,True,2,602,232
train,mt_break_exp3_num_98116,E:\Data (Drive)\IUH\DL\GK\surface-defect-detection\data\images\train\mt_break_exp3_num_98116.png,True,5,450,304
train,mt_break_exp3_num_98116_aug1,E:\Data (Drive)\IUH\DL\GK\surface-defect-detection\data\images\train\mt_break_exp3_num_98116_aug1.png,True,5,450,304
train,mt_break_exp3_num_98116_aug2,E:\Data (Drive)\IUH\DL\GK\surface-defect-detection\data\images\train\mt_break_exp3_num_98116_aug2.png,True,5,450,304
train,mt_break_exp4_num_105851,E:\Data (Drive)\IUH\DL\GK\surface-defect-detection\data\images\train\mt_break_exp4_num_105851.png,True,1,618,278
train,mt_break_exp4_num_105851_aug1,E:\Data (Drive)\IUH\DL\GK\surface-defect-detection\data\images\train\mt_break_exp4_num_105851_aug1.png,True,1,618,278
train,mt_break_exp4_num_105851_aug2,E:\Data (Drive)\IUH\DL\GK\surface-defect-detection\data\images\train\mt_break_exp4_num_105851_aug2.png,True,1,618,278
train,mt_break_exp4_num_116999,E:\Data (Drive)\IUH\DL\GK\surface-defect-detection\data\images\train\mt_break_exp4_num_116999.png,True,1,606,269
train,mt_break_exp4_num_116999_aug1,E:\Data (Drive)\IUH\DL\GK\surface-defect-detection\data\images\train\mt_break_exp4_num_116999_aug1.png,True,1,606,269
train,mt_break_exp4_num_116999_aug2,E:\Data (Drive)\IUH\DL\GK\surface-defect-detection\data\images\train\mt_break_exp4_num_116999_aug2.png,True,1,606,269
train,mt_break_exp4_num_194236,E:\Data (Drive)\IUH\DL\GK\surface-defect-detection\data\images\train\mt_break_exp4_num_194236.png,True,3,189,321
train,mt_break_exp4_num_194236_aug1,E:\Data (Drive)\IUH\DL\GK\surface-defect-detection\data\images\train\mt_break_exp4_num_194236_aug1.png,True,3,189,321
train,mt_break_exp4_num_194236_aug2,E:\Data (Drive)\IUH\DL\GK\surface-defect-detection\data\images\train\mt_break_exp4_num_194236_aug2.png,True,3,189,321
train,mt_break_exp4_num_241939,E:\Data (Drive)\IUH\DL\GK\surface-defect-detection\data\images\train\mt_break_exp4_num_241939.png,True,1,203,273
train,mt_break_exp4_num_241939_aug1,E:\Data (Drive)\IUH\DL\GK\surface-defect-detection\data\images\train\mt_break_exp4_num_241939_aug1.png,True,1,203,273
train,mt_break_exp4_num_241939_aug2,E:\Data (Drive)\IUH\DL\GK\surface-defect-detection\data\images\train\mt_break_exp4_num_241939_aug2.png,True,1,203,273
train,mt_break_exp4_num_26163,E:\Data (Drive)\IUH\DL\GK\surface-defect-detection\data\images\train\mt_break_exp4_num_26163.png,True,1,532,315
train,mt_break_exp4_num_26163_aug1,E:\Data (Drive)\IUH\DL\GK\surface-defect-detection\data\images\train\mt_break_exp4_num_26163_aug1.png,True,1,532,315
train,mt_break_exp4_num_26163_aug2,E:\Data (Drive)\IUH\DL\GK\surface-defect-detection\data\images\train\mt_break_exp4_num_26163_aug2.png,True,1,532,315
train,mt_break_exp4_num_271416,E:\Data (Drive)\IUH\DL\GK\surface-defect-detection\data\images\train\mt_break_exp4_num_271416.png,True,1,218,280
train,mt_break_exp4_num_271416_aug1,E:\Data (Drive)\IUH\DL\GK\surface-defect-detection\data\images\train\mt_break_exp4_num_271416_aug1.png,True,1,218,280
train,mt_break_exp4_num_271416_aug2,E:\Data (Drive)\IUH\DL\GK\surface-defect-detection\data\images\train\mt_break_exp4_num_271416_aug2.png,True,1,218,280
train,mt_break_exp4_num_276401,E:\Data (Drive)\IUH\DL\GK\surface-defect-detection\data\images\train\mt_break_exp4_num_276401.png,True,2,224,392
train,mt_break_exp4_num_276401_aug1,E:\Data (Drive)\IUH\DL\GK\surface-defect-detection\data\images\train\mt_break_exp4_num_276401_aug1.png,True,2,224,392
train,mt_break_exp4_num_276401_aug2,E:\Data (Drive)\IUH\DL\GK\surface-defect-detection\data\images\train\mt_break_exp4_num_276401_aug2.png,True,2,224,392
train,mt_break_exp4_num_284532,E:\Data (Drive)\IUH\DL\GK\surface-defect-detection\data\images\train\mt_break_exp4_num_284532.png,True,1,247,362
train,mt_break_exp4_num_284532_aug1,E:\Data (Drive)\IUH\DL\GK\surface-defect-detection\data\images\train\mt_break_exp4_num_284532_aug1.png,True,1,247,362
train,mt_break_exp4_num_284532_aug2,E:\Data (Drive)\IUH\DL\GK\surface-defect-detection\data\images\train\mt_break_exp4_num_284532_aug2.png,True,1,247,362
train,mt_break_exp4_num_348673,E:\Data (Drive)\IUH\DL\GK\surface-defect-detection\data\images\train\mt_break_exp4_num_348673.png,True,1,516,378
train,mt_break_exp4_num_348673_aug1,E:\Data (Drive)\IUH\DL\GK\surface-defect-detection\data\images\train\mt_break_exp4_num_348673_aug1.png,True,1,516,378
train,mt_break_exp4_num_348673_aug2,E:\Data (Drive)\IUH\DL\GK\surface-defect-detection\data\images\train\mt_break_exp4_num_348673_aug2.png,True,1,516,378
train,mt_break_exp4_num_62606,E:\Data (Drive)\IUH\DL\GK\surface-defect-detection\data\images\train\mt_break_exp4_num_62606.png,True,1,120,282
train,mt_break_exp4_num_62606_aug1,E:\Data (Drive)\IUH\DL\GK\surface-defect-detection\data\images\train\mt_break_exp4_num_62606_aug1.png,True,1,120,282
train,mt_break_exp4_num_62606_aug2,E:\Data (Drive)\IUH\DL\GK\surface-defect-detection\data\images\train\mt_break_exp4_num_62606_aug2.png,True,1,120,282
train,mt_break_exp4_num_98305,E:\Data (Drive)\IUH\DL\GK\surface-defect-detection\data\images\train\mt_break_exp4_num_98305.png,True,4,296,277
train,mt_break_exp4_num_98305_aug1,E:\Data (Drive)\IUH\DL\GK\surface-defect-detection\data\images\train\mt_break_exp4_num_98305_aug1.png,True,4,296,277
train,mt_break_exp4_num_98305_aug2,E:\Data (Drive)\IUH\DL\GK\surface-defect-detection\data\images\train\mt_break_exp4_num_98305_aug2.png,True,4,296,277
train,mt_break_exp5_num_105879,E:\Data (Drive)\IUH\DL\GK\surface-defect-detection\data\images\train\mt_break_exp5_num_105879.png,True,2,611,247
train,mt_break_exp5_num_105879_aug1,E:\Data (Drive)\IUH\DL\GK\surface-defect-detection\data\images\train\mt_break_exp5_num_105879_aug1.png,True,2,611,247
train,mt_break_exp5_num_105879_aug2,E:\Data (Drive)\IUH\DL\GK\surface-defect-detection\data\images\train\mt_break_exp5_num_105879_aug2.png,True,2,611,247
train,mt_break_exp5_num_149023,E:\Data (Drive)\IUH\DL\GK\surface-defect-detection\data\images\train\mt_break_exp5_num_149023.png,True,1,615,267
train,mt_break_exp5_num_149023_aug1,E:\Data (Drive)\IUH\DL\GK\surface-defect-detection\data\images\train\mt_break_exp5_num_149023_aug1.png,True,1,615,267
train,mt_break_exp5_num_149023_aug2,E:\Data (Drive)\IUH\DL\GK\surface-defect-detection\data\images\train\mt_break_exp5_num_149023_aug2.png,True,1,615,267
train,mt_break_exp5_num_242089,E:\Data (Drive)\IUH\DL\GK\surface-defect-detection\data\images\train\mt_break_exp5_num_242089.png,True,1,200,276
train,mt_break_exp5_num_242089_aug1,E:\Data (Drive)\IUH\DL\GK\surface-defect-detection\data\images\train\mt_break_exp5_num_242089_aug1.png,True,1,200,276
train,mt_break_exp5_num_242089_aug2,E:\Data (Drive)\IUH\DL\GK\surface-defect-detection\data\images\train\mt_break_exp5_num_242089_aug2.png,True,1,200,276
train,mt_break_exp5_num_26212,E:\Data (Drive)\IUH\DL\GK\surface-defect-detection\data\images\train\mt_break_exp5_num_26212.png,True,1,498,323
train,mt_break_exp5_num_26212_aug1,E:\Data (Drive)\IUH\DL\GK\surface-defect-detection\data\images\train\mt_break_exp5_num_26212_aug1.png,True,1,498,323
train,mt_break_exp5_num_26212_aug2,E:\Data (Drive)\IUH\DL\GK\surface-defect-detection\data\images\train\mt_break_exp5_num_26212_aug2.png,True,1,498,323
train,mt_break_exp5_num_276416,E:\Data (Drive)\IUH\DL\GK\surface-defect-detection\data\images\train\mt_break_exp5_num_276416.png,True,2,253,385
train,mt_break_exp5_num_276416_aug1,E:\Data (Drive)\IUH\DL\GK\surface-defect-detection\data\images\train\mt_break_exp5_num_276416_aug1.png,True,2,253,385
train,mt_break_exp5_num_276416_aug2,E:\Data (Drive)\IUH\DL\GK\surface-defect-detection\data\images\train\mt_break_exp5_num_276416_aug2.png,True,2,253,385
train,mt_break_exp5_num_284552,E:\Data (Drive)\IUH\DL\GK\surface-defect-detection\data\images\train\mt_break_exp5_num_284552.png,True,1,257,368
train,mt_break_exp5_num_284552_aug1,E:\Data (Drive)\IUH\DL\GK\surface-defect-detection\data\images\train\mt_break_exp5_num_284552_aug1.png,True,1,257,368
train,mt_break_exp5_num_284552_aug2,E:\Data (Drive)\IUH\DL\GK\surface-defect-detection\data\images\train\mt_break_exp5_num_284552_aug2.png,True,1,257,368
train,mt_break_exp5_num_348696,E:\Data (Drive)\IUH\DL\GK\surface-defect-detection\data\images\train\mt_break_exp5_num_348696.png,True,1,509,381
train,mt_break_exp5_num_348696_aug1,E:\Data (Drive)\IUH\DL\GK\surface-defect-detection\data\images\train\mt_break_exp5_num_348696_aug1.png,True,1,509,381
train,mt_break_exp5_num_348696_aug2,E:\Data (Drive)\IUH\DL\GK\surface-defect-detection\data\images\train\mt_break_exp5_num_348696_aug2.png,True,1,509,381
train,mt_break_exp5_num_356780,E:\Data (Drive)\IUH\DL\GK\surface-defect-detection\data\images\train\mt_break_exp5_num_356780.png,True,1,512,383
train,mt_break_exp5_num_356780_aug1,E:\Data (Drive)\IUH\DL\GK\surface-defect-detection\data\images\train\mt_break_exp5_num_356780_aug1.png,True,1,512,383
train,mt_break_exp5_num_356780_aug2,E:\Data (Drive)\IUH\DL\GK\surface-defect-detection\data\images\train\mt_break_exp5_num_356780_aug2.png,True,1,512,383
train,mt_break_exp5_num_62619,E:\Data (Drive)\IUH\DL\GK\surface-defect-detection\data\images\train\mt_break_exp5_num_62619.png,True,1,122,285
train,mt_break_exp5_num_62619_aug1,E:\Data (Drive)\IUH\DL\GK\surface-defect-detection\data\images\train\mt_break_exp5_num_62619_aug1.png,True,1,122,285
train,mt_break_exp5_num_62619_aug2,E:\Data (Drive)\IUH\DL\GK\surface-defect-detection\data\images\train\mt_break_exp5_num_62619_aug2.png,True,1,122,285
train,mt_break_exp6_num_105927,E:\Data (Drive)\IUH\DL\GK\surface-defect-detection\data\images\train\mt_break_exp6_num_105927.png,True,1,611,252
train,mt_break_exp6_num_105927_aug1,E:\Data (Drive)\IUH\DL\GK\surface-defect-detection\data\images\train\mt_break_exp6_num_105927_aug1.png,True,1,611,252
train,mt_break_exp6_num_105927_aug2,E:\Data (Drive)\IUH\DL\GK\surface-defect-detection\data\images\train\mt_break_exp6_num_105927_aug2.png,True,1,611,252
train,mt_break_exp6_num_117060,E:\Data (Drive)\IUH\DL\GK\surface-defect-detection\data\images\train\mt_break_exp6_num_117060.png,True,1,610,270
train,mt_break_exp6_num_117060_aug1,E:\Data (Drive)\IUH\DL\GK\surface-defect-detection\data\images\train\mt_break_exp6_num_117060_aug1.png,True,1,610,270
train,mt_break_exp6_num_117060_aug2,E:\Data (Drive)\IUH\DL\GK\surface-defect-detection\data\images\train\mt_break_exp6_num_117060_aug2.png,True,1,610,270
train,mt_break_exp6_num_149097,E:\Data (Drive)\IUH\DL\GK\surface-defect-detection\data\images\train\mt_break_exp6_num_149097.png,True,1,582,265
train,mt_break_exp6_num_149097_aug1,E:\Data (Drive)\IUH\DL\GK\surface-defect-detection\data\images\train\mt_break_exp6_num_149097_aug1.png,True,1,582,265
train,mt_break_exp6_num_149097_aug2,E:\Data (Drive)\IUH\DL\GK\surface-defect-detection\data\images\train\mt_break_exp6_num_149097_aug2.png,True,1,582,265
train,mt_break_exp6_num_271512,E:\Data (Drive)\IUH\DL\GK\surface-defect-detection\data\images\train\mt_break_exp6_num_271512.png,True,1,211,290
train,mt_break_exp6_num_271512_aug1,E:\Data (Drive)\IUH\DL\GK\surface-defect-detection\data\images\train\mt_break_exp6_num_271512_aug1.png,True,1,211,290
train,mt_break_exp6_num_271512_aug2,E:\Data (Drive)\IUH\DL\GK\surface-defect-detection\data\images\train\mt_break_exp6_num_271512_aug2.png,True,1,211,290
train,mt_break_exp6_num_276451,E:\Data (Drive)\IUH\DL\GK\surface-defect-detection\data\images\train\mt_break_exp6_num_276451.png,True,1,260,388
train,mt_break_exp6_num_276451_aug1,E:\Data (Drive)\IUH\DL\GK\surface-defect-detection\data\images\train\mt_break_exp6_num_276451_aug1.png,True,1,260,388
train,mt_break_exp6_num_276451_aug2,E:\Data (Drive)\IUH\DL\GK\surface-defect-detection\data\images\train\mt_break_exp6_num_276451_aug2.png,True,1,260,388
train,mt_break_exp6_num_284593,E:\Data (Drive)\IUH\DL\GK\surface-defect-detection\data\images\train\mt_break_exp6_num_284593.png,True,1,263,369
train,mt_break_exp6_num_284593_aug1,E:\Data (Drive)\IUH\DL\GK\surface-defect-detection\data\images\train\mt_break_exp6_num_284593_aug1.png,True,1,263,369
train,mt_break_exp6_num_284593_aug2,E:\Data (Drive)\IUH\DL\GK\surface-defect-detection\data\images\train\mt_break_exp6_num_284593_aug2.png,True,1,263,369
train,mt_break_exp6_num_320759,E:\Data (Drive)\IUH\DL\GK\surface-defect-detection\data\images\train\mt_break_exp6_num_320759.png,True,1,185,252
train,mt_break_exp6_num_320759_aug1,E:\Data (Drive)\IUH\DL\GK\surface-defect-detection\data\images\train\mt_break_exp6_num_320759_aug1.png,True,1,185,252
train,mt_break_exp6_num_320759_aug2,E:\Data (Drive)\IUH\DL\GK\surface-defect-detection\data\images\train\mt_break_exp6_num_320759_aug2.png,True,1,185,252
train,mt_break_exp6_num_348888,E:\Data (Drive)\IUH\DL\GK\surface-defect-detection\data\images\train\mt_break_exp6_num_348888.png,True,1,488,380
train,mt_break_exp6_num_348888_aug1,E:\Data (Drive)\IUH\DL\GK\surface-defect-detection\data\images\train\mt_break_exp6_num_348888_aug1.png,True,1,488,380
train,mt_break_exp6_num_348888_aug2,E:\Data (Drive)\IUH\DL\GK\surface-defect-detection\data\images\train\mt_break_exp6_num_348888_aug2.png,True,1,488,380
train,mt_break_exp6_num_356817,E:\Data (Drive)\IUH\DL\GK\surface-defect-detection\data\images\train\mt_break_exp6_num_356817.png,True,1,513,381
train,mt_break_exp6_num_356817_aug1,E:\Data (Drive)\IUH\DL\GK\surface-defect-detection\data\images\train\mt_break_exp6_num_356817_aug1.png,True,1,513,381
train,mt_break_exp6_num_356817_aug2,E:\Data (Drive)\IUH\DL\GK\surface-defect-detection\data\images\train\mt_break_exp6_num_356817_aug2.png,True,1,513,381
train,mt_break_exp6_num_62649,E:\Data (Drive)\IUH\DL\GK\surface-defect-detection\data\images\train\mt_break_exp6_num_62649.png,True,1,115,291
train,mt_break_exp6_num_62649_aug1,E:\Data (Drive)\IUH\DL\GK\surface-defect-detection\data\images\train\mt_break_exp6_num_62649_aug1.png,True,1,115,291
train,mt_break_exp6_num_62649_aug2,E:\Data (Drive)\IUH\DL\GK\surface-defect-detection\data\images\train\mt_break_exp6_num_62649_aug2.png,True,1,115,291
train,mt_break_exp6_num_98402,E:\Data (Drive)\IUH\DL\GK\surface-defect-detection\data\images\train\mt_break_exp6_num_98402.png,True,4,278,297
train,mt_break_exp6_num_98402_aug1,E:\Data (Drive)\IUH\DL\GK\surface-defect-detection\data\images\train\mt_break_exp6_num_98402_aug1.png,True,4,278,297
train,mt_break_exp6_num_98402_aug2,E:\Data (Drive)\IUH\DL\GK\surface-defect-detection\data\images\train\mt_break_exp6_num_98402_aug2.png,True,4,278,297
train,mt_crack_exp1_num_249594,E:\Data (Drive)\IUH\DL\GK\surface-defect-detection\data\images\train\mt_crack_exp1_num_249594.png,True,1,219,264
train,mt_crack_exp1_num_249594_aug1,E:\Data (Drive)\IUH\DL\GK\surface-defect-detection\data\images\train\mt_crack_exp1_num_249594_aug1.png,True,1,219,264
train,mt_crack_exp1_num_249594_aug2,E:\Data (Drive)\IUH\DL\GK\surface-defect-detection\data\images\train\mt_crack_exp1_num_249594_aug2.png,True,1,219,264
train,mt_crack_exp1_num_265613,E:\Data (Drive)\IUH\DL\GK\surface-defect-detection\data\images\train\mt_crack_exp1_num_265613.png,True,2,253,381
train,mt_crack_exp1_num_265613_aug1,E:\Data (Drive)\IUH\DL\GK\surface-defect-detection\data\images\train\mt_crack_exp1_num_265613_aug1.png,True,2,253,381
train,mt_crack_exp1_num_265613_aug2,E:\Data (Drive)\IUH\DL\GK\surface-defect-detection\data\images\train\mt_crack_exp1_num_265613_aug2.png,True,2,253,381
train,mt_crack_exp1_num_276355,E:\Data (Drive)\IUH\DL\GK\surface-defect-detection\data\images\train\mt_crack_exp1_num_276355.png,True,2,236,389
train,mt_crack_exp1_num_276355_aug1,E:\Data (Drive)\IUH\DL\GK\surface-defect-detection\data\images\train\mt_crack_exp1_num_276355_aug1.png,True,2,236,389
train,mt_crack_exp1_num_276355_aug2,E:\Data (Drive)\IUH\DL\GK\surface-defect-detection\data\images\train\mt_crack_exp1_num_276355_aug2.png,True,2,236,389
train,mt_crack_exp1_num_32128,E:\Data (Drive)\IUH\DL\GK\surface-defect-detection\data\images\train\mt_crack_exp1_num_32128.png,True,1,122,285
train,mt_crack_exp1_num_32128_aug1,E:\Data (Drive)\IUH\DL\GK\surface-defect-detection\data\images\train\mt_crack_exp1_num_32128_aug1.png,True,1,122,285
train,mt_crack_exp1_num_32128_aug2,E:\Data (Drive)\IUH\DL\GK\surface-defect-detection\data\images\train\mt_crack_exp1_num_32128_aug2.png,True,1,122,285
train,mt_crack_exp1_num_342140,E:\Data (Drive)\IUH\DL\GK\surface-defect-detection\data\images\train\mt_crack_exp1_num_342140.png,True,2,421,372
train,mt_crack_exp1_num_342140_aug1,E:\Data (Drive)\IUH\DL\GK\surface-defect-detection\data\images\train\mt_crack_exp1_num_342140_aug1.png,True,2,421,372
train,mt_crack_exp1_num_342140_aug2,E:\Data (Drive)\IUH\DL\GK\surface-defect-detection\data\images\train\mt_crack_exp1_num_342140_aug2.png,True,2,421,372
train,mt_crack_exp1_num_85781,E:\Data (Drive)\IUH\DL\GK\surface-defect-detection\data\images\train\mt_crack_exp1_num_85781.png,True,1,606,242
train,mt_crack_exp1_num_85781_aug1,E:\Data (Drive)\IUH\DL\GK\surface-defect-detection\data\images\train\mt_crack_exp1_num_85781_aug1.png,True,1,606,242
train,mt_crack_exp1_num_85781_aug2,E:\Data (Drive)\IUH\DL\GK\surface-defect-detection\data\images\train\mt_crack_exp1_num_85781_aug2.png,True,1,606,242
train,mt_crack_exp2_num_116527,E:\Data (Drive)\IUH\DL\GK\surface-defect-detection\data\images\train\mt_crack_exp2_num_116527.png,True,1,291,353
train,mt_crack_exp2_num_116527_aug1,E:\Data (Drive)\IUH\DL\GK\surface-defect-detection\data\images\train\mt_crack_exp2_num_116527_aug1.png,True,1,291,353
train,mt_crack_exp2_num_116527_aug2,E:\Data (Drive)\IUH\DL\GK\surface-defect-detection\data\images\train\mt_crack_exp2_num_116527_aug2.png,True,1,291,353
train,mt_crack_exp2_num_249619,E:\Data (Drive)\IUH\DL\GK\surface-defect-detection\data\images\train\mt_crack_exp2_num_249619.png,True,1,221,264
train,mt_crack_exp2_num_249619_aug1,E:\Data (Drive)\IUH\DL\GK\surface-defect-detection\data\images\train\mt_crack_exp2_num_249619_aug1.png,True,1,221,264
train,mt_crack_exp2_num_249619_aug2,E:\Data (Drive)\IUH\DL\GK\surface-defect-detection\data\images\train\mt_crack_exp2_num_249619_aug2.png,True,1,221,264
train,mt_crack_exp2_num_265639,E:\Data (Drive)\IUH\DL\GK\surface-defect-detection\data\images\train\mt_crack_exp2_num_265639.png,True,2,260,383
train,mt_crack_exp2_num_265639_aug1,E:\Data (Drive)\IUH\DL\GK\surface-defect-detection\data\images\train\mt_crack_exp2_num_265639_aug1.png,True,2,260,383
train,mt_crack_exp2_num_265639_aug2,E:\Data (Drive)\IUH\DL\GK\surface-defect-detection\data\images\train\mt_crack_exp2_num_265639_aug2.png,True,2,260,383
train,mt_crack_exp2_num_32153,E:\Data (Drive)\IUH\DL\GK\surface-defect-detection\data\images\train\mt_crack_exp2_num_32153.png,True,1,119,279
train,mt_crack_exp2_num_32153_aug1,E:\Data (Drive)\IUH\DL\GK\surface-defect-detection\data\images\train\mt_crack_exp2_num_32153_aug1.png,True,1,119,279
train,mt_crack_exp2_num_32153_aug2,E:\Data (Drive)\IUH\DL\GK\surface-defect-detection\data\images\train\mt_crack_exp2_num_32153_aug2.png,True,1,119,279
train,mt_crack_exp2_num_342162,E:\Data (Drive)\IUH\DL\GK\surface-defect-detection\data\images\train\mt_crack_exp2_num_342162.png,True,2,435,372
train,mt_crack_exp2_num_342162_aug1,E:\Data (Drive)\IUH\DL\GK\surface-defect-detection\data\images\train\mt_crack_exp2_num_342162_aug1.png,True,2,435,372
train,mt_crack_exp2_num_342162_aug2,E:\Data (Drive)\IUH\DL\GK\surface-defect-detection\data\images\train\mt_crack_exp2_num_342162_aug2.png,True,2,435,372
train,mt_crack_exp2_num_85846,E:\Data (Drive)\IUH\DL\GK\surface-defect-detection\data\images\train\mt_crack_exp2_num_85846.png,True,1,593,244
train,mt_crack_exp2_num_85846_aug1,E:\Data (Drive)\IUH\DL\GK\surface-defect-detection\data\images\train\mt_crack_exp2_num_85846_aug1.png,True,1,593,244
train,mt_crack_exp2_num_85846_aug2,E:\Data (Drive)\IUH\DL\GK\surface-defect-detection\data\images\train\mt_crack_exp2_num_85846_aug2.png,True,1,593,244
train,mt_crack_exp3_num_116541,E:\Data (Drive)\IUH\DL\GK\surface-defect-detection\data\images\train\mt_crack_exp3_num_116541.png,True,1,299,363
train,mt_crack_exp3_num_116541_aug1,E:\Data (Drive)\IUH\DL\GK\surface-defect-detection\data\images\train\mt_crack_exp3_num_116541_aug1.png,True,1,299,363
train,mt_crack_exp3_num_116541_aug2,E:\Data (Drive)\IUH\DL\GK\surface-defect-detection\data\images\train\mt_crack_exp3_num_116541_aug2.png,True,1,299,363
train,mt_crack_exp3_num_249637,E:\Data (Drive)\IUH\DL\GK\surface-defect-detection\data\images\train\mt_crack_exp3_num_249637.png,True,1,233,288
train,mt_crack_exp3_num_249637_aug1,E:\Data (Drive)\IUH\DL\GK\surface-defect-detection\data\images\train\mt_crack_exp3_num_249637_aug1.png,True,1,233,288
train,mt_crack_exp3_num_249637_aug2,E:\Data (Drive)\IUH\DL\GK\surface-defect-detection\data\images\train\mt_crack_exp3_num_249637_aug2.png,True,1,233,288
train,mt_crack_exp3_num_32171,E:\Data (Drive)\IUH\DL\GK\surface-defect-detection\data\images\train\mt_crack_exp3_num_32171.png,True,1,120,276
train,mt_crack_exp3_num_32171_aug1,E:\Data (Drive)\IUH\DL\GK\surface-defect-detection\data\images\train\mt_crack_exp3_num_32171_aug1.png,True,1,120,276
train,mt_crack_exp3_num_32171_aug2,E:\Data (Drive)\IUH\DL\GK\surface-defect-detection\data\images\train\mt_crack_exp3_num_32171_aug2.png,True,1,120,276
train,mt_crack_exp3_num_339854,E:\Data (Drive)\IUH\DL\GK\surface-defect-detection\data\images\train\mt_crack_exp3_num_339854.png,True,1,404,377
train,mt_crack_exp3_num_339854_aug1,E:\Data (Drive)\IUH\DL\GK\surface-defect-detection\data\images\train\mt_crack_exp3_num_339854_aug1.png,True,1,404,377
train,mt_crack_exp3_num_339854_aug2,E:\Data (Drive)\IUH\DL\GK\surface-defect-detection\data\images\train\mt_crack_exp3_num_339854_aug2.png,True,1,404,377
train,mt_crack_exp3_num_342176,E:\Data (Drive)\IUH\DL\GK\surface-defect-detection\data\images\train\mt_crack_exp3_num_342176.png,True,2,428,392
train,mt_crack_exp3_num_342176_aug1,E:\Data (Drive)\IUH\DL\GK\surface-defect-detection\data\images\train\mt_crack_exp3_num_342176_aug1.png,True,2,428,392
train,mt_crack_exp3_num_342176_aug2,E:\Data (Drive)\IUH\DL\GK\surface-defect-detection\data\images\train\mt_crack_exp3_num_342176_aug2.png,True,2,428,392
train,mt_crack_exp3_num_85897,E:\Data (Drive)\IUH\DL\GK\surface-defect-detection\data\images\train\mt_crack_exp3_num_85897.png,True,1,606,245
train,mt_crack_exp3_num_85897_aug1,E:\Data (Drive)\IUH\DL\GK\surface-defect-detection\data\images\train\mt_crack_exp3_num_85897_aug1.png,True,1,606,245
train,mt_crack_exp3_num_85897_aug2,E:\Data (Drive)\IUH\DL\GK\surface-defect-detection\data\images\train\mt_crack_exp3_num_85897_aug2.png,True,1,606,245
train,mt_crack_exp4_num_116553,E:\Data (Drive)\IUH\DL\GK\surface-defect-detection\data\images\train\mt_crack_exp4_num_116553.png,True,1,298,358
train,mt_crack_exp4_num_116553_aug1,E:\Data (Drive)\IUH\DL\GK\surface-defect-detection\data\images\train\mt_crack_exp4_num_116553_aug1.png,True,1,298,358
train,mt_crack_exp4_num_116553_aug2,E:\Data (Drive)\IUH\DL\GK\surface-defect-detection\data\images\train\mt_crack_exp4_num_116553_aug2.png,True,1,298,358
train,mt_crack_exp4_num_3234,E:\Data (Drive)\IUH\DL\GK\surface-defect-detection\data\images\train\mt_crack_exp4_num_3234.png,True,1,321,381
train,mt_crack_exp4_num_3234_aug1,E:\Data (Drive)\IUH\DL\GK\surface-defect-detection\data\images\train\mt_crack_exp4_num_3234_aug1.png,True,1,321,381
train,mt_crack_exp4_num_3234_aug2,E:\Data (Drive)\IUH\DL\GK\surface-defect-detection\data\images\train\mt_crack_exp4_num_3234_aug2.png,True,1,321,381
train,mt_crack_exp4_num_339867,E:\Data (Drive)\IUH\DL\GK\surface-defect-detection\data\images\train\mt_crack_exp4_num_339867.png,True,1,359,365
train,mt_crack_exp4_num_339867_aug1,E:\Data (Drive)\IUH\DL\GK\surface-defect-detection\data\images\train\mt_crack_exp4_num_339867_aug1.png,True,1,359,365
train,mt_crack_exp4_num_339867_aug2,E:\Data (Drive)\IUH\DL\GK\surface-defect-detection\data\images\train\mt_crack_exp4_num_339867_aug2.png,True,1,359,365
train,mt_crack_exp4_num_342190,E:\Data (Drive)\IUH\DL\GK\surface-defect-detection\data\images\train\mt_crack_exp4_num_342190.png,True,2,342,374
train,mt_crack_exp4_num_342190_aug1,E:\Data (Drive)\IUH\DL\GK\surface-defect-detection\data\images\train\mt_crack_exp4_num_342190_aug1.png,True,2,342,374
train,mt_crack_exp4_num_342190_aug2,E:\Data (Drive)\IUH\DL\GK\surface-defect-detection\data\images\train\mt_crack_exp4_num_342190_aug2.png,True,2,342,374
train,mt_crack_exp4_num_85602,E:\Data (Drive)\IUH\DL\GK\surface-defect-detection\data\images\train\mt_crack_exp4_num_85602.png,True,1,596,260
train,mt_crack_exp4_num_85602_aug1,E:\Data (Drive)\IUH\DL\GK\surface-defect-detection\data\images\train\mt_crack_exp4_num_85602_aug1.png,True,1,596,260
train,mt_crack_exp4_num_85602_aug2,E:\Data (Drive)\IUH\DL\GK\surface-defect-detection\data\images\train\mt_crack_exp4_num_85602_aug2.png,True,1,596,260
train,mt_crack_exp5_num_339932,E:\Data (Drive)\IUH\DL\GK\surface-defect-detection\data\images\train\mt_crack_exp5_num_339932.png,True,1,447,369
train,mt_crack_exp5_num_339932_aug1,E:\Data (Drive)\IUH\DL\GK\surface-defect-detection\data\images\train\mt_crack_exp5_num_339932_aug1.png,True,1,447,369
train,mt_crack_exp5_num_339932_aug2,E:\Data (Drive)\IUH\DL\GK\surface-defect-detection\data\images\train\mt_crack_exp5_num_339932_aug2.png,True,1,447,369
train,mt_crack_exp5_num_342212,E:\Data (Drive)\IUH\DL\GK\surface-defect-detection\data\images\train\mt_crack_exp5_num_342212.png,True,2,392,377
train,mt_crack_exp5_num_342212_aug1,E:\Data (Drive)\IUH\DL\GK\surface-defect-detection\data\images\train\mt_crack_exp5_num_342212_aug1.png,True,2,392,377
train,mt_crack_exp5_num_342212_aug2,E:\Data (Drive)\IUH\DL\GK\surface-defect-detection\data\images\train\mt_crack_exp5_num_342212_aug2.png,True,2,392,377
train,mt_crack_exp5_num_88170,E:\Data (Drive)\IUH\DL\GK\surface-defect-detection\data\images\train\mt_crack_exp5_num_88170.png,True,1,599,244
train,mt_crack_exp5_num_88170_aug1,E:\Data (Drive)\IUH\DL\GK\surface-defect-detection\data\images\train\mt_crack_exp5_num_88170_aug1.png,True,1,599,244
train,mt_crack_exp5_num_88170_aug2,E:\Data (Drive)\IUH\DL\GK\surface-defect-detection\data\images\train\mt_crack_exp5_num_88170_aug2.png,True,1,599,244
train,mt_crack_exp6_num_116623,E:\Data (Drive)\IUH\DL\GK\surface-defect-detection\data\images\train\mt_crack_exp6_num_116623.png,True,1,286,345
train,mt_crack_exp6_num_116623_aug1,E:\Data (Drive)\IUH\DL\GK\surface-defect-detection\data\images\train\mt_crack_exp6_num_116623_aug1.png,True,1,286,345
train,mt_crack_exp6_num_116623_aug2,E:\Data (Drive)\IUH\DL\GK\surface-defect-detection\data\images\train\mt_crack_exp6_num_116623_aug2.png,True,1,286,345
train,mt_crack_exp6_num_249821,E:\Data (Drive)\IUH\DL\GK\surface-defect-detection\data\images\train\mt_crack_exp6_num_249821.png,True,1,201,274
train,mt_crack_exp6_num_249821_aug1,E:\Data (Drive)\IUH\DL\GK\surface-defect-detection\data\images\train\mt_crack_exp6_num_249821_aug1.png,True,1,201,274
train,mt_crack_exp6_num_249821_aug2,E:\Data (Drive)\IUH\DL\GK\surface-defect-detection\data\images\train\mt_crack_exp6_num_249821_aug2.png,True,1,201,274
train,mt_crack_exp6_num_265737,E:\Data (Drive)\IUH\DL\GK\surface-defect-detection\data\images\train\mt_crack_exp6_num_265737.png,True,2,236,386
train,mt_crack_exp6_num_265737_aug1,E:\Data (Drive)\IUH\DL\GK\surface-defect-detection\data\images\train\mt_crack_exp6_num_265737_aug1.png,True,2,236,386
train,mt_crack_exp6_num_265737_aug2,E:\Data (Drive)\IUH\DL\GK\surface-defect-detection\data\images\train\mt_crack_exp6_num_265737_aug2.png,True,2,236,386
train,mt_crack_exp6_num_32235,E:\Data (Drive)\IUH\DL\GK\surface-defect-detection\data\images\train\mt_crack_exp6_num_32235.png,True,1,128,288
train,mt_crack_exp6_num_32235_aug1,E:\Data (Drive)\IUH\DL\GK\surface-defect-detection\data\images\train\mt_crack_exp6_num_32235_aug1.png,True,1,128,288
train,mt_crack_exp6_num_32235_aug2,E:\Data (Drive)\IUH\DL\GK\surface-defect-detection\data\images\train\mt_crack_exp6_num_32235_aug2.png,True,1,128,288
train,mt_crack_exp6_num_3279,E:\Data (Drive)\IUH\DL\GK\surface-defect-detection\data\images\train\mt_crack_exp6_num_3279.png,True,1,428,380
train,mt_crack_exp6_num_3279_aug1,E:\Data (Drive)\IUH\DL\GK\surface-defect-detection\data\images\train\mt_crack_exp6_num_3279_aug1.png,True,1,428,380
train,mt_crack_exp6_num_3279_aug2,E:\Data (Drive)\IUH\DL\GK\surface-defect-detection\data\images\train\mt_crack_exp6_num_3279_aug2.png,True,1,428,380
train,mt_crack_exp6_num_339965,E:\Data (Drive)\IUH\DL\GK\surface-defect-detection\data\images\train\mt_crack_exp6_num_339965.png,True,1,358,399
train,mt_crack_exp6_num_339965_aug1,E:\Data (Drive)\IUH\DL\GK\surface-defect-detection\data\images\train\mt_crack_exp6_num_339965_aug1.png,True,1,358,399
train,mt_crack_exp6_num_339965_aug2,E:\Data (Drive)\IUH\DL\GK\surface-defect-detection\data\images\train\mt_crack_exp6_num_339965_aug2.png,True,1,358,399
train,mt_crack_exp6_num_342249,E:\Data (Drive)\IUH\DL\GK\surface-defect-detection\data\images\train\mt_crack_exp6_num_342249.png,True,2,355,403
train,mt_crack_exp6_num_342249_aug1,E:\Data (Drive)\IUH\DL\GK\surface-defect-detection\data\images\train\mt_crack_exp6_num_342249_aug1.png,True,2,355,403
train,mt_crack_exp6_num_342249_aug2,E:\Data (Drive)\IUH\DL\GK\surface-defect-detection\data\images\train\mt_crack_exp6_num_342249_aug2.png,True,2,355,403
train,mt_crack_exp6_num_85665,E:\Data (Drive)\IUH\DL\GK\surface-defect-detection\data\images\train\mt_crack_exp6_num_85665.png,True,1,594,242
train,mt_crack_exp6_num_85665_aug1,E:\Data (Drive)\IUH\DL\GK\surface-defect-detection\data\images\train\mt_crack_exp6_num_85665_aug1.png,True,1,594,242
train,mt_crack_exp6_num_85665_aug2,E:\Data (Drive)\IUH\DL\GK\surface-defect-detection\data\images\train\mt_crack_exp6_num_85665_aug2.png,True,1,594,242
train,mt_fray_exp0_num_797,E:\Data (Drive)\IUH\DL\GK\surface-defect-detection\data\images\train\mt_fray_exp0_num_797.png,True,1,488,354
train,mt_fray_exp0_num_797_aug1,E:\Data (Drive)\IUH\DL\GK\surface-defect-detection\data\images\train\mt_fray_exp0_num_797_aug1.png,True,1,488,354
train,mt_fray_exp0_num_797_aug2,E:\Data (Drive)\IUH\DL\GK\surface-defect-detection\data\images\train\mt_fray_exp0_num_797_aug2.png,True,1,488,354
train,mt_fray_exp1_num_258511,E:\Data (Drive)\IUH\DL\GK\surface-defect-detection\data\images\train\mt_fray_exp1_num_258511.png,True,1,232,325
train,mt_fray_exp1_num_258511_aug1,E:\Data (Drive)\IUH\DL\GK\surface-defect-detection\data\images\train\mt_fray_exp1_num_258511_aug1.png,True,1,232,325
train,mt_fray_exp1_num_258511_aug2,E:\Data (Drive)\IUH\DL\GK\surface-defect-detection\data\images\train\mt_fray_exp1_num_258511_aug2.png,True,1,232,325
train,mt_fray_exp1_num_331149,E:\Data (Drive)\IUH\DL\GK\surface-defect-detection\data\images\train\mt_fray_exp1_num_331149.png,True,1,369,372
train,mt_fray_exp1_num_331149_aug1,E:\Data (Drive)\IUH\DL\GK\surface-defect-detection\data\images\train\mt_fray_exp1_num_331149_aug1.png,True,1,369,372
train,mt_fray_exp1_num_331149_aug2,E:\Data (Drive)\IUH\DL\GK\surface-defect-detection\data\images\train\mt_fray_exp1_num_331149_aug2.png,True,1,369,372
train,mt_fray_exp2_num_135572,E:\Data (Drive)\IUH\DL\GK\surface-defect-detection\data\images\train\mt_fray_exp2_num_135572.png,True,1,598,247
train,mt_fray_exp2_num_135572_aug1,E:\Data (Drive)\IUH\DL\GK\surface-defect-detection\data\images\train\mt_fray_exp2_num_135572_aug1.png,True,1,598,247
train,mt_fray_exp2_num_135572_aug2,E:\Data (Drive)\IUH\DL\GK\surface-defect-detection\data\images\train\mt_fray_exp2_num_135572_aug2.png,True,1,598,247
train,mt_fray_exp2_num_136286,E:\Data (Drive)\IUH\DL\GK\surface-defect-detection\data\images\train\mt_fray_exp2_num_136286.png,True,1,584,231
train,mt_fray_exp2_num_136286_aug1,E:\Data (Drive)\IUH\DL\GK\surface-defect-detection\data\images\train\mt_fray_exp2_num_136286_aug1.png,True,1,584,231
train,mt_fray_exp2_num_136286_aug2,E:\Data (Drive)\IUH\DL\GK\surface-defect-detection\data\images\train\mt_fray_exp2_num_136286_aug2.png,True,1,584,231
train,mt_fray_exp2_num_20390,E:\Data (Drive)\IUH\DL\GK\surface-defect-detection\data\images\train\mt_fray_exp2_num_20390.png,True,1,531,308
train,mt_fray_exp2_num_20390_aug1,E:\Data (Drive)\IUH\DL\GK\surface-defect-detection\data\images\train\mt_fray_exp2_num_20390_aug1.png,True,1,531,308
train,mt_fray_exp2_num_20390_aug2,E:\Data (Drive)\IUH\DL\GK\surface-defect-detection\data\images\train\mt_fray_exp2_num_20390_aug2.png,True,1,531,308
train,mt_fray_exp2_num_258536,E:\Data (Drive)\IUH\DL\GK\surface-defect-detection\data\images\train\mt_fray_exp2_num_258536.png,True,1,236,347
train,mt_fray_exp2_num_258536_aug1,E:\Data (Drive)\IUH\DL\GK\surface-defect-detection\data\images\train\mt_fray_exp2_num_258536_aug1.png,True,1,236,347
train,mt_fray_exp2_num_258536_aug2,E:\Data (Drive)\IUH\DL\GK\surface-defect-detection\data\images\train\mt_fray_exp2_num_258536_aug2.png,True,1,236,347
train,mt_fray_exp2_num_77559,E:\Data (Drive)\IUH\DL\GK\surface-defect-detection\data\images\train\mt_fray_exp2_num_77559.png,True,2,605,229
train,mt_fray_exp2_num_77559_aug1,E:\Data (Drive)\IUH\DL\GK\surface-defect-detection\data\images\train\mt_fray_exp2_num_77559_aug1.png,True,2,605,229
train,mt_fray_exp2_num_77559_aug2,E:\Data (Drive)\IUH\DL\GK\surface-defect-detection\data\images\train\mt_fray_exp2_num_77559_aug2.png,True,2,605,229
train,mt_fray_exp3_num_135593,E:\Data (Drive)\IUH\DL\GK\surface-defect-detection\data\images\train\mt_fray_exp3_num_135593.png,True,1,600,251
train,mt_fray_exp3_num_135593_aug1,E:\Data (Drive)\IUH\DL\GK\surface-defect-detection\data\images\train\mt_fray_exp3_num_135593_aug1.png,True,1,600,251
train,mt_fray_exp3_num_135593_aug2,E:\Data (Drive)\IUH\DL\GK\surface-defect-detection\data\images\train\mt_fray_exp3_num_135593_aug2.png,True,1,600,251
train,mt_fray_exp3_num_136351,E:\Data (Drive)\IUH\DL\GK\surface-defect-detection\data\images\train\mt_fray_exp3_num_136351.png,True,1,601,241
train,mt_fray_exp3_num_136351_aug1,E:\Data (Drive)\IUH\DL\GK\surface-defect-detection\data\images\train\mt_fray_exp3_num_136351_aug1.png,True,1,601,241
train,mt_fray_exp3_num_136351_aug2,E:\Data (Drive)\IUH\DL\GK\surface-defect-detection\data\images\train\mt_fray_exp3_num_136351_aug2.png,True,1,601,241
train,mt_fray_exp3_num_258558,E:\Data (Drive)\IUH\DL\GK\surface-defect-detection\data\images\train\mt_fray_exp3_num_258558.png,True,2,252,360
train,mt_fray_exp3_num_258558_aug1,E:\Data (Drive)\IUH\DL\GK\surface-defect-detection\data\images\train\mt_fray_exp3_num_258558_aug1.png,True,2,252,360
train,mt_fray_exp3_num_258558_aug2,E:\Data (Drive)\IUH\DL\GK\surface-defect-detection\data\images\train\mt_fray_exp3_num_258558_aug2.png,True,2,252,360
train,mt_fray_exp4_num_136676,E:\Data (Drive)\IUH\DL\GK\surface-defect-detection\data\images\train\mt_fray_exp4_num_136676.png,True,1,616,230
train,mt_fray_exp4_num_136676_aug1,E:\Data (Drive)\IUH\DL\GK\surface-defect-detection\data\images\train\mt_fray_exp4_num_136676_aug1.png,True,1,616,230
train,mt_fray_exp4_num_136676_aug2,E:\Data (Drive)\IUH\DL\GK\surface-defect-detection\data\images\train\mt_fray_exp4_num_136676_aug2.png,True,1,616,230
train,mt_fray_exp4_num_20426,E:\Data (Drive)\IUH\DL\GK\surface-defect-detection\data\images\train\mt_fray_exp4_num_20426.png,True,1,523,340
train,mt_fray_exp4_num_20426_aug1,E:\Data (Drive)\IUH\DL\GK\surface-defect-detection\data\images\train\mt_fray_exp4_num_20426_aug1.png,True,1,523,340
train,mt_fray_exp4_num_20426_aug2,E:\Data (Drive)\IUH\DL\GK\surface-defect-detection\data\images\train\mt_fray_exp4_num_20426_aug2.png,True,1,523,340
train,mt_fray_exp4_num_258590,E:\Data (Drive)\IUH\DL\GK\surface-defect-detection\data\images\train\mt_fray_exp4_num_258590.png,True,1,257,359
train,mt_fray_exp4_num_258590_aug1,E:\Data (Drive)\IUH\DL\GK\surface-defect-detection\data\images\train\mt_fray_exp4_num_258590_aug1.png,True,1,257,359
train,mt_fray_exp4_num_258590_aug2,E:\Data (Drive)\IUH\DL\GK\surface-defect-detection\data\images\train\mt_fray_exp4_num_258590_aug2.png,True,1,257,359
train,mt_fray_exp4_num_77613,E:\Data (Drive)\IUH\DL\GK\surface-defect-detection\data\images\train\mt_fray_exp4_num_77613.png,True,2,609,230
train,mt_fray_exp4_num_77613_aug1,E:\Data (Drive)\IUH\DL\GK\surface-defect-detection\data\images\train\mt_fray_exp4_num_77613_aug1.png,True,2,609,230
train,mt_fray_exp4_num_77613_aug2,E:\Data (Drive)\IUH\DL\GK\surface-defect-detection\data\images\train\mt_fray_exp4_num_77613_aug2.png,True,2,609,230
train,mt_fray_exp5_num_135651,E:\Data (Drive)\IUH\DL\GK\surface-defect-detection\data\images\train\mt_fray_exp5_num_135651.png,True,1,599,247
train,mt_fray_exp5_num_135651_aug1,E:\Data (Drive)\IUH\DL\GK\surface-defect-detection\data\images\train\mt_fray_exp5_num_135651_aug1.png,True,1,599,247
train,mt_fray_exp5_num_135651_aug2,E:\Data (Drive)\IUH\DL\GK\surface-defect-detection\data\images\train\mt_fray_exp5_num_135651_aug2.png,True,1,599,247
train,mt_fray_exp5_num_136716,E:\Data (Drive)\IUH\DL\GK\surface-defect-detection\data\images\train\mt_fray_exp5_num_136716.png,True,1,608,227
train,mt_fray_exp5_num_136716_aug1,E:\Data (Drive)\IUH\DL\GK\surface-defect-detection\data\images\train\mt_fray_exp5_num_136716_aug1.png,True,1,608,227
train,mt_fray_exp5_num_136716_aug2,E:\Data (Drive)\IUH\DL\GK\surface-defect-detection\data\images\train\mt_fray_exp5_num_136716_aug2.png,True,1,608,227
train,mt_fray_exp5_num_20449,E:\Data (Drive)\IUH\DL\GK\surface-defect-detection\data\images\train\mt_fray_exp5_num_20449.png,True,1,459,334
train,mt_fray_exp5_num_20449_aug1,E:\Data (Drive)\IUH\DL\GK\surface-defect-detection\data\images\train\mt_fray_exp5_num_20449_aug1.png,True,1,459,334
train,mt_fray_exp5_num_20449_aug2,E:\Data (Drive)\IUH\DL\GK\surface-defect-detection\data\images\train\mt_fray_exp5_num_20449_aug2.png,True,1,459,334
train,mt_fray_exp5_num_258619,E:\Data (Drive)\IUH\DL\GK\surface-defect-detection\data\images\train\mt_fray_exp5_num_258619.png,True,1,239,343
train,mt_fray_exp5_num_258619_aug1,E:\Data (Drive)\IUH\DL\GK\surface-defect-detection\data\images\train\mt_fray_exp5_num_258619_aug1.png,True,1,239,343
train,mt_fray_exp5_num_258619_aug2,E:\Data (Drive)\IUH\DL\GK\surface-defect-detection\data\images\train\mt_fray_exp5_num_258619_aug2.png,True,1,239,343
train,mt_fray_exp6_num_20496,E:\Data (Drive)\IUH\DL\GK\surface-defect-detection\data\images\train\mt_fray_exp6_num_20496.png,True,1,423,355
train,mt_fray_exp6_num_20496_aug1,E:\Data (Drive)\IUH\DL\GK\surface-defect-detection\data\images\train\mt_fray_exp6_num_20496_aug1.png,True,1,423,355
train,mt_fray_exp6_num_20496_aug2,E:\Data (Drive)\IUH\DL\GK\surface-defect-detection\data\images\train\mt_fray_exp6_num_20496_aug2.png,True,1,423,355
train,mt_fray_exp6_num_77744,E:\Data (Drive)\IUH\DL\GK\surface-defect-detection\data\images\train\mt_fray_exp6_num_77744.png,True,2,606,240
train,mt_fray_exp6_num_77744_aug1,E:\Data (Drive)\IUH\DL\GK\surface-defect-detection\data\images\train\mt_fray_exp6_num_77744_aug1.png,True,2,606,240
train,mt_fray_exp6_num_77744_aug2,E:\Data (Drive)\IUH\DL\GK\surface-defect-detection\data\images\train\mt_fray_exp6_num_77744_aug2.png,True,2,606,240
train,mt_free_exp0_num_743,E:\Data (Drive)\IUH\DL\GK\surface-defect-detection\data\images\train\mt_free_exp0_num_743.png,False,0,240,289
train,mt_free_exp1_num_10334,E:\Data (Drive)\IUH\DL\GK\surface-defect-detection\data\images\train\mt_free_exp1_num_10334.png,False,0,511,321
train,mt_free_exp1_num_106151,E:\Data (Drive)\IUH\DL\GK\surface-defect-detection\data\images\train\mt_free_exp1_num_106151.png,False,0,248,359
train,mt_free_exp1_num_106729,E:\Data (Drive)\IUH\DL\GK\surface-defect-detection\data\images\train\mt_free_exp1_num_106729.png,False,0,254,347
train,mt_free_exp1_num_10903,E:\Data (Drive)\IUH\DL\GK\surface-defect-detection\data\images\train\mt_free_exp1_num_10903.png,False,0,506,347
train,mt_free_exp1_num_11276,E:\Data (Drive)\IUH\DL\GK\surface-defect-detection\data\images\train\mt_free_exp1_num_11276.png,False,0,473,360
train,mt_free_exp1_num_116949,E:\Data (Drive)\IUH\DL\GK\surface-defect-detection\data\images\train\mt_free_exp1_num_116949.png,False,0,295,296
train,mt_free_exp1_num_118871,E:\Data (Drive)\IUH\DL\GK\surface-defect-detection\data\images\train\mt_free_exp1_num_118871.png,False,0,585,253
train,mt_free_exp1_num_126795,E:\Data (Drive)\IUH\DL\GK\surface-defect-detection\data\images\train\mt_free_exp1_num_126795.png,False,0,304,342
train,mt_free_exp1_num_127649,E:\Data (Drive)\IUH\DL\GK\surface-defect-detection\data\images\train\mt_free_exp1_num_127649.png,False,0,294,337
train,mt_free_exp1_num_128075,E:\Data (Drive)\IUH\DL\GK\surface-defect-detection\data\images\train\mt_free_exp1_num_128075.png,False,0,309,332
train,mt_free_exp1_num_129580,E:\Data (Drive)\IUH\DL\GK\surface-defect-detection\data\images\train\mt_free_exp1_num_129580.png,False,0,246,357
train,mt_free_exp1_num_13526,E:\Data (Drive)\IUH\DL\GK\surface-defect-detection\data\images\train\mt_free_exp1_num_13526.png,False,0,505,323
train,mt_free_exp1_num_138599,E:\Data (Drive)\IUH\DL\GK\surface-defect-detection\data\images\train\mt_free_exp1_num_138599.png,False,0,601,248
train,mt_free_exp1_num_144162,E:\Data (Drive)\IUH\DL\GK\surface-defect-detection\data\images\train\mt_free_exp1_num_144162.png,False,0,592,246
train,mt_free_exp1_num_147928,E:\Data (Drive)\IUH\DL\GK\surface-defect-detection\data\images\train\mt_free_exp1_num_147928.png,False,0,601,244
train,mt_free_exp1_num_154549,E:\Data (Drive)\IUH\DL\GK\surface-defect-detection\data\images\train\mt_free_exp1_num_154549.png,False,0,192,309
train,mt_free_exp1_num_157675,E:\Data (Drive)\IUH\DL\GK\surface-defect-detection\data\images\train\mt_free_exp1_num_157675.png,False,0,182,319
train,mt_free_exp1_num_165362,E:\Data (Drive)\IUH\DL\GK\surface-defect-detection\data\images\train\mt_free_exp1_num_165362.png,False,0,192,318
train,mt_free_exp1_num_166172,E:\Data (Drive)\IUH\DL\GK\surface-defect-detection\data\images\train\mt_free_exp1_num_166172.png,False,0,187,324
train,mt_free_exp1_num_174647,E:\Data (Drive)\IUH\DL\GK\surface-defect-detection\data\images\train\mt_free_exp1_num_174647.png,False,0,192,314
train,mt_free_exp1_num_180298,E:\Data (Drive)\IUH\DL\GK\surface-defect-detection\data\images\train\mt_free_exp1_num_180298.png,False,0,188,326
train,mt_free_exp1_num_180836,E:\Data (Drive)\IUH\DL\GK\surface-defect-detection\data\images\train\mt_free_exp1_num_180836.png,False,0,198,319
train,mt_free_exp1_num_1810,E:\Data (Drive)\IUH\DL\GK\surface-defect-detection\data\images\train\mt_free_exp1_num_1810.png,False,0,237,272
train,mt_free_exp1_num_183137,E:\Data (Drive)\IUH\DL\GK\surface-defect-detection\data\images\train\mt_free_exp1_num_183137.png,False,0,193,317
train,mt_free_exp1_num_183798,E:\Data (Drive)\IUH\DL\GK\surface-defect-detection\data\images\train\mt_free_exp1_num_183798.png,False,0,191,317
train,mt_free_exp1_num_187505,E:\Data (Drive)\IUH\DL\GK\surface-defect-detection\data\images\train\mt_free_exp1_num_187505.png,False,0,196,320
train,mt_free_exp1_num_192126,E:\Data (Drive)\IUH\DL\GK\surface-defect-detection\data\images\train\mt_free_exp1_num_192126.png,False,0,195,312
train,mt_free_exp1_num_193104,E:\Data (Drive)\IUH\DL\GK\surface-defect-detection\data\images\train\mt_free_exp1_num_193104.png,False,0,180,317
train,mt_free_exp1_num_19695,E:\Data (Drive)\IUH\DL\GK\surface-defect-detection\data\images\train\mt_free_exp1_num_19695.png,False,0,509,321
train,mt_free_exp1_num_241352,E:\Data (Drive)\IUH\DL\GK\surface-defect-detection\data\images\train\mt_free_exp1_num_241352.png,False,0,208,266
train,mt_free_exp1_num_245763,E:\Data (Drive)\IUH\DL\GK\surface-defect-detection\data\images\train\mt_free_exp1_num_245763.png,False,0,211,248
train,mt_free_exp1_num_251427,E:\Data (Drive)\IUH\DL\GK\surface-defect-detection\data\images\train\mt_free_exp1_num_251427.png,False,0,217,246
train,mt_free_exp1_num_255641,E:\Data (Drive)\IUH\DL\GK\surface-defect-detection\data\images\train\mt_free_exp1_num_255641.png,False,0,261,361
train,mt_free_exp1_num_257630,E:\Data (Drive)\IUH\DL\GK\surface-defect-detection\data\images\train\mt_free_exp1_num_257630.png,False,0,238,337
train,mt_free_exp1_num_260482,E:\Data (Drive)\IUH\DL\GK\surface-defect-detection\data\images\train\mt_free_exp1_num_260482.png,False,0,218,262
train,mt_free_exp1_num_260927,E:\Data (Drive)\IUH\DL\GK\surface-defect-detection\data\images\train\mt_free_exp1_num_260927.png,False,0,217,266
train,mt_free_exp1_num_2610,E:\Data (Drive)\IUH\DL\GK\surface-defect-detection\data\images\train\mt_free_exp1_num_2610.png,False,0,121,283
train,mt_free_exp1_num_262216,E:\Data (Drive)\IUH\DL\GK\surface-defect-detection\data\images\train\mt_free_exp1_num_262216.png,False,0,267,377
train,mt_free_exp1_num_263839,E:\Data (Drive)\IUH\DL\GK\surface-defect-detection\data\images\train\mt_free_exp1_num_263839.png,False,0,269,371
train,mt_free_exp1_num_269086,E:\Data (Drive)\IUH\DL\GK\surface-defect-detection\data\images\train\mt_free_exp1_num_269086.png,False,0,216,277
train,mt_free_exp1_num_269626,E:\Data (Drive)\IUH\DL\GK\surface-defect-detection\data\images\train\mt_free_exp1_num_269626.png,False,0,219,265
train,mt_free_exp1_num_270753,E:\Data (Drive)\IUH\DL\GK\surface-defect-detection\data\images\train\mt_free_exp1_num_270753.png,False,0,221,281
train,mt_free_exp1_num_275371,E:\Data (Drive)\IUH\DL\GK\surface-defect-detection\data\images\train\mt_free_exp1_num_275371.png,False,0,259,373
train,mt_free_exp1_num_275662,E:\Data (Drive)\IUH\DL\GK\surface-defect-detection\data\images\train\mt_free_exp1_num_275662.png,False,0,268,362
train,mt_free_exp1_num_278570,E:\Data (Drive)\IUH\DL\GK\surface-defect-detection\data\images\train\mt_free_exp1_num_278570.png,False,0,266,363
train,mt_free_exp1_num_279090,E:\Data (Drive)\IUH\DL\GK\surface-defect-detection\data\images\train\mt_free_exp1_num_279090.png,False,0,269,375
train,mt_free_exp1_num_280205,E:\Data (Drive)\IUH\DL\GK\surface-defect-detection\data\images\train\mt_free_exp1_num_280205.png,False,0,254,351
train,mt_free_exp1_num_280939,E:\Data (Drive)\IUH\DL\GK\surface-defect-detection\data\images\train\mt_free_exp1_num_280939.png,False,0,236,359
train,mt_free_exp1_num_282886,E:\Data (Drive)\IUH\DL\GK\surface-defect-detection\data\images\train\mt_free_exp1_num_282886.png,False,0,254,354
train,mt_free_exp1_num_284841,E:\Data (Drive)\IUH\DL\GK\surface-defect-detection\data\images\train\mt_free_exp1_num_284841.png,False,0,247,353
train,mt_free_exp1_num_286232,E:\Data (Drive)\IUH\DL\GK\surface-defect-detection\data\images\train\mt_free_exp1_num_286232.png,False,0,283,343
train,mt_free_exp1_num_289590,E:\Data (Drive)\IUH\DL\GK\surface-defect-detection\data\images\train\mt_free_exp1_num_289590.png,False,0,304,337
train,mt_free_exp1_num_290047,E:\Data (Drive)\IUH\DL\GK\surface-defect-detection\data\images\train\mt_free_exp1_num_290047.png,False,0,309,343
train,mt_free_exp1_num_292087,E:\Data (Drive)\IUH\DL\GK\surface-defect-detection\data\images\train\mt_free_exp1_num_292087.png,False,0,289,328
train,mt_free_exp1_num_293254,E:\Data (Drive)\IUH\DL\GK\surface-defect-detection\data\images\train\mt_free_exp1_num_293254.png,False,0,292,323
train,mt_free_exp1_num_293709,E:\Data (Drive)\IUH\DL\GK\surface-defect-detection\data\images\train\mt_free_exp1_num_293709.png,False,0,296,332
train,mt_free_exp1_num_29469,E:\Data (Drive)\IUH\DL\GK\surface-defect-detection\data\images\train\mt_free_exp1_num_29469.png,False,0,525,320
train,mt_free_exp1_num_296631,E:\Data (Drive)\IUH\DL\GK\surface-defect-detection\data\images\train\mt_free_exp1_num_296631.png,False,0,308,350
train,mt_free_exp1_num_299713,E:\Data (Drive)\IUH\DL\GK\surface-defect-detection\data\images\train\mt_free_exp1_num_299713.png,False,0,218,266
train,mt_free_exp1_num_304672,E:\Data (Drive)\IUH\DL\GK\surface-defect-detection\data\images\train\mt_free_exp1_num_304672.png,False,0,309,306
train,mt_free_exp1_num_304836,E:\Data (Drive)\IUH\DL\GK\surface-defect-detection\data\images\train\mt_free_exp1_num_304836.png,False,0,206,267
train,mt_free_exp1_num_311322,E:\Data (Drive)\IUH\DL\GK\surface-defect-detection\data\images\train\mt_free_exp1_num_311322.png,False,0,220,268
train,mt_free_exp1_num_313835,E:\Data (Drive)\IUH\DL\GK\surface-defect-detection\data\images\train\mt_free_exp1_num_313835.png,False,0,247,368
train,mt_free_exp1_num_314979,E:\Data (Drive)\IUH\DL\GK\surface-defect-detection\data\images\train\mt_free_exp1_num_314979.png,False,0,201,269
train,mt_free_exp1_num_316333,E:\Data (Drive)\IUH\DL\GK\surface-defect-detection\data\images\train\mt_free_exp1_num_316333.png,False,0,364,357
train,mt_free_exp1_num_317560,E:\Data (Drive)\IUH\DL\GK\surface-defect-detection\data\images\train\mt_free_exp1_num_317560.png,False,0,372,353
train,mt_free_exp1_num_319321,E:\Data (Drive)\IUH\DL\GK\surface-defect-detection\data\images\train\mt_free_exp1_num_319321.png,False,0,363,358
train,mt_free_exp1_num_319680,E:\Data (Drive)\IUH\DL\GK\surface-defect-detection\data\images\train\mt_free_exp1_num_319680.png,False,0,349,362
train,mt_free_exp1_num_320808,E:\Data (Drive)\IUH\DL\GK\surface-defect-detection\data\images\train\mt_free_exp1_num_320808.png,False,0,359,358
train,mt_free_exp1_num_320895,E:\Data (Drive)\IUH\DL\GK\surface-defect-detection\data\images\train\mt_free_exp1_num_320895.png,False,0,359,358
train,mt_free_exp1_num_326586,E:\Data (Drive)\IUH\DL\GK\surface-defect-detection\data\images\train\mt_free_exp1_num_326586.png,False,0,374,348
train,mt_free_exp1_num_326904,E:\Data (Drive)\IUH\DL\GK\surface-defect-detection\data\images\train\mt_free_exp1_num_326904.png,False,0,355,362
train,mt_free_exp1_num_329206,E:\Data (Drive)\IUH\DL\GK\surface-defect-detection\data\images\train\mt_free_exp1_num_329206.png,False,0,374,358
train,mt_free_exp1_num_331931,E:\Data (Drive)\IUH\DL\GK\surface-defect-detection\data\images\train\mt_free_exp1_num_331931.png,False,0,352,355
train,mt_free_exp1_num_332686,E:\Data (Drive)\IUH\DL\GK\surface-defect-detection\data\images\train\mt_free_exp1_num_332686.png,False,0,309,351
train,mt_free_exp1_num_337646,E:\Data (Drive)\IUH\DL\GK\surface-defect-detection\data\images\train\mt_free_exp1_num_337646.png,False,0,484,384
train,mt_free_exp1_num_338856,E:\Data (Drive)\IUH\DL\GK\surface-defect-detection\data\images\train\mt_free_exp1_num_338856.png,False,0,492,373
train,mt_free_exp1_num_34078,E:\Data (Drive)\IUH\DL\GK\surface-defect-detection\data\images\train\mt_free_exp1_num_34078.png,False,0,523,318
train,mt_free_exp1_num_342849,E:\Data (Drive)\IUH\DL\GK\surface-defect-detection\data\images\train\mt_free_exp1_num_342849.png,False,0,517,370
train,mt_free_exp1_num_344557,E:\Data (Drive)\IUH\DL\GK\surface-defect-detection\data\images\train\mt_free_exp1_num_344557.png,False,0,501,359
train,mt_free_exp1_num_354377,E:\Data (Drive)\IUH\DL\GK\surface-defect-detection\data\images\train\mt_free_exp1_num_354377.png,False,0,494,364
train,mt_free_exp1_num_355636,E:\Data (Drive)\IUH\DL\GK\surface-defect-detection\data\images\train\mt_free_exp1_num_355636.png,False,0,483,372
train,mt_free_exp1_num_358102,E:\Data (Drive)\IUH\DL\GK\surface-defect-detection\data\images\train\mt_free_exp1_num_358102.png,False,0,476,369
train,mt_free_exp1_num_358933,E:\Data (Drive)\IUH\DL\GK\surface-defect-detection\data\images\train\mt_free_exp1_num_358933.png,False,0,496,365
train,mt_free_exp1_num_359448,E:\Data (Drive)\IUH\DL\GK\surface-defect-detection\data\images\train\mt_free_exp1_num_359448.png,False,0,499,377
train,mt_free_exp1_num_37262,E:\Data (Drive)\IUH\DL\GK\surface-defect-detection\data\images\train\mt_free_exp1_num_37262.png,False,0,126,277
train,mt_free_exp1_num_37978,E:\Data (Drive)\IUH\DL\GK\surface-defect-detection\data\images\train\mt_free_exp1_num_37978.png,False,0,529,317
train,mt_free_exp1_num_39412,E:\Data (Drive)\IUH\DL\GK\surface-defect-detection\data\images\train\mt_free_exp1_num_39412.png,False,0,126,281
train,mt_free_exp1_num_50387,E:\Data (Drive)\IUH\DL\GK\surface-defect-detection\data\images\train\mt_free_exp1_num_50387.png,False,0,523,311
train,mt_free_exp1_num_51080,E:\Data (Drive)\IUH\DL\GK\surface-defect-detection\data\images\train\mt_free_exp1_num_51080.png,False,0,524,323
train,mt_free_exp1_num_54107,E:\Data (Drive)\IUH\DL\GK\surface-defect-detection\data\images\train\mt_free_exp1_num_54107.png,False,0,535,337
train,mt_free_exp1_num_54901,E:\Data (Drive)\IUH\DL\GK\surface-defect-detection\data\images\train\mt_free_exp1_num_54901.png,False,0,129,283
train,mt_free_exp1_num_61310,E:\Data (Drive)\IUH\DL\GK\surface-defect-detection\data\images\train\mt_free_exp1_num_61310.png,False,0,117,286
train,mt_free_exp1_num_6508,E:\Data (Drive)\IUH\DL\GK\surface-defect-detection\data\images\train\mt_free_exp1_num_6508.png,False,0,508,384
train,mt_free_exp1_num_6539,E:\Data (Drive)\IUH\DL\GK\surface-defect-detection\data\images\train\mt_free_exp1_num_6539.png,False,0,120,286
train,mt_free_exp1_num_68359,E:\Data (Drive)\IUH\DL\GK\surface-defect-detection\data\images\train\mt_free_exp1_num_68359.png,False,0,126,287
train,mt_free_exp1_num_69803,E:\Data (Drive)\IUH\DL\GK\surface-defect-detection\data\images\train\mt_free_exp1_num_69803.png,False,0,119,278
train,mt_free_exp1_num_70491,E:\Data (Drive)\IUH\DL\GK\surface-defect-detection\data\images\train\mt_free_exp1_num_70491.png,False,0,121,276
train,mt_free_exp1_num_7871,E:\Data (Drive)\IUH\DL\GK\surface-defect-detection\data\images\train\mt_free_exp1_num_7871.png,False,0,122,292
train,mt_free_exp1_num_855,E:\Data (Drive)\IUH\DL\GK\surface-defect-detection\data\images\train\mt_free_exp1_num_855.png,False,0,251,295
train,mt_free_exp1_num_90966,E:\Data (Drive)\IUH\DL\GK\surface-defect-detection\data\images\train\mt_free_exp1_num_90966.png,False,0,604,243
train,mt_free_exp1_num_94899,E:\Data (Drive)\IUH\DL\GK\surface-defect-detection\data\images\train\mt_free_exp1_num_94899.png,False,0,616,245
train,mt_free_exp2_num_10202,E:\Data (Drive)\IUH\DL\GK\surface-defect-detection\data\images\train\mt_free_exp2_num_10202.png,False,0,512,374
train,mt_free_exp2_num_106169,E:\Data (Drive)\IUH\DL\GK\surface-defect-detection\data\images\train\mt_free_exp2_num_106169.png,False,0,254,354
train,mt_free_exp2_num_10931,E:\Data (Drive)\IUH\DL\GK\surface-defect-detection\data\images\train\mt_free_exp2_num_10931.png,False,0,503,343
train,mt_free_exp2_num_11292,E:\Data (Drive)\IUH\DL\GK\surface-defect-detection\data\images\train\mt_free_exp2_num_11292.png,False,0,478,361
train,mt_free_exp2_num_114403,E:\Data (Drive)\IUH\DL\GK\surface-defect-detection\data\images\train\mt_free_exp2_num_114403.png,False,0,258,372
train,mt_free_exp2_num_116286,E:\Data (Drive)\IUH\DL\GK\surface-defect-detection\data\images\train\mt_free_exp2_num_116286.png,False,0,602,252
train,mt_free_exp2_num_116971,E:\Data (Drive)\IUH\DL\GK\surface-defect-detection\data\images\train\mt_free_exp2_num_116971.png,False,0,301,299
train,mt_free_exp2_num_126325,E:\Data (Drive)\IUH\DL\GK\surface-defect-detection\data\images\train\mt_free_exp2_num_126325.png,False,0,310,331
train,mt_free_exp2_num_126814,E:\Data (Drive)\IUH\DL\GK\surface-defect-detection\data\images\train\mt_free_exp2_num_126814.png,False,0,309,339
train,mt_free_exp2_num_127664,E:\Data (Drive)\IUH\DL\GK\surface-defect-detection\data\images\train\mt_free_exp2_num_127664.png,False,0,298,346
train,mt_free_exp2_num_129608,E:\Data (Drive)\IUH\DL\GK\surface-defect-detection\data\images\train\mt_free_exp2_num_129608.png,False,0,258,357
train,mt_free_exp2_num_13549,E:\Data (Drive)\IUH\DL\GK\surface-defect-detection\data\images\train\mt_free_exp2_num_13549.png,False,0,521,331
train,mt_free_exp2_num_138627,E:\Data (Drive)\IUH\DL\GK\surface-defect-detection\data\images\train\mt_free_exp2_num_138627.png,False,0,610,249
train,mt_free_exp2_num_148952,E:\Data (Drive)\IUH\DL\GK\surface-defect-detection\data\images\train\mt_free_exp2_num_148952.png,False,0,609,240
train,mt_free_exp2_num_157196,E:\Data (Drive)\IUH\DL\GK\surface-defect-detection\data\images\train\mt_free_exp2_num_157196.png,False,0,200,315
train,mt_free_exp2_num_157736,E:\Data (Drive)\IUH\DL\GK\surface-defect-detection\data\images\train\mt_free_exp2_num_157736.png,False,0,195,322
train,mt_free_exp2_num_166200,E:\Data (Drive)\IUH\DL\GK\surface-defect-detection\data\images\train\mt_free_exp2_num_166200.png,False,0,196,322
train,mt_free_exp2_num_174675,E:\Data (Drive)\IUH\DL\GK\surface-defect-detection\data\images\train\mt_free_exp2_num_174675.png,False,0,196,317
train,mt_free_exp2_num_177935,E:\Data (Drive)\IUH\DL\GK\surface-defect-detection\data\images\train\mt_free_exp2_num_177935.png,False,0,201,319
train,mt_free_exp2_num_178482,E:\Data (Drive)\IUH\DL\GK\surface-defect-detection\data\images\train\mt_free_exp2_num_178482.png,False,0,190,322
train,mt_free_exp2_num_180326,E:\Data (Drive)\IUH\DL\GK\surface-defect-detection\data\images\train\mt_free_exp2_num_180326.png,False,0,195,322
train,mt_free_exp2_num_180865,E:\Data (Drive)\IUH\DL\GK\surface-defect-detection\data\images\train\mt_free_exp2_num_180865.png,False,0,200,318
train,mt_free_exp2_num_183171,E:\Data (Drive)\IUH\DL\GK\surface-defect-detection\data\images\train\mt_free_exp2_num_183171.png,False,0,196,321
train,mt_free_exp2_num_1836,E:\Data (Drive)\IUH\DL\GK\surface-defect-detection\data\images\train\mt_free_exp2_num_1836.png,False,0,247,275
train,mt_free_exp2_num_183825,E:\Data (Drive)\IUH\DL\GK\surface-defect-detection\data\images\train\mt_free_exp2_num_183825.png,False,0,195,321
train,mt_free_exp2_num_187533,E:\Data (Drive)\IUH\DL\GK\surface-defect-detection\data\images\train\mt_free_exp2_num_187533.png,False,0,183,321
train,mt_free_exp2_num_192155,E:\Data (Drive)\IUH\DL\GK\surface-defect-detection\data\images\train\mt_free_exp2_num_192155.png,False,0,187,322
train,mt_free_exp2_num_193126,E:\Data (Drive)\IUH\DL\GK\surface-defect-detection\data\images\train\mt_free_exp2_num_193126.png,False,0,192,316
train,mt_free_exp2_num_195672,E:\Data (Drive)\IUH\DL\GK\surface-defect-detection\data\images\train\mt_free_exp2_num_195672.png,False,0,182,311
train,mt_free_exp2_num_19728,E:\Data (Drive)\IUH\DL\GK\surface-defect-detection\data\images\train\mt_free_exp2_num_19728.png,False,0,519,328
train,mt_free_exp2_num_240063,E:\Data (Drive)\IUH\DL\GK\surface-defect-detection\data\images\train\mt_free_exp2_num_240063.png,False,0,274,365
train,mt_free_exp2_num_245780,E:\Data (Drive)\IUH\DL\GK\surface-defect-detection\data\images\train\mt_free_exp2_num_245780.png,False,0,226,248
train,mt_free_exp2_num_255674,E:\Data (Drive)\IUH\DL\GK\surface-defect-detection\data\images\train\mt_free_exp2_num_255674.png,False,0,266,362
train,mt_free_exp2_num_257132,E:\Data (Drive)\IUH\DL\GK\surface-defect-detection\data\images\train\mt_free_exp2_num_257132.png,False,0,216,276
train,mt_free_exp2_num_257656,E:\Data (Drive)\IUH\DL\GK\surface-defect-detection\data\images\train\mt_free_exp2_num_257656.png,False,0,239,341
train,mt_free_exp2_num_260505,E:\Data (Drive)\IUH\DL\GK\surface-defect-detection\data\images\train\mt_free_exp2_num_260505.png,False,0,223,264
train,mt_free_exp2_num_261961,E:\Data (Drive)\IUH\DL\GK\surface-defect-detection\data\images\train\mt_free_exp2_num_261961.png,False,0,220,270
train,mt_free_exp2_num_262661,E:\Data (Drive)\IUH\DL\GK\surface-defect-detection\data\images\train\mt_free_exp2_num_262661.png,False,0,264,365
train,mt_free_exp2_num_2627,E:\Data (Drive)\IUH\DL\GK\surface-defect-detection\data\images\train\mt_free_exp2_num_2627.png,False,0,122,275
train,mt_free_exp2_num_263852,E:\Data (Drive)\IUH\DL\GK\surface-defect-detection\data\images\train\mt_free_exp2_num_263852.png,False,0,265,379
train,mt_free_exp2_num_264206,E:\Data (Drive)\IUH\DL\GK\surface-defect-detection\data\images\train\mt_free_exp2_num_264206.png,False,0,271,364
train,mt_free_exp2_num_266301,E:\Data (Drive)\IUH\DL\GK\surface-defect-detection\data\images\train\mt_free_exp2_num_266301.png,False,0,217,250
train,mt_free_exp2_num_269652,E:\Data (Drive)\IUH\DL\GK\surface-defect-detection\data\images\train\mt_free_exp2_num_269652.png,False,0,219,270
train,mt_free_exp2_num_270577,E:\Data (Drive)\IUH\DL\GK\surface-defect-detection\data\images\train\mt_free_exp2_num_270577.png,False,0,262,348
train,mt_free_exp2_num_270781,E:\Data (Drive)\IUH\DL\GK\surface-defect-detection\data\images\train\mt_free_exp2_num_270781.png,False,0,218,281
train,mt_free_exp2_num_275685,E:\Data (Drive)\IUH\DL\GK\surface-defect-detection\data\images\train\mt_free_exp2_num_275685.png,False,0,272,370
train,mt_free_exp2_num_277012,E:\Data (Drive)\IUH\DL\GK\surface-defect-detection\data\images\train\mt_free_exp2_num_277012.png,False,0,275,367
train,mt_free_exp2_num_280233,E:\Data (Drive)\IUH\DL\GK\surface-defect-detection\data\images\train\mt_free_exp2_num_280233.png,False,0,256,360
train,mt_free_exp2_num_280962,E:\Data (Drive)\IUH\DL\GK\surface-defect-detection\data\images\train\mt_free_exp2_num_280962.png,False,0,246,361
train,mt_free_exp2_num_282899,E:\Data (Drive)\IUH\DL\GK\surface-defect-detection\data\images\train\mt_free_exp2_num_282899.png,False,0,258,347
train,mt_free_exp2_num_283218,E:\Data (Drive)\IUH\DL\GK\surface-defect-detection\data\images\train\mt_free_exp2_num_283218.png,False,0,242,327
train,mt_free_exp2_num_284861,E:\Data (Drive)\IUH\DL\GK\surface-defect-detection\data\images\train\mt_free_exp2_num_284861.png,False,0,261,351
train,mt_free_exp2_num_286251,E:\Data (Drive)\IUH\DL\GK\surface-defect-detection\data\images\train\mt_free_exp2_num_286251.png,False,0,294,352
train,mt_free_exp2_num_289612,E:\Data (Drive)\IUH\DL\GK\surface-defect-detection\data\images\train\mt_free_exp2_num_289612.png,False,0,314,344
train,mt_free_exp2_num_290068,E:\Data (Drive)\IUH\DL\GK\surface-defect-detection\data\images\train\mt_free_exp2_num_290068.png,False,0,315,346
train,mt_free_exp2_num_29493,E:\Data (Drive)\IUH\DL\GK\surface-defect-detection\data\images\train\mt_free_exp2_num_29493.png,False,0,530,320
train,mt_free_exp2_num_296655,E:\Data (Drive)\IUH\DL\GK\surface-defect-detection\data\images\train\mt_free_exp2_num_296655.png,False,0,298,349
train,mt_free_exp2_num_301499,E:\Data (Drive)\IUH\DL\GK\surface-defect-detection\data\images\train\mt_free_exp2_num_301499.png,False,0,370,369
train,mt_free_exp2_num_304307,E:\Data (Drive)\IUH\DL\GK\surface-defect-detection\data\images\train\mt_free_exp2_num_304307.png,False,0,321,326
train,mt_free_exp2_num_304861,E:\Data (Drive)\IUH\DL\GK\surface-defect-detection\data\images\train\mt_free_exp2_num_304861.png,False,0,230,285
train,mt_free_exp2_num_306609,E:\Data (Drive)\IUH\DL\GK\surface-defect-detection\data\images\train\mt_free_exp2_num_306609.png,False,0,365,370
train,mt_free_exp2_num_308824,E:\Data (Drive)\IUH\DL\GK\surface-defect-detection\data\images\train\mt_free_exp2_num_308824.png,False,0,369,361
train,mt_free_exp2_num_309668,E:\Data (Drive)\IUH\DL\GK\surface-defect-detection\data\images\train\mt_free_exp2_num_309668.png,False,0,224,270
train,mt_free_exp2_num_315006,E:\Data (Drive)\IUH\DL\GK\surface-defect-detection\data\images\train\mt_free_exp2_num_315006.png,False,0,212,279
train,mt_free_exp2_num_316344,E:\Data (Drive)\IUH\DL\GK\surface-defect-detection\data\images\train\mt_free_exp2_num_316344.png,False,0,378,375
train,mt_free_exp2_num_316715,E:\Data (Drive)\IUH\DL\GK\surface-defect-detection\data\images\train\mt_free_exp2_num_316715.png,False,0,353,370
train,mt_free_exp2_num_317576,E:\Data (Drive)\IUH\DL\GK\surface-defect-detection\data\images\train\mt_free_exp2_num_317576.png,False,0,382,377
train,mt_free_exp2_num_317911,E:\Data (Drive)\IUH\DL\GK\surface-defect-detection\data\images\train\mt_free_exp2_num_317911.png,False,0,364,372
train,mt_free_exp2_num_319334,E:\Data (Drive)\IUH\DL\GK\surface-defect-detection\data\images\train\mt_free_exp2_num_319334.png,False,0,366,385
train,mt_free_exp2_num_319440,E:\Data (Drive)\IUH\DL\GK\surface-defect-detection\data\images\train\mt_free_exp2_num_319440.png,False,0,227,281
train,mt_free_exp2_num_319698,E:\Data (Drive)\IUH\DL\GK\surface-defect-detection\data\images\train\mt_free_exp2_num_319698.png,False,0,340,367
train,mt_free_exp2_num_320463,E:\Data (Drive)\IUH\DL\GK\surface-defect-detection\data\images\train\mt_free_exp2_num_320463.png,False,0,357,359
train,mt_free_exp2_num_326603,E:\Data (Drive)\IUH\DL\GK\surface-defect-detection\data\images\train\mt_free_exp2_num_326603.png,False,0,370,359
train,mt_free_exp2_num_326923,E:\Data (Drive)\IUH\DL\GK\surface-defect-detection\data\images\train\mt_free_exp2_num_326923.png,False,0,343,373
train,mt_free_exp2_num_329231,E:\Data (Drive)\IUH\DL\GK\surface-defect-detection\data\images\train\mt_free_exp2_num_329231.png,False,0,379,375
train,mt_free_exp2_num_332707,E:\Data (Drive)\IUH\DL\GK\surface-defect-detection\data\images\train\mt_free_exp2_num_332707.png,False,0,309,351
train,mt_free_exp2_num_338872,E:\Data (Drive)\IUH\DL\GK\surface-defect-detection\data\images\train\mt_free_exp2_num_338872.png,False,0,476,354
train,mt_free_exp2_num_34101,E:\Data (Drive)\IUH\DL\GK\surface-defect-detection\data\images\train\mt_free_exp2_num_34101.png,False,0,520,331
train,mt_free_exp2_num_344570,E:\Data (Drive)\IUH\DL\GK\surface-defect-detection\data\images\train\mt_free_exp2_num_344570.png,False,0,507,362
train,mt_free_exp2_num_349844,E:\Data (Drive)\IUH\DL\GK\surface-defect-detection\data\images\train\mt_free_exp2_num_349844.png,False,0,489,371
train,mt_free_exp2_num_351450,E:\Data (Drive)\IUH\DL\GK\surface-defect-detection\data\images\train\mt_free_exp2_num_351450.png,False,0,513,361
train,mt_free_exp2_num_358116,E:\Data (Drive)\IUH\DL\GK\surface-defect-detection\data\images\train\mt_free_exp2_num_358116.png,False,0,475,387
train,mt_free_exp2_num_358960,E:\Data (Drive)\IUH\DL\GK\surface-defect-detection\data\images\train\mt_free_exp2_num_358960.png,False,0,484,366
train,mt_free_exp2_num_37263,E:\Data (Drive)\IUH\DL\GK\surface-defect-detection\data\images\train\mt_free_exp2_num_37263.png,False,0,523,338
train,mt_free_exp2_num_37273,E:\Data (Drive)\IUH\DL\GK\surface-defect-detection\data\images\train\mt_free_exp2_num_37273.png,False,0,130,286
train,mt_free_exp2_num_39430,E:\Data (Drive)\IUH\DL\GK\surface-defect-detection\data\images\train\mt_free_exp2_num_39430.png,False,0,123,286
train,mt_free_exp2_num_50402,E:\Data (Drive)\IUH\DL\GK\surface-defect-detection\data\images\train\mt_free_exp2_num_50402.png,False,0,522,321
train,mt_free_exp2_num_51097,E:\Data (Drive)\IUH\DL\GK\surface-defect-detection\data\images\train\mt_free_exp2_num_51097.png,False,0,530,322
train,mt_free_exp2_num_52677,E:\Data (Drive)\IUH\DL\GK\surface-defect-detection\data\images\train\mt_free_exp2_num_52677.png,False,0,119,284
train,mt_free_exp2_num_53025,E:\Data (Drive)\IUH\DL\GK\surface-defect-detection\data\images\train\mt_free_exp2_num_53025.png,False,0,523,339
train,mt_free_exp2_num_54126,E:\Data (Drive)\IUH\DL\GK\surface-defect-detection\data\images\train\mt_free_exp2_num_54126.png,False,0,523,321
train,mt_free_exp2_num_54925,E:\Data (Drive)\IUH\DL\GK\surface-defect-detection\data\images\train\mt_free_exp2_num_54925.png,False,0,124,298
train,mt_free_exp2_num_5924,E:\Data (Drive)\IUH\DL\GK\surface-defect-detection\data\images\train\mt_free_exp2_num_5924.png,False,0,520,331
train,mt_free_exp2_num_61324,E:\Data (Drive)\IUH\DL\GK\surface-defect-detection\data\images\train\mt_free_exp2_num_61324.png,False,0,128,285
train,mt_free_exp2_num_6558,E:\Data (Drive)\IUH\DL\GK\surface-defect-detection\data\images\train\mt_free_exp2_num_6558.png,False,0,124,286
train,mt_free_exp2_num_68382,E:\Data (Drive)\IUH\DL\GK\surface-defect-detection\data\images\train\mt_free_exp2_num_68382.png,False,0,123,286
train,mt_free_exp2_num_69830,E:\Data (Drive)\IUH\DL\GK\surface-defect-detection\data\images\train\mt_free_exp2_num_69830.png,False,0,130,284
train,mt_free_exp2_num_71201,E:\Data (Drive)\IUH\DL\GK\surface-defect-detection\data\images\train\mt_free_exp2_num_71201.png,False,0,127,280
train,mt_free_exp2_num_75106,E:\Data (Drive)\IUH\DL\GK\surface-defect-detection\data\images\train\mt_free_exp2_num_75106.png,False,0,597,257
train,mt_free_exp2_num_7886,E:\Data (Drive)\IUH\DL\GK\surface-defect-detection\data\images\train\mt_free_exp2_num_7886.png,False,0,127,287
train,mt_free_exp2_num_887,E:\Data (Drive)\IUH\DL\GK\surface-defect-detection\data\images\train\mt_free_exp2_num_887.png,False,0,252,296
train,mt_free_exp2_num_90988,E:\Data (Drive)\IUH\DL\GK\surface-defect-detection\data\images\train\mt_free_exp2_num_90988.png,False,0,608,247
train,mt_free_exp2_num_94922,E:\Data (Drive)\IUH\DL\GK\surface-defect-detection\data\images\train\mt_free_exp2_num_94922.png,False,0,612,245
train,mt_free_exp3_num_10215,E:\Data (Drive)\IUH\DL\GK\surface-defect-detection\data\images\train\mt_free_exp3_num_10215.png,False,0,512,378
train,mt_free_exp3_num_106186,E:\Data (Drive)\IUH\DL\GK\surface-defect-detection\data\images\train\mt_free_exp3_num_106186.png,False,0,259,361
train,mt_free_exp3_num_106779,E:\Data (Drive)\IUH\DL\GK\surface-defect-detection\data\images\train\mt_free_exp3_num_106779.png,False,0,263,356
train,mt_free_exp3_num_11304,E:\Data (Drive)\IUH\DL\GK\surface-defect-detection\data\images\train\mt_free_exp3_num_11304.png,False,0,467,369
train,mt_free_exp3_num_114419,E:\Data (Drive)\IUH\DL\GK\surface-defect-detection\data\images\train\mt_free_exp3_num_114419.png,False,0,266,371
train,mt_free_exp3_num_126339,E:\Data (Drive)\IUH\DL\GK\surface-defect-detection\data\images\train\mt_free_exp3_num_126339.png,False,0,310,336
train,mt_free_exp3_num_126827,E:\Data (Drive)\IUH\DL\GK\surface-defect-detection\data\images\train\mt_free_exp3_num_126827.png,False,0,318,347
train,mt_free_exp3_num_129632,E:\Data (Drive)\IUH\DL\GK\surface-defect-detection\data\images\train\mt_free_exp3_num_129632.png,False,0,251,367
train,mt_free_exp3_num_13568,E:\Data (Drive)\IUH\DL\GK\surface-defect-detection\data\images\train\mt_free_exp3_num_13568.png,False,0,519,336
train,mt_free_exp3_num_144210,E:\Data (Drive)\IUH\DL\GK\surface-defect-detection\data\images\train\mt_free_exp3_num_144210.png,False,0,595,250
train,mt_free_exp3_num_147971,E:\Data (Drive)\IUH\DL\GK\surface-defect-detection\data\images\train\mt_free_exp3_num_147971.png,False,0,604,253
train,mt_free_exp3_num_157220,E:\Data (Drive)\IUH\DL\GK\surface-defect-detection\data\images\train\mt_free_exp3_num_157220.png,False,0,202,315
train,mt_free_exp3_num_157763,E:\Data (Drive)\IUH\DL\GK\surface-defect-detection\data\images\train\mt_free_exp3_num_157763.png,False,0,192,321
train,mt_free_exp3_num_165409,E:\Data (Drive)\IUH\DL\GK\surface-defect-detection\data\images\train\mt_free_exp3_num_165409.png,False,0,205,313
train,mt_free_exp3_num_16556,E:\Data (Drive)\IUH\DL\GK\surface-defect-detection\data\images\train\mt_free_exp3_num_16556.png,False,0,526,318
train,mt_free_exp3_num_177963,E:\Data (Drive)\IUH\DL\GK\surface-defect-detection\data\images\train\mt_free_exp3_num_177963.png,False,0,202,313
train,mt_free_exp3_num_178510,E:\Data (Drive)\IUH\DL\GK\surface-defect-detection\data\images\train\mt_free_exp3_num_178510.png,False,0,194,322
train,mt_free_exp3_num_180350,E:\Data (Drive)\IUH\DL\GK\surface-defect-detection\data\images\train\mt_free_exp3_num_180350.png,False,0,192,325
train,mt_free_exp3_num_18185,E:\Data (Drive)\IUH\DL\GK\surface-defect-detection\data\images\train\mt_free_exp3_num_18185.png,False,0,515,336
train,mt_free_exp3_num_183198,E:\Data (Drive)\IUH\DL\GK\surface-defect-detection\data\images\train\mt_free_exp3_num_183198.png,False,0,199,319
train,mt_free_exp3_num_183846,E:\Data (Drive)\IUH\DL\GK\surface-defect-detection\data\images\train\mt_free_exp3_num_183846.png,False,0,199,321
train,mt_free_exp3_num_187556,E:\Data (Drive)\IUH\DL\GK\surface-defect-detection\data\images\train\mt_free_exp3_num_187556.png,False,0,195,323
train,mt_free_exp3_num_192174,E:\Data (Drive)\IUH\DL\GK\surface-defect-detection\data\images\train\mt_free_exp3_num_192174.png,False,0,191,323
train,mt_free_exp3_num_193139,E:\Data (Drive)\IUH\DL\GK\surface-defect-detection\data\images\train\mt_free_exp3_num_193139.png,False,0,194,323
train,mt_free_exp3_num_195685,E:\Data (Drive)\IUH\DL\GK\surface-defect-detection\data\images\train\mt_free_exp3_num_195685.png,False,0,192,325
train,mt_free_exp3_num_19753,E:\Data (Drive)\IUH\DL\GK\surface-defect-detection\data\images\train\mt_free_exp3_num_19753.png,False,0,522,325
train,mt_free_exp3_num_2074,E:\Data (Drive)\IUH\DL\GK\surface-defect-detection\data\images\train\mt_free_exp3_num_2074.png,False,0,514,375
train,mt_free_exp3_num_241380,E:\Data (Drive)\IUH\DL\GK\surface-defect-detection\data\images\train\mt_free_exp3_num_241380.png,False,0,214,274
train,mt_free_exp3_num_245792,E:\Data (Drive)\IUH\DL\GK\surface-defect-detection\data\images\train\mt_free_exp3_num_245792.png,False,0,208,257
train,mt_free_exp3_num_251473,E:\Data (Drive)\IUH\DL\GK\surface-defect-detection\data\images\train\mt_free_exp3_num_251473.png,False,0,218,264
train,mt_free_exp3_num_256305,E:\Data (Drive)\IUH\DL\GK\surface-defect-detection\data\images\train\mt_free_exp3_num_256305.png,False,0,271,386
train,mt_free_exp3_num_257158,E:\Data (Drive)\IUH\DL\GK\surface-defect-detection\data\images\train\mt_free_exp3_num_257158.png,False,0,212,276
train,mt_free_exp3_num_257678,E:\Data (Drive)\IUH\DL\GK\surface-defect-detection\data\images\train\mt_free_exp3_num_257678.png,False,0,252,359
train,mt_free_exp3_num_258867,E:\Data (Drive)\IUH\DL\GK\surface-defect-detection\data\images\train\mt_free_exp3_num_258867.png,False,0,215,274
train,mt_free_exp3_num_260521,E:\Data (Drive)\IUH\DL\GK\surface-defect-detection\data\images\train\mt_free_exp3_num_260521.png,False,0,207,280
train,mt_free_exp3_num_260963,E:\Data (Drive)\IUH\DL\GK\surface-defect-detection\data\images\train\mt_free_exp3_num_260963.png,False,0,223,285
train,mt_free_exp3_num_261977,E:\Data (Drive)\IUH\DL\GK\surface-defect-detection\data\images\train\mt_free_exp3_num_261977.png,False,0,218,280
train,mt_free_exp3_num_264225,E:\Data (Drive)\IUH\DL\GK\surface-defect-detection\data\images\train\mt_free_exp3_num_264225.png,False,0,268,379
train,mt_free_exp3_num_269121,E:\Data (Drive)\IUH\DL\GK\surface-defect-detection\data\images\train\mt_free_exp3_num_269121.png,False,0,220,282
train,mt_free_exp3_num_269668,E:\Data (Drive)\IUH\DL\GK\surface-defect-detection\data\images\train\mt_free_exp3_num_269668.png,False,0,216,271
train,mt_free_exp3_num_270593,E:\Data (Drive)\IUH\DL\GK\surface-defect-detection\data\images\train\mt_free_exp3_num_270593.png,False,0,265,361
train,mt_free_exp3_num_270803,E:\Data (Drive)\IUH\DL\GK\surface-defect-detection\data\images\train\mt_free_exp3_num_270803.png,False,0,219,277
train,mt_free_exp3_num_275407,E:\Data (Drive)\IUH\DL\GK\surface-defect-detection\data\images\train\mt_free_exp3_num_275407.png,False,0,267,377
train,mt_free_exp3_num_275697,E:\Data (Drive)\IUH\DL\GK\surface-defect-detection\data\images\train\mt_free_exp3_num_275697.png,False,0,274,377
train,mt_free_exp3_num_277027,E:\Data (Drive)\IUH\DL\GK\surface-defect-detection\data\images\train\mt_free_exp3_num_277027.png,False,0,275,382
train,mt_free_exp3_num_278595,E:\Data (Drive)\IUH\DL\GK\surface-defect-detection\data\images\train\mt_free_exp3_num_278595.png,False,0,263,365
train,mt_free_exp3_num_279122,E:\Data (Drive)\IUH\DL\GK\surface-defect-detection\data\images\train\mt_free_exp3_num_279122.png,False,0,265,380
train,mt_free_exp3_num_280977,E:\Data (Drive)\IUH\DL\GK\surface-defect-detection\data\images\train\mt_free_exp3_num_280977.png,False,0,240,352
train,mt_free_exp3_num_282911,E:\Data (Drive)\IUH\DL\GK\surface-defect-detection\data\images\train\mt_free_exp3_num_282911.png,False,0,264,354
train,mt_free_exp3_num_283229,E:\Data (Drive)\IUH\DL\GK\surface-defect-detection\data\images\train\mt_free_exp3_num_283229.png,False,0,258,347
train,mt_free_exp3_num_289625,E:\Data (Drive)\IUH\DL\GK\surface-defect-detection\data\images\train\mt_free_exp3_num_289625.png,False,0,310,353
train,mt_free_exp3_num_290081,E:\Data (Drive)\IUH\DL\GK\surface-defect-detection\data\images\train\mt_free_exp3_num_290081.png,False,0,303,355
train,mt_free_exp3_num_292124,E:\Data (Drive)\IUH\DL\GK\surface-defect-detection\data\images\train\mt_free_exp3_num_292124.png,False,0,294,336
train,mt_free_exp3_num_293742,E:\Data (Drive)\IUH\DL\GK\surface-defect-detection\data\images\train\mt_free_exp3_num_293742.png,False,0,322,346
train,mt_free_exp3_num_29508,E:\Data (Drive)\IUH\DL\GK\surface-defect-detection\data\images\train\mt_free_exp3_num_29508.png,False,0,536,305
train,mt_free_exp3_num_296668,E:\Data (Drive)\IUH\DL\GK\surface-defect-detection\data\images\train\mt_free_exp3_num_296668.png,False,0,304,347
train,mt_free_exp3_num_297311,E:\Data (Drive)\IUH\DL\GK\surface-defect-detection\data\images\train\mt_free_exp3_num_297311.png,False,0,310,337
train,mt_free_exp3_num_299758,E:\Data (Drive)\IUH\DL\GK\surface-defect-detection\data\images\train\mt_free_exp3_num_299758.png,False,0,221,265
train,mt_free_exp3_num_304701,E:\Data (Drive)\IUH\DL\GK\surface-defect-detection\data\images\train\mt_free_exp3_num_304701.png,False,0,329,287
train,mt_free_exp3_num_304882,E:\Data (Drive)\IUH\DL\GK\surface-defect-detection\data\images\train\mt_free_exp3_num_304882.png,False,0,216,265
train,mt_free_exp3_num_306457,E:\Data (Drive)\IUH\DL\GK\surface-defect-detection\data\images\train\mt_free_exp3_num_306457.png,False,0,217,254
train,mt_free_exp3_num_306622,E:\Data (Drive)\IUH\DL\GK\surface-defect-detection\data\images\train\mt_free_exp3_num_306622.png,False,0,358,360
train,mt_free_exp3_num_309379,E:\Data (Drive)\IUH\DL\GK\surface-defect-detection\data\images\train\mt_free_exp3_num_309379.png,False,0,358,355
train,mt_free_exp3_num_309681,E:\Data (Drive)\IUH\DL\GK\surface-defect-detection\data\images\train\mt_free_exp3_num_309681.png,False,0,218,266
train,mt_free_exp3_num_311344,E:\Data (Drive)\IUH\DL\GK\surface-defect-detection\data\images\train\mt_free_exp3_num_311344.png,False,0,216,268
train,mt_free_exp3_num_31138,E:\Data (Drive)\IUH\DL\GK\surface-defect-detection\data\images\train\mt_free_exp3_num_31138.png,False,0,124,281
train,mt_free_exp3_num_317925,E:\Data (Drive)\IUH\DL\GK\surface-defect-detection\data\images\train\mt_free_exp3_num_317925.png,False,0,351,366
train,mt_free_exp3_num_319346,E:\Data (Drive)\IUH\DL\GK\surface-defect-detection\data\images\train\mt_free_exp3_num_319346.png,False,0,369,371
train,mt_free_exp3_num_319456,E:\Data (Drive)\IUH\DL\GK\surface-defect-detection\data\images\train\mt_free_exp3_num_319456.png,False,0,218,273
train,mt_free_exp3_num_319713,E:\Data (Drive)\IUH\DL\GK\surface-defect-detection\data\images\train\mt_free_exp3_num_319713.png,False,0,340,370
train,mt_free_exp3_num_321466,E:\Data (Drive)\IUH\DL\GK\surface-defect-detection\data\images\train\mt_free_exp3_num_321466.png,False,0,376,365
train,mt_free_exp3_num_323352,E:\Data (Drive)\IUH\DL\GK\surface-defect-detection\data\images\train\mt_free_exp3_num_323352.png,False,0,220,272
train,mt_free_exp3_num_326615,E:\Data (Drive)\IUH\DL\GK\surface-defect-detection\data\images\train\mt_free_exp3_num_326615.png,False,0,369,369
train,mt_free_exp3_num_329247,E:\Data (Drive)\IUH\DL\GK\surface-defect-detection\data\images\train\mt_free_exp3_num_329247.png,False,0,371,367
train,mt_free_exp3_num_331958,E:\Data (Drive)\IUH\DL\GK\surface-defect-detection\data\images\train\mt_free_exp3_num_331958.png,False,0,357,347
train,mt_free_exp3_num_332719,E:\Data (Drive)\IUH\DL\GK\surface-defect-detection\data\images\train\mt_free_exp3_num_332719.png,False,0,293,344
train,mt_free_exp3_num_338885,E:\Data (Drive)\IUH\DL\GK\surface-defect-detection\data\images\train\mt_free_exp3_num_338885.png,False,0,488,361
train,mt_free_exp3_num_344580,E:\Data (Drive)\IUH\DL\GK\surface-defect-detection\data\images\train\mt_free_exp3_num_344580.png,False,0,485,357
train,mt_free_exp3_num_349856,E:\Data (Drive)\IUH\DL\GK\surface-defect-detection\data\images\train\mt_free_exp3_num_349856.png,False,0,478,363
train,mt_free_exp3_num_351078,E:\Data (Drive)\IUH\DL\GK\surface-defect-detection\data\images\train\mt_free_exp3_num_351078.png,False,0,482,359
train,mt_free_exp3_num_3539,E:\Data (Drive)\IUH\DL\GK\surface-defect-detection\data\images\train\mt_free_exp3_num_3539.png,False,0,131,268
train,mt_free_exp3_num_354417,E:\Data (Drive)\IUH\DL\GK\surface-defect-detection\data\images\train\mt_free_exp3_num_354417.png,False,0,501,359
train,mt_free_exp3_num_355669,E:\Data (Drive)\IUH\DL\GK\surface-defect-detection\data\images\train\mt_free_exp3_num_355669.png,False,0,480,372
train,mt_free_exp3_num_358972,E:\Data (Drive)\IUH\DL\GK\surface-defect-detection\data\images\train\mt_free_exp3_num_358972.png,False,0,488,357
train,mt_free_exp3_num_359489,E:\Data (Drive)\IUH\DL\GK\surface-defect-detection\data\images\train\mt_free_exp3_num_359489.png,False,0,499,379
train,mt_free_exp3_num_37056,E:\Data (Drive)\IUH\DL\GK\surface-defect-detection\data\images\train\mt_free_exp3_num_37056.png,False,0,123,279
train,mt_free_exp3_num_37278,E:\Data (Drive)\IUH\DL\GK\surface-defect-detection\data\images\train\mt_free_exp3_num_37278.png,False,0,517,327
train,mt_free_exp3_num_37556,E:\Data (Drive)\IUH\DL\GK\surface-defect-detection\data\images\train\mt_free_exp3_num_37556.png,False,0,128,283
train,mt_free_exp3_num_38023,E:\Data (Drive)\IUH\DL\GK\surface-defect-detection\data\images\train\mt_free_exp3_num_38023.png,False,0,522,321
train,mt_free_exp3_num_39447,E:\Data (Drive)\IUH\DL\GK\surface-defect-detection\data\images\train\mt_free_exp3_num_39447.png,False,0,123,286
train,mt_free_exp3_num_43853,E:\Data (Drive)\IUH\DL\GK\surface-defect-detection\data\images\train\mt_free_exp3_num_43853.png,False,0,523,327
train,mt_free_exp3_num_50415,E:\Data (Drive)\IUH\DL\GK\surface-defect-detection\data\images\train\mt_free_exp3_num_50415.png,False,0,523,317
train,mt_free_exp3_num_51112,E:\Data (Drive)\IUH\DL\GK\surface-defect-detection\data\images\train\mt_free_exp3_num_51112.png,False,0,523,325
train,mt_free_exp3_num_52702,E:\Data (Drive)\IUH\DL\GK\surface-defect-detection\data\images\train\mt_free_exp3_num_52702.png,False,0,117,290
train,mt_free_exp3_num_53038,E:\Data (Drive)\IUH\DL\GK\surface-defect-detection\data\images\train\mt_free_exp3_num_53038.png,False,0,520,338
train,mt_free_exp3_num_54942,E:\Data (Drive)\IUH\DL\GK\surface-defect-detection\data\images\train\mt_free_exp3_num_54942.png,False,0,132,300
train,mt_free_exp3_num_61338,E:\Data (Drive)\IUH\DL\GK\surface-defect-detection\data\images\train\mt_free_exp3_num_61338.png,False,0,126,281
train,mt_free_exp3_num_65031,E:\Data (Drive)\IUH\DL\GK\surface-defect-detection\data\images\train\mt_free_exp3_num_65031.png,False,0,531,336
train,mt_free_exp3_num_6541,E:\Data (Drive)\IUH\DL\GK\surface-defect-detection\data\images\train\mt_free_exp3_num_6541.png,False,0,516,388
train,mt_free_exp3_num_6571,E:\Data (Drive)\IUH\DL\GK\surface-defect-detection\data\images\train\mt_free_exp3_num_6571.png,False,0,125,286
train,mt_free_exp3_num_68398,E:\Data (Drive)\IUH\DL\GK\surface-defect-detection\data\images\train\mt_free_exp3_num_68398.png,False,0,133,300
train,mt_free_exp3_num_69845,E:\Data (Drive)\IUH\DL\GK\surface-defect-detection\data\images\train\mt_free_exp3_num_69845.png,False,0,126,287
train,mt_free_exp3_num_70527,E:\Data (Drive)\IUH\DL\GK\surface-defect-detection\data\images\train\mt_free_exp3_num_70527.png,False,0,116,292
train,mt_free_exp3_num_71224,E:\Data (Drive)\IUH\DL\GK\surface-defect-detection\data\images\train\mt_free_exp3_num_71224.png,False,0,130,286
train,mt_free_exp3_num_7899,E:\Data (Drive)\IUH\DL\GK\surface-defect-detection\data\images\train\mt_free_exp3_num_7899.png,False,0,119,287
train,mt_free_exp3_num_913,E:\Data (Drive)\IUH\DL\GK\surface-defect-detection\data\images\train\mt_free_exp3_num_913.png,False,0,242,293
train,mt_free_exp3_num_94938,E:\Data (Drive)\IUH\DL\GK\surface-defect-detection\data\images\train\mt_free_exp3_num_94938.png,False,0,609,262
train,mt_free_exp4_num_10227,E:\Data (Drive)\IUH\DL\GK\surface-defect-detection\data\images\train\mt_free_exp4_num_10227.png,False,0,509,376
train,mt_free_exp4_num_10642,E:\Data (Drive)\IUH\DL\GK\surface-defect-detection\data\images\train\mt_free_exp4_num_10642.png,False,0,524,337
train,mt_free_exp4_num_110151,E:\Data (Drive)\IUH\DL\GK\surface-defect-detection\data\images\train\mt_free_exp4_num_110151.png,False,0,600,255
train,mt_free_exp4_num_114433,E:\Data (Drive)\IUH\DL\GK\surface-defect-detection\data\images\train\mt_free_exp4_num_114433.png,False,0,253,372
train,mt_free_exp4_num_117012,E:\Data (Drive)\IUH\DL\GK\surface-defect-detection\data\images\train\mt_free_exp4_num_117012.png,False,0,302,313
train,mt_free_exp4_num_126353,E:\Data (Drive)\IUH\DL\GK\surface-defect-detection\data\images\train\mt_free_exp4_num_126353.png,False,0,307,335
train,mt_free_exp4_num_127690,E:\Data (Drive)\IUH\DL\GK\surface-defect-detection\data\images\train\mt_free_exp4_num_127690.png,False,0,301,343
train,mt_free_exp4_num_128120,E:\Data (Drive)\IUH\DL\GK\surface-defect-detection\data\images\train\mt_free_exp4_num_128120.png,False,0,317,346
train,mt_free_exp4_num_148998,E:\Data (Drive)\IUH\DL\GK\surface-defect-detection\data\images\train\mt_free_exp4_num_148998.png,False,0,580,222
train,mt_free_exp4_num_154613,E:\Data (Drive)\IUH\DL\GK\surface-defect-detection\data\images\train\mt_free_exp4_num_154613.png,False,0,188,319
train,mt_free_exp4_num_157245,E:\Data (Drive)\IUH\DL\GK\surface-defect-detection\data\images\train\mt_free_exp4_num_157245.png,False,0,197,328
train,mt_free_exp4_num_157789,E:\Data (Drive)\IUH\DL\GK\surface-defect-detection\data\images\train\mt_free_exp4_num_157789.png,False,0,193,322
train,mt_free_exp4_num_165425,E:\Data (Drive)\IUH\DL\GK\surface-defect-detection\data\images\train\mt_free_exp4_num_165425.png,False,0,203,321
train,mt_free_exp4_num_166238,E:\Data (Drive)\IUH\DL\GK\surface-defect-detection\data\images\train\mt_free_exp4_num_166238.png,False,0,201,321
train,mt_free_exp4_num_174720,E:\Data (Drive)\IUH\DL\GK\surface-defect-detection\data\images\train\mt_free_exp4_num_174720.png,False,0,196,317
train,mt_free_exp4_num_177987,E:\Data (Drive)\IUH\DL\GK\surface-defect-detection\data\images\train\mt_free_exp4_num_177987.png,False,0,204,311
train,mt_free_exp4_num_178536,E:\Data (Drive)\IUH\DL\GK\surface-defect-detection\data\images\train\mt_free_exp4_num_178536.png,False,0,191,317
train,mt_free_exp4_num_180371,E:\Data (Drive)\IUH\DL\GK\surface-defect-detection\data\images\train\mt_free_exp4_num_180371.png,False,0,196,323
train,mt_free_exp4_num_180903,E:\Data (Drive)\IUH\DL\GK\surface-defect-detection\data\images\train\mt_free_exp4_num_180903.png,False,0,199,317
train,mt_free_exp4_num_183867,E:\Data (Drive)\IUH\DL\GK\surface-defect-detection\data\images\train\mt_free_exp4_num_183867.png,False,0,196,316
train,mt_free_exp4_num_187582,E:\Data (Drive)\IUH\DL\GK\surface-defect-detection\data\images\train\mt_free_exp4_num_187582.png,False,0,192,324
train,mt_free_exp4_num_1877,E:\Data (Drive)\IUH\DL\GK\surface-defect-detection\data\images\train\mt_free_exp4_num_1877.png,False,0,244,273
train,mt_free_exp4_num_192192,E:\Data (Drive)\IUH\DL\GK\surface-defect-detection\data\images\train\mt_free_exp4_num_192192.png,False,0,194,320
train,mt_free_exp4_num_195700,E:\Data (Drive)\IUH\DL\GK\surface-defect-detection\data\images\train\mt_free_exp4_num_195700.png,False,0,188,319
train,mt_free_exp4_num_19770,E:\Data (Drive)\IUH\DL\GK\surface-defect-detection\data\images\train\mt_free_exp4_num_19770.png,False,0,515,323
train,mt_free_exp4_num_2086,E:\Data (Drive)\IUH\DL\GK\surface-defect-detection\data\images\train\mt_free_exp4_num_2086.png,False,0,520,374
train,mt_free_exp4_num_240090,E:\Data (Drive)\IUH\DL\GK\surface-defect-detection\data\images\train\mt_free_exp4_num_240090.png,False,0,258,361
train,mt_free_exp4_num_241391,E:\Data (Drive)\IUH\DL\GK\surface-defect-detection\data\images\train\mt_free_exp4_num_241391.png,False,0,216,258
train,mt_free_exp4_num_245804,E:\Data (Drive)\IUH\DL\GK\surface-defect-detection\data\images\train\mt_free_exp4_num_245804.png,False,0,210,241
train,mt_free_exp4_num_251495,E:\Data (Drive)\IUH\DL\GK\surface-defect-detection\data\images\train\mt_free_exp4_num_251495.png,False,0,223,247
train,mt_free_exp4_num_256324,E:\Data (Drive)\IUH\DL\GK\surface-defect-detection\data\images\train\mt_free_exp4_num_256324.png,False,0,262,369
train,mt_free_exp4_num_257190,E:\Data (Drive)\IUH\DL\GK\surface-defect-detection\data\images\train\mt_free_exp4_num_257190.png,False,0,222,273
train,mt_free_exp4_num_258885,E:\Data (Drive)\IUH\DL\GK\surface-defect-detection\data\images\train\mt_free_exp4_num_258885.png,False,0,216,249
train,mt_free_exp4_num_260976,E:\Data (Drive)\IUH\DL\GK\surface-defect-detection\data\images\train\mt_free_exp4_num_260976.png,False,0,223,269
train,mt_free_exp4_num_261992,E:\Data (Drive)\IUH\DL\GK\surface-defect-detection\data\images\train\mt_free_exp4_num_261992.png,False,0,223,269
train,mt_free_exp4_num_262258,E:\Data (Drive)\IUH\DL\GK\surface-defect-detection\data\images\train\mt_free_exp4_num_262258.png,False,0,278,381
train,mt_free_exp4_num_263875,E:\Data (Drive)\IUH\DL\GK\surface-defect-detection\data\images\train\mt_free_exp4_num_263875.png,False,0,264,373
train,mt_free_exp4_num_264241,E:\Data (Drive)\IUH\DL\GK\surface-defect-detection\data\images\train\mt_free_exp4_num_264241.png,False,0,268,372
train,mt_free_exp4_num_266329,E:\Data (Drive)\IUH\DL\GK\surface-defect-detection\data\images\train\mt_free_exp4_num_266329.png,False,0,223,258
train,mt_free_exp4_num_266844,E:\Data (Drive)\IUH\DL\GK\surface-defect-detection\data\images\train\mt_free_exp4_num_266844.png,False,0,217,279
train,mt_free_exp4_num_269136,E:\Data (Drive)\IUH\DL\GK\surface-defect-detection\data\images\train\mt_free_exp4_num_269136.png,False,0,222,283
train,mt_free_exp4_num_269682,E:\Data (Drive)\IUH\DL\GK\surface-defect-detection\data\images\train\mt_free_exp4_num_269682.png,False,0,210,287
train,mt_free_exp4_num_270607,E:\Data (Drive)\IUH\DL\GK\surface-defect-detection\data\images\train\mt_free_exp4_num_270607.png,False,0,260,349
train,mt_free_exp4_num_270824,E:\Data (Drive)\IUH\DL\GK\surface-defect-detection\data\images\train\mt_free_exp4_num_270824.png,False,0,210,295
train,mt_free_exp4_num_275420,E:\Data (Drive)\IUH\DL\GK\surface-defect-detection\data\images\train\mt_free_exp4_num_275420.png,False,0,266,379
train,mt_free_exp4_num_278605,E:\Data (Drive)\IUH\DL\GK\surface-defect-detection\data\images\train\mt_free_exp4_num_278605.png,False,0,270,381
train,mt_free_exp4_num_279133,E:\Data (Drive)\IUH\DL\GK\surface-defect-detection\data\images\train\mt_free_exp4_num_279133.png,False,0,266,381
train,mt_free_exp4_num_280989,E:\Data (Drive)\IUH\DL\GK\surface-defect-detection\data\images\train\mt_free_exp4_num_280989.png,False,0,242,363
train,mt_free_exp4_num_282921,E:\Data (Drive)\IUH\DL\GK\surface-defect-detection\data\images\train\mt_free_exp4_num_282921.png,False,0,254,348
train,mt_free_exp4_num_283240,E:\Data (Drive)\IUH\DL\GK\surface-defect-detection\data\images\train\mt_free_exp4_num_283240.png,False,0,256,322
train,mt_free_exp4_num_286277,E:\Data (Drive)\IUH\DL\GK\surface-defect-detection\data\images\train\mt_free_exp4_num_286277.png,False,0,291,347
train,mt_free_exp4_num_289638,E:\Data (Drive)\IUH\DL\GK\surface-defect-detection\data\images\train\mt_free_exp4_num_289638.png,False,0,296,343
train,mt_free_exp4_num_290093,E:\Data (Drive)\IUH\DL\GK\surface-defect-detection\data\images\train\mt_free_exp4_num_290093.png,False,0,296,343
train,mt_free_exp4_num_292138,E:\Data (Drive)\IUH\DL\GK\surface-defect-detection\data\images\train\mt_free_exp4_num_292138.png,False,0,296,343
train,mt_free_exp4_num_293302,E:\Data (Drive)\IUH\DL\GK\surface-defect-detection\data\images\train\mt_free_exp4_num_293302.png,False,0,297,334
train,mt_free_exp4_num_29521,E:\Data (Drive)\IUH\DL\GK\surface-defect-detection\data\images\train\mt_free_exp4_num_29521.png,False,0,496,317
train,mt_free_exp4_num_296682,E:\Data (Drive)\IUH\DL\GK\surface-defect-detection\data\images\train\mt_free_exp4_num_296682.png,False,0,304,349
train,mt_free_exp4_num_297324,E:\Data (Drive)\IUH\DL\GK\surface-defect-detection\data\images\train\mt_free_exp4_num_297324.png,False,0,303,347
train,mt_free_exp4_num_301523,E:\Data (Drive)\IUH\DL\GK\surface-defect-detection\data\images\train\mt_free_exp4_num_301523.png,False,0,368,365
train,mt_free_exp4_num_304904,E:\Data (Drive)\IUH\DL\GK\surface-defect-detection\data\images\train\mt_free_exp4_num_304904.png,False,0,210,271
train,mt_free_exp4_num_306469,E:\Data (Drive)\IUH\DL\GK\surface-defect-detection\data\images\train\mt_free_exp4_num_306469.png,False,0,213,267
train,mt_free_exp4_num_308849,E:\Data (Drive)\IUH\DL\GK\surface-defect-detection\data\images\train\mt_free_exp4_num_308849.png,False,0,357,369
train,mt_free_exp4_num_311355,E:\Data (Drive)\IUH\DL\GK\surface-defect-detection\data\images\train\mt_free_exp4_num_311355.png,False,0,207,271
train,mt_free_exp4_num_315033,E:\Data (Drive)\IUH\DL\GK\surface-defect-detection\data\images\train\mt_free_exp4_num_315033.png,False,0,207,272
train,mt_free_exp4_num_316364,E:\Data (Drive)\IUH\DL\GK\surface-defect-detection\data\images\train\mt_free_exp4_num_316364.png,False,0,363,349
train,mt_free_exp4_num_316737,E:\Data (Drive)\IUH\DL\GK\surface-defect-detection\data\images\train\mt_free_exp4_num_316737.png,False,0,349,352
train,mt_free_exp4_num_317600,E:\Data (Drive)\IUH\DL\GK\surface-defect-detection\data\images\train\mt_free_exp4_num_317600.png,False,0,349,352
train,mt_free_exp4_num_319357,E:\Data (Drive)\IUH\DL\GK\surface-defect-detection\data\images\train\mt_free_exp4_num_319357.png,False,0,366,357
train,mt_free_exp4_num_320501,E:\Data (Drive)\IUH\DL\GK\surface-defect-detection\data\images\train\mt_free_exp4_num_320501.png,False,0,362,357
train,mt_free_exp4_num_321478,E:\Data (Drive)\IUH\DL\GK\surface-defect-detection\data\images\train\mt_free_exp4_num_321478.png,False,0,362,366
train,mt_free_exp4_num_323366,E:\Data (Drive)\IUH\DL\GK\surface-defect-detection\data\images\train\mt_free_exp4_num_323366.png,False,0,216,267
train,mt_free_exp4_num_326627,E:\Data (Drive)\IUH\DL\GK\surface-defect-detection\data\images\train\mt_free_exp4_num_326627.png,False,0,372,340
train,mt_free_exp4_num_329260,E:\Data (Drive)\IUH\DL\GK\surface-defect-detection\data\images\train\mt_free_exp4_num_329260.png,False,0,367,359
train,mt_free_exp4_num_331207,E:\Data (Drive)\IUH\DL\GK\surface-defect-detection\data\images\train\mt_free_exp4_num_331207.png,False,0,360,358
train,mt_free_exp4_num_337703,E:\Data (Drive)\IUH\DL\GK\surface-defect-detection\data\images\train\mt_free_exp4_num_337703.png,False,0,490,374
train,mt_free_exp4_num_338897,E:\Data (Drive)\IUH\DL\GK\surface-defect-detection\data\images\train\mt_free_exp4_num_338897.png,False,0,487,372
train,mt_free_exp4_num_342904,E:\Data (Drive)\IUH\DL\GK\surface-defect-detection\data\images\train\mt_free_exp4_num_342904.png,False,0,498,370
train,mt_free_exp4_num_344591,E:\Data (Drive)\IUH\DL\GK\surface-defect-detection\data\images\train\mt_free_exp4_num_344591.png,False,0,504,363
train,mt_free_exp4_num_346361,E:\Data (Drive)\IUH\DL\GK\surface-defect-detection\data\images\train\mt_free_exp4_num_346361.png,False,0,508,380
train,mt_free_exp4_num_349868,E:\Data (Drive)\IUH\DL\GK\surface-defect-detection\data\images\train\mt_free_exp4_num_349868.png,False,0,489,371
train,mt_free_exp4_num_351088,E:\Data (Drive)\IUH\DL\GK\surface-defect-detection\data\images\train\mt_free_exp4_num_351088.png,False,0,492,359
train,mt_free_exp4_num_3554,E:\Data (Drive)\IUH\DL\GK\surface-defect-detection\data\images\train\mt_free_exp4_num_3554.png,False,0,122,271
train,mt_free_exp4_num_355680,E:\Data (Drive)\IUH\DL\GK\surface-defect-detection\data\images\train\mt_free_exp4_num_355680.png,False,0,481,382
train,mt_free_exp4_num_37071,E:\Data (Drive)\IUH\DL\GK\surface-defect-detection\data\images\train\mt_free_exp4_num_37071.png,False,0,121,278
train,mt_free_exp4_num_37571,E:\Data (Drive)\IUH\DL\GK\surface-defect-detection\data\images\train\mt_free_exp4_num_37571.png,False,0,124,280
train,mt_free_exp4_num_3846,E:\Data (Drive)\IUH\DL\GK\surface-defect-detection\data\images\train\mt_free_exp4_num_3846.png,False,0,126,281
train,mt_free_exp4_num_39469,E:\Data (Drive)\IUH\DL\GK\surface-defect-detection\data\images\train\mt_free_exp4_num_39469.png,False,0,121,284
train,mt_free_exp4_num_43865,E:\Data (Drive)\IUH\DL\GK\surface-defect-detection\data\images\train\mt_free_exp4_num_43865.png,False,0,530,316
train,mt_free_exp4_num_50428,E:\Data (Drive)\IUH\DL\GK\surface-defect-detection\data\images\train\mt_free_exp4_num_50428.png,False,0,521,314
train,mt_free_exp4_num_51125,E:\Data (Drive)\IUH\DL\GK\surface-defect-detection\data\images\train\mt_free_exp4_num_51125.png,False,0,526,315
train,mt_free_exp4_num_54165,E:\Data (Drive)\IUH\DL\GK\surface-defect-detection\data\images\train\mt_free_exp4_num_54165.png,False,0,531,312
train,mt_free_exp4_num_5959,E:\Data (Drive)\IUH\DL\GK\surface-defect-detection\data\images\train\mt_free_exp4_num_5959.png,False,0,524,335
train,mt_free_exp4_num_61351,E:\Data (Drive)\IUH\DL\GK\surface-defect-detection\data\images\train\mt_free_exp4_num_61351.png,False,0,123,286
train,mt_free_exp4_num_6552,E:\Data (Drive)\IUH\DL\GK\surface-defect-detection\data\images\train\mt_free_exp4_num_6552.png,False,0,506,370
train,mt_free_exp4_num_6586,E:\Data (Drive)\IUH\DL\GK\surface-defect-detection\data\images\train\mt_free_exp4_num_6586.png,False,0,119,282
train,mt_free_exp4_num_69864,E:\Data (Drive)\IUH\DL\GK\surface-defect-detection\data\images\train\mt_free_exp4_num_69864.png,False,0,125,281
train,mt_free_exp4_num_71245,E:\Data (Drive)\IUH\DL\GK\surface-defect-detection\data\images\train\mt_free_exp4_num_71245.png,False,0,129,284
train,mt_free_exp4_num_7911,E:\Data (Drive)\IUH\DL\GK\surface-defect-detection\data\images\train\mt_free_exp4_num_7911.png,False,0,123,289
train,mt_free_exp4_num_91034,E:\Data (Drive)\IUH\DL\GK\surface-defect-detection\data\images\train\mt_free_exp4_num_91034.png,False,0,617,248
train,mt_free_exp4_num_933,E:\Data (Drive)\IUH\DL\GK\surface-defect-detection\data\images\train\mt_free_exp4_num_933.png,False,0,245,292
train,mt_free_exp4_num_94954,E:\Data (Drive)\IUH\DL\GK\surface-defect-detection\data\images\train\mt_free_exp4_num_94954.png,False,0,611,252
train,mt_free_exp5_num_10250,E:\Data (Drive)\IUH\DL\GK\surface-defect-detection\data\images\train\mt_free_exp5_num_10250.png,False,0,513,373
train,mt_free_exp5_num_10714,E:\Data (Drive)\IUH\DL\GK\surface-defect-detection\data\images\train\mt_free_exp5_num_10714.png,False,0,506,338
train,mt_free_exp5_num_10969,E:\Data (Drive)\IUH\DL\GK\surface-defect-detection\data\images\train\mt_free_exp5_num_10969.png,False,0,500,352
train,mt_free_exp5_num_110188,E:\Data (Drive)\IUH\DL\GK\surface-defect-detection\data\images\train\mt_free_exp5_num_110188.png,False,0,606,253
train,mt_free_exp5_num_11325,E:\Data (Drive)\IUH\DL\GK\surface-defect-detection\data\images\train\mt_free_exp5_num_11325.png,False,0,495,358
train,mt_free_exp5_num_116324,E:\Data (Drive)\IUH\DL\GK\surface-defect-detection\data\images\train\mt_free_exp5_num_116324.png,False,0,599,255
train,mt_free_exp5_num_117030,E:\Data (Drive)\IUH\DL\GK\surface-defect-detection\data\images\train\mt_free_exp5_num_117030.png,False,0,609,275
train,mt_free_exp5_num_117033,E:\Data (Drive)\IUH\DL\GK\surface-defect-detection\data\images\train\mt_free_exp5_num_117033.png,False,0,303,307
train,mt_free_exp5_num_126370,E:\Data (Drive)\IUH\DL\GK\surface-defect-detection\data\images\train\mt_free_exp5_num_126370.png,False,0,303,352
train,mt_free_exp5_num_126855,E:\Data (Drive)\IUH\DL\GK\surface-defect-detection\data\images\train\mt_free_exp5_num_126855.png,False,0,313,347
train,mt_free_exp5_num_128134,E:\Data (Drive)\IUH\DL\GK\surface-defect-detection\data\images\train\mt_free_exp5_num_128134.png,False,0,321,337
train,mt_free_exp5_num_129678,E:\Data (Drive)\IUH\DL\GK\surface-defect-detection\data\images\train\mt_free_exp5_num_129678.png,False,0,260,372
train,mt_free_exp5_num_13636,E:\Data (Drive)\IUH\DL\GK\surface-defect-detection\data\images\train\mt_free_exp5_num_13636.png,False,0,513,340
train,mt_free_exp5_num_138694,E:\Data (Drive)\IUH\DL\GK\surface-defect-detection\data\images\train\mt_free_exp5_num_138694.png,False,0,609,251
train,mt_free_exp5_num_143282,E:\Data (Drive)\IUH\DL\GK\surface-defect-detection\data\images\train\mt_free_exp5_num_143282.png,False,0,599,254
train,mt_free_exp5_num_144247,E:\Data (Drive)\IUH\DL\GK\surface-defect-detection\data\images\train\mt_free_exp5_num_144247.png,False,0,613,246
train,mt_free_exp5_num_148007,E:\Data (Drive)\IUH\DL\GK\surface-defect-detection\data\images\train\mt_free_exp5_num_148007.png,False,0,599,245
train,mt_free_exp5_num_154637,E:\Data (Drive)\IUH\DL\GK\surface-defect-detection\data\images\train\mt_free_exp5_num_154637.png,False,0,205,314
train,mt_free_exp5_num_157271,E:\Data (Drive)\IUH\DL\GK\surface-defect-detection\data\images\train\mt_free_exp5_num_157271.png,False,0,193,316
train,mt_free_exp5_num_157829,E:\Data (Drive)\IUH\DL\GK\surface-defect-detection\data\images\train\mt_free_exp5_num_157829.png,False,0,190,320
train,mt_free_exp5_num_16596,E:\Data (Drive)\IUH\DL\GK\surface-defect-detection\data\images\train\mt_free_exp5_num_16596.png,False,0,535,329
train,mt_free_exp5_num_166258,E:\Data (Drive)\IUH\DL\GK\surface-defect-detection\data\images\train\mt_free_exp5_num_166258.png,False,0,195,316
train,mt_free_exp5_num_178016,E:\Data (Drive)\IUH\DL\GK\surface-defect-detection\data\images\train\mt_free_exp5_num_178016.png,False,0,183,303
train,mt_free_exp5_num_178566,E:\Data (Drive)\IUH\DL\GK\surface-defect-detection\data\images\train\mt_free_exp5_num_178566.png,False,0,195,313
train,mt_free_exp5_num_180926,E:\Data (Drive)\IUH\DL\GK\surface-defect-detection\data\images\train\mt_free_exp5_num_180926.png,False,0,190,324
train,mt_free_exp5_num_18227,E:\Data (Drive)\IUH\DL\GK\surface-defect-detection\data\images\train\mt_free_exp5_num_18227.png,False,0,518,330
train,mt_free_exp5_num_183890,E:\Data (Drive)\IUH\DL\GK\surface-defect-detection\data\images\train\mt_free_exp5_num_183890.png,False,0,190,320
train,mt_free_exp5_num_187612,E:\Data (Drive)\IUH\DL\GK\surface-defect-detection\data\images\train\mt_free_exp5_num_187612.png,False,0,189,334
train,mt_free_exp5_num_1903,E:\Data (Drive)\IUH\DL\GK\surface-defect-detection\data\images\train\mt_free_exp5_num_1903.png,False,0,244,275
train,mt_free_exp5_num_192233,E:\Data (Drive)\IUH\DL\GK\surface-defect-detection\data\images\train\mt_free_exp5_num_192233.png,False,0,198,324
train,mt_free_exp5_num_193164,E:\Data (Drive)\IUH\DL\GK\surface-defect-detection\data\images\train\mt_free_exp5_num_193164.png,False,0,192,319
train,mt_free_exp5_num_195717,E:\Data (Drive)\IUH\DL\GK\surface-defect-detection\data\images\train\mt_free_exp5_num_195717.png,False,0,192,327
train,mt_free_exp5_num_19790,E:\Data (Drive)\IUH\DL\GK\surface-defect-detection\data\images\train\mt_free_exp5_num_19790.png,False,0,522,323
train,mt_free_exp5_num_241403,E:\Data (Drive)\IUH\DL\GK\surface-defect-detection\data\images\train\mt_free_exp5_num_241403.png,False,0,222,272
train,mt_free_exp5_num_245817,E:\Data (Drive)\IUH\DL\GK\surface-defect-detection\data\images\train\mt_free_exp5_num_245817.png,False,0,220,244
train,mt_free_exp5_num_246375,E:\Data (Drive)\IUH\DL\GK\surface-defect-detection\data\images\train\mt_free_exp5_num_246375.png,False,0,228,271
train,mt_free_exp5_num_251519,E:\Data (Drive)\IUH\DL\GK\surface-defect-detection\data\images\train\mt_free_exp5_num_251519.png,False,0,222,257
train,mt_free_exp5_num_257273,E:\Data (Drive)\IUH\DL\GK\surface-defect-detection\data\images\train\mt_free_exp5_num_257273.png,False,0,210,268
train,mt_free_exp5_num_257962,E:\Data (Drive)\IUH\DL\GK\surface-defect-detection\data\images\train\mt_free_exp5_num_257962.png,False,0,248,344
train,mt_free_exp5_num_260989,E:\Data (Drive)\IUH\DL\GK\surface-defect-detection\data\images\train\mt_free_exp5_num_260989.png,False,0,226,270
train,mt_free_exp5_num_262018,E:\Data (Drive)\IUH\DL\GK\surface-defect-detection\data\images\train\mt_free_exp5_num_262018.png,False,0,221,270
train,mt_free_exp5_num_262271,E:\Data (Drive)\IUH\DL\GK\surface-defect-detection\data\images\train\mt_free_exp5_num_262271.png,False,0,270,377
train,mt_free_exp5_num_263887,E:\Data (Drive)\IUH\DL\GK\surface-defect-detection\data\images\train\mt_free_exp5_num_263887.png,False,0,264,373
train,mt_free_exp5_num_269152,E:\Data (Drive)\IUH\DL\GK\surface-defect-detection\data\images\train\mt_free_exp5_num_269152.png,False,0,226,282
train,mt_free_exp5_num_269697,E:\Data (Drive)\IUH\DL\GK\surface-defect-detection\data\images\train\mt_free_exp5_num_269697.png,False,0,218,264
train,mt_free_exp5_num_270623,E:\Data (Drive)\IUH\DL\GK\surface-defect-detection\data\images\train\mt_free_exp5_num_270623.png,False,0,245,339
train,mt_free_exp5_num_270847,E:\Data (Drive)\IUH\DL\GK\surface-defect-detection\data\images\train\mt_free_exp5_num_270847.png,False,0,219,275
train,mt_free_exp5_num_275434,E:\Data (Drive)\IUH\DL\GK\surface-defect-detection\data\images\train\mt_free_exp5_num_275434.png,False,0,265,375
train,mt_free_exp5_num_275722,E:\Data (Drive)\IUH\DL\GK\surface-defect-detection\data\images\train\mt_free_exp5_num_275722.png,False,0,269,374
train,mt_free_exp5_num_277059,E:\Data (Drive)\IUH\DL\GK\surface-defect-detection\data\images\train\mt_free_exp5_num_277059.png,False,0,263,366
train,mt_free_exp5_num_278628,E:\Data (Drive)\IUH\DL\GK\surface-defect-detection\data\images\train\mt_free_exp5_num_278628.png,False,0,264,366
train,mt_free_exp5_num_279145,E:\Data (Drive)\IUH\DL\GK\surface-defect-detection\data\images\train\mt_free_exp5_num_279145.png,False,0,269,376
train,mt_free_exp5_num_280271,E:\Data (Drive)\IUH\DL\GK\surface-defect-detection\data\images\train\mt_free_exp5_num_280271.png,False,0,254,353
train,mt_free_exp5_num_283254,E:\Data (Drive)\IUH\DL\GK\surface-defect-detection\data\images\train\mt_free_exp5_num_283254.png,False,0,258,323
train,mt_free_exp5_num_286294,E:\Data (Drive)\IUH\DL\GK\surface-defect-detection\data\images\train\mt_free_exp5_num_286294.png,False,0,296,352
train,mt_free_exp5_num_289653,E:\Data (Drive)\IUH\DL\GK\surface-defect-detection\data\images\train\mt_free_exp5_num_289653.png,False,0,306,344
train,mt_free_exp5_num_290107,E:\Data (Drive)\IUH\DL\GK\surface-defect-detection\data\images\train\mt_free_exp5_num_290107.png,False,0,308,358
train,mt_free_exp5_num_293317,E:\Data (Drive)\IUH\DL\GK\surface-defect-detection\data\images\train\mt_free_exp5_num_293317.png,False,0,306,342
train,mt_free_exp5_num_29537,E:\Data (Drive)\IUH\DL\GK\surface-defect-detection\data\images\train\mt_free_exp5_num_29537.png,False,0,537,323
train,mt_free_exp5_num_296701,E:\Data (Drive)\IUH\DL\GK\surface-defect-detection\data\images\train\mt_free_exp5_num_296701.png,False,0,312,353
train,mt_free_exp5_num_297341,E:\Data (Drive)\IUH\DL\GK\surface-defect-detection\data\images\train\mt_free_exp5_num_297341.png,False,0,317,342
train,mt_free_exp5_num_299793,E:\Data (Drive)\IUH\DL\GK\surface-defect-detection\data\images\train\mt_free_exp5_num_299793.png,False,0,219,264
train,mt_free_exp5_num_301547,E:\Data (Drive)\IUH\DL\GK\surface-defect-detection\data\images\train\mt_free_exp5_num_301547.png,False,0,377,369
train,mt_free_exp5_num_304340,E:\Data (Drive)\IUH\DL\GK\surface-defect-detection\data\images\train\mt_free_exp5_num_304340.png,False,0,323,331
train,mt_free_exp5_num_304927,E:\Data (Drive)\IUH\DL\GK\surface-defect-detection\data\images\train\mt_free_exp5_num_304927.png,False,0,216,271
train,mt_free_exp5_num_306480,E:\Data (Drive)\IUH\DL\GK\surface-defect-detection\data\images\train\mt_free_exp5_num_306480.png,False,0,214,268
train,mt_free_exp5_num_309407,E:\Data (Drive)\IUH\DL\GK\surface-defect-detection\data\images\train\mt_free_exp5_num_309407.png,False,0,366,356
train,mt_free_exp5_num_309704,E:\Data (Drive)\IUH\DL\GK\surface-defect-detection\data\images\train\mt_free_exp5_num_309704.png,False,0,223,271
train,mt_free_exp5_num_311371,E:\Data (Drive)\IUH\DL\GK\surface-defect-detection\data\images\train\mt_free_exp5_num_311371.png,False,0,202,265
train,mt_free_exp5_num_313892,E:\Data (Drive)\IUH\DL\GK\surface-defect-detection\data\images\train\mt_free_exp5_num_313892.png,False,0,260,355
train,mt_free_exp5_num_316749,E:\Data (Drive)\IUH\DL\GK\surface-defect-detection\data\images\train\mt_free_exp5_num_316749.png,False,0,344,372
train,mt_free_exp5_num_317612,E:\Data (Drive)\IUH\DL\GK\surface-defect-detection\data\images\train\mt_free_exp5_num_317612.png,False,0,375,352
train,mt_free_exp5_num_319370,E:\Data (Drive)\IUH\DL\GK\surface-defect-detection\data\images\train\mt_free_exp5_num_319370.png,False,0,370,368
train,mt_free_exp5_num_319483,E:\Data (Drive)\IUH\DL\GK\surface-defect-detection\data\images\train\mt_free_exp5_num_319483.png,False,0,229,284
train,mt_free_exp5_num_319758,E:\Data (Drive)\IUH\DL\GK\surface-defect-detection\data\images\train\mt_free_exp5_num_319758.png,False,0,347,367
train,mt_free_exp5_num_320853,E:\Data (Drive)\IUH\DL\GK\surface-defect-detection\data\images\train\mt_free_exp5_num_320853.png,False,0,359,354
train,mt_free_exp5_num_321489,E:\Data (Drive)\IUH\DL\GK\surface-defect-detection\data\images\train\mt_free_exp5_num_321489.png,False,0,370,367
train,mt_free_exp5_num_323381,E:\Data (Drive)\IUH\DL\GK\surface-defect-detection\data\images\train\mt_free_exp5_num_323381.png,False,0,226,270
train,mt_free_exp5_num_326642,E:\Data (Drive)\IUH\DL\GK\surface-defect-detection\data\images\train\mt_free_exp5_num_326642.png,False,0,370,348
train,mt_free_exp5_num_326973,E:\Data (Drive)\IUH\DL\GK\surface-defect-detection\data\images\train\mt_free_exp5_num_326973.png,False,0,352,370
train,mt_free_exp5_num_329283,E:\Data (Drive)\IUH\DL\GK\surface-defect-detection\data\images\train\mt_free_exp5_num_329283.png,False,0,372,362
train,mt_free_exp5_num_331230,E:\Data (Drive)\IUH\DL\GK\surface-defect-detection\data\images\train\mt_free_exp5_num_331230.png,False,0,360,368
train,mt_free_exp5_num_332745,E:\Data (Drive)\IUH\DL\GK\surface-defect-detection\data\images\train\mt_free_exp5_num_332745.png,False,0,291,348
train,mt_free_exp5_num_337720,E:\Data (Drive)\IUH\DL\GK\surface-defect-detection\data\images\train\mt_free_exp5_num_337720.png,False,0,481,376
train,mt_free_exp5_num_344604,E:\Data (Drive)\IUH\DL\GK\surface-defect-detection\data\images\train\mt_free_exp5_num_344604.png,False,0,490,383
train,mt_free_exp5_num_349891,E:\Data (Drive)\IUH\DL\GK\surface-defect-detection\data\images\train\mt_free_exp5_num_349891.png,False,0,488,373
train,mt_free_exp5_num_351099,E:\Data (Drive)\IUH\DL\GK\surface-defect-detection\data\images\train\mt_free_exp5_num_351099.png,False,0,490,355
train,mt_free_exp5_num_355692,E:\Data (Drive)\IUH\DL\GK\surface-defect-detection\data\images\train\mt_free_exp5_num_355692.png,False,0,485,380
train,mt_free_exp5_num_359512,E:\Data (Drive)\IUH\DL\GK\surface-defect-detection\data\images\train\mt_free_exp5_num_359512.png,False,0,512,377
train,mt_free_exp5_num_37084,E:\Data (Drive)\IUH\DL\GK\surface-defect-detection\data\images\train\mt_free_exp5_num_37084.png,False,0,123,275
train,mt_free_exp5_num_3899,E:\Data (Drive)\IUH\DL\GK\surface-defect-detection\data\images\train\mt_free_exp5_num_3899.png,False,0,121,282
train,mt_free_exp5_num_39497,E:\Data (Drive)\IUH\DL\GK\surface-defect-detection\data\images\train\mt_free_exp5_num_39497.png,False,0,135,291
train,mt_free_exp5_num_43878,E:\Data (Drive)\IUH\DL\GK\surface-defect-detection\data\images\train\mt_free_exp5_num_43878.png,False,0,520,341
train,mt_free_exp5_num_51139,E:\Data (Drive)\IUH\DL\GK\surface-defect-detection\data\images\train\mt_free_exp5_num_51139.png,False,0,528,314
train,mt_free_exp5_num_52740,E:\Data (Drive)\IUH\DL\GK\surface-defect-detection\data\images\train\mt_free_exp5_num_52740.png,False,0,124,287
train,mt_free_exp5_num_53060,E:\Data (Drive)\IUH\DL\GK\surface-defect-detection\data\images\train\mt_free_exp5_num_53060.png,False,0,517,334
train,mt_free_exp5_num_54191,E:\Data (Drive)\IUH\DL\GK\surface-defect-detection\data\images\train\mt_free_exp5_num_54191.png,False,0,532,327
train,mt_free_exp5_num_54978,E:\Data (Drive)\IUH\DL\GK\surface-defect-detection\data\images\train\mt_free_exp5_num_54978.png,False,0,129,290
train,mt_free_exp5_num_65054,E:\Data (Drive)\IUH\DL\GK\surface-defect-detection\data\images\train\mt_free_exp5_num_65054.png,False,0,523,334
train,mt_free_exp5_num_6566,E:\Data (Drive)\IUH\DL\GK\surface-defect-detection\data\images\train\mt_free_exp5_num_6566.png,False,0,507,377
train,mt_free_exp5_num_6605,E:\Data (Drive)\IUH\DL\GK\surface-defect-detection\data\images\train\mt_free_exp5_num_6605.png,False,0,128,289
train,mt_free_exp5_num_68428,E:\Data (Drive)\IUH\DL\GK\surface-defect-detection\data\images\train\mt_free_exp5_num_68428.png,False,0,128,294
train,mt_free_exp5_num_69885,E:\Data (Drive)\IUH\DL\GK\surface-defect-detection\data\images\train\mt_free_exp5_num_69885.png,False,0,129,277
train,mt_free_exp5_num_70558,E:\Data (Drive)\IUH\DL\GK\surface-defect-detection\data\images\train\mt_free_exp5_num_70558.png,False,0,124,279
train,mt_free_exp5_num_71267,E:\Data (Drive)\IUH\DL\GK\surface-defect-detection\data\images\train\mt_free_exp5_num_71267.png,False,0,124,282
train,mt_free_exp5_num_75157,E:\Data (Drive)\IUH\DL\GK\surface-defect-detection\data\images\train\mt_free_exp5_num_75157.png,False,0,602,260
train,mt_free_exp5_num_8676,E:\Data (Drive)\IUH\DL\GK\surface-defect-detection\data\images\train\mt_free_exp5_num_8676.png,False,0,527,342
train,mt_free_exp5_num_91072,E:\Data (Drive)\IUH\DL\GK\surface-defect-detection\data\images\train\mt_free_exp5_num_91072.png,False,0,602,258
train,mt_free_exp5_num_94986,E:\Data (Drive)\IUH\DL\GK\surface-defect-detection\data\images\train\mt_free_exp5_num_94986.png,False,0,614,252
train,mt_free_exp5_num_964,E:\Data (Drive)\IUH\DL\GK\surface-defect-detection\data\images\train\mt_free_exp5_num_964.png,False,0,250,291
train,mt_free_exp6_num_10280,E:\Data (Drive)\IUH\DL\GK\surface-defect-detection\data\images\train\mt_free_exp6_num_10280.png,False,0,508,374
train,mt_free_exp6_num_10790,E:\Data (Drive)\IUH\DL\GK\surface-defect-detection\data\images\train\mt_free_exp6_num_10790.png,False,0,523,347
train,mt_free_exp6_num_110224,E:\Data (Drive)\IUH\DL\GK\surface-defect-detection\data\images\train\mt_free_exp6_num_110224.png,False,0,618,261
train,mt_free_exp6_num_114490,E:\Data (Drive)\IUH\DL\GK\surface-defect-detection\data\images\train\mt_free_exp6_num_114490.png,False,0,258,371
train,mt_free_exp6_num_117068,E:\Data (Drive)\IUH\DL\GK\surface-defect-detection\data\images\train\mt_free_exp6_num_117068.png,False,0,302,330
train,mt_free_exp6_num_126888,E:\Data (Drive)\IUH\DL\GK\surface-defect-detection\data\images\train\mt_free_exp6_num_126888.png,False,0,313,336
train,mt_free_exp6_num_128176,E:\Data (Drive)\IUH\DL\GK\surface-defect-detection\data\images\train\mt_free_exp6_num_128176.png,False,0,313,339
train,mt_free_exp6_num_129718,E:\Data (Drive)\IUH\DL\GK\surface-defect-detection\data\images\train\mt_free_exp6_num_129718.png,False,0,266,362
train,mt_free_exp6_num_13689,E:\Data (Drive)\IUH\DL\GK\surface-defect-detection\data\images\train\mt_free_exp6_num_13689.png,False,0,520,342
train,mt_free_exp6_num_138723,E:\Data (Drive)\IUH\DL\GK\surface-defect-detection\data\images\train\mt_free_exp6_num_138723.png,False,0,610,254
train,mt_free_exp6_num_144276,E:\Data (Drive)\IUH\DL\GK\surface-defect-detection\data\images\train\mt_free_exp6_num_144276.png,False,0,605,245
train,mt_free_exp6_num_154721,E:\Data (Drive)\IUH\DL\GK\surface-defect-detection\data\images\train\mt_free_exp6_num_154721.png,False,0,190,314
train,mt_free_exp6_num_157298,E:\Data (Drive)\IUH\DL\GK\surface-defect-detection\data\images\train\mt_free_exp6_num_157298.png,False,0,191,319
train,mt_free_exp6_num_165523,E:\Data (Drive)\IUH\DL\GK\surface-defect-detection\data\images\train\mt_free_exp6_num_165523.png,False,0,201,322
train,mt_free_exp6_num_16624,E:\Data (Drive)\IUH\DL\GK\surface-defect-detection\data\images\train\mt_free_exp6_num_16624.png,False,0,524,330
train,mt_free_exp6_num_166278,E:\Data (Drive)\IUH\DL\GK\surface-defect-detection\data\images\train\mt_free_exp6_num_166278.png,False,0,183,330
train,mt_free_exp6_num_174804,E:\Data (Drive)\IUH\DL\GK\surface-defect-detection\data\images\train\mt_free_exp6_num_174804.png,False,0,193,318
train,mt_free_exp6_num_178058,E:\Data (Drive)\IUH\DL\GK\surface-defect-detection\data\images\train\mt_free_exp6_num_178058.png,False,0,194,316
train,mt_free_exp6_num_178602,E:\Data (Drive)\IUH\DL\GK\surface-defect-detection\data\images\train\mt_free_exp6_num_178602.png,False,0,195,322
train,mt_free_exp6_num_180428,E:\Data (Drive)\IUH\DL\GK\surface-defect-detection\data\images\train\mt_free_exp6_num_180428.png,False,0,194,334
train,mt_free_exp6_num_180965,E:\Data (Drive)\IUH\DL\GK\surface-defect-detection\data\images\train\mt_free_exp6_num_180965.png,False,0,190,328
train,mt_free_exp6_num_187701,E:\Data (Drive)\IUH\DL\GK\surface-defect-detection\data\images\train\mt_free_exp6_num_187701.png,False,0,193,324
train,mt_free_exp6_num_192263,E:\Data (Drive)\IUH\DL\GK\surface-defect-detection\data\images\train\mt_free_exp6_num_192263.png,False,0,198,322
train,mt_free_exp6_num_195761,E:\Data (Drive)\IUH\DL\GK\surface-defect-detection\data\images\train\mt_free_exp6_num_195761.png,False,0,188,323
train,mt_free_exp6_num_1965,E:\Data (Drive)\IUH\DL\GK\surface-defect-detection\data\images\train\mt_free_exp6_num_1965.png,False,0,242,270
train,mt_free_exp6_num_241417,E:\Data (Drive)\IUH\DL\GK\surface-defect-detection\data\images\train\mt_free_exp6_num_241417.png,False,0,223,274
train,mt_free_exp6_num_245834,E:\Data (Drive)\IUH\DL\GK\surface-defect-detection\data\images\train\mt_free_exp6_num_245834.png,False,0,208,271
train,mt_free_exp6_num_246442,E:\Data (Drive)\IUH\DL\GK\surface-defect-detection\data\images\train\mt_free_exp6_num_246442.png,False,0,221,279
train,mt_free_exp6_num_251550,E:\Data (Drive)\IUH\DL\GK\surface-defect-detection\data\images\train\mt_free_exp6_num_251550.png,False,0,218,265
train,mt_free_exp6_num_257334,E:\Data (Drive)\IUH\DL\GK\surface-defect-detection\data\images\train\mt_free_exp6_num_257334.png,False,0,223,276
train,mt_free_exp6_num_260572,E:\Data (Drive)\IUH\DL\GK\surface-defect-detection\data\images\train\mt_free_exp6_num_260572.png,False,0,213,273
train,mt_free_exp6_num_261003,E:\Data (Drive)\IUH\DL\GK\surface-defect-detection\data\images\train\mt_free_exp6_num_261003.png,False,0,220,274
train,mt_free_exp6_num_262294,E:\Data (Drive)\IUH\DL\GK\surface-defect-detection\data\images\train\mt_free_exp6_num_262294.png,False,0,267,380
train,mt_free_exp6_num_264283,E:\Data (Drive)\IUH\DL\GK\surface-defect-detection\data\images\train\mt_free_exp6_num_264283.png,False,0,260,369
train,mt_free_exp6_num_266888,E:\Data (Drive)\IUH\DL\GK\surface-defect-detection\data\images\train\mt_free_exp6_num_266888.png,False,0,212,269
train,mt_free_exp6_num_269180,E:\Data (Drive)\IUH\DL\GK\surface-defect-detection\data\images\train\mt_free_exp6_num_269180.png,False,0,221,275
train,mt_free_exp6_num_269733,E:\Data (Drive)\IUH\DL\GK\surface-defect-detection\data\images\train\mt_free_exp6_num_269733.png,False,0,210,271
train,mt_free_exp6_num_270665,E:\Data (Drive)\IUH\DL\GK\surface-defect-detection\data\images\train\mt_free_exp6_num_270665.png,False,0,263,336
train,mt_free_exp6_num_275466,E:\Data (Drive)\IUH\DL\GK\surface-defect-detection\data\images\train\mt_free_exp6_num_275466.png,False,0,265,380
train,mt_free_exp6_num_275757,E:\Data (Drive)\IUH\DL\GK\surface-defect-detection\data\images\train\mt_free_exp6_num_275757.png,False,0,266,385
train,mt_free_exp6_num_279178,E:\Data (Drive)\IUH\DL\GK\surface-defect-detection\data\images\train\mt_free_exp6_num_279178.png,False,0,270,382
train,mt_free_exp6_num_280303,E:\Data (Drive)\IUH\DL\GK\surface-defect-detection\data\images\train\mt_free_exp6_num_280303.png,False,0,249,348
train,mt_free_exp6_num_282965,E:\Data (Drive)\IUH\DL\GK\surface-defect-detection\data\images\train\mt_free_exp6_num_282965.png,False,0,251,350
train,mt_free_exp6_num_283465,E:\Data (Drive)\IUH\DL\GK\surface-defect-detection\data\images\train\mt_free_exp6_num_283465.png,False,0,272,324
train,mt_free_exp6_num_289705,E:\Data (Drive)\IUH\DL\GK\surface-defect-detection\data\images\train\mt_free_exp6_num_289705.png,False,0,304,319
train,mt_free_exp6_num_290165,E:\Data (Drive)\IUH\DL\GK\surface-defect-detection\data\images\train\mt_free_exp6_num_290165.png,False,0,322,332
train,mt_free_exp6_num_292199,E:\Data (Drive)\IUH\DL\GK\surface-defect-detection\data\images\train\mt_free_exp6_num_292199.png,False,0,297,332
train,mt_free_exp6_num_293912,E:\Data (Drive)\IUH\DL\GK\surface-defect-detection\data\images\train\mt_free_exp6_num_293912.png,False,0,322,336
train,mt_free_exp6_num_296754,E:\Data (Drive)\IUH\DL\GK\surface-defect-detection\data\images\train\mt_free_exp6_num_296754.png,False,0,297,348
train,mt_free_exp6_num_297388,E:\Data (Drive)\IUH\DL\GK\surface-defect-detection\data\images\train\mt_free_exp6_num_297388.png,False,0,309,343
train,mt_free_exp6_num_299824,E:\Data (Drive)\IUH\DL\GK\surface-defect-detection\data\images\train\mt_free_exp6_num_299824.png,False,0,213,260
train,mt_free_exp6_num_301599,E:\Data (Drive)\IUH\DL\GK\surface-defect-detection\data\images\train\mt_free_exp6_num_301599.png,False,0,366,357
train,mt_free_exp6_num_304811,E:\Data (Drive)\IUH\DL\GK\surface-defect-detection\data\images\train\mt_free_exp6_num_304811.png,False,0,314,300
train,mt_free_exp6_num_304958,E:\Data (Drive)\IUH\DL\GK\surface-defect-detection\data\images\train\mt_free_exp6_num_304958.png,False,0,212,272
train,mt_free_exp6_num_308897,E:\Data (Drive)\IUH\DL\GK\surface-defect-detection\data\images\train\mt_free_exp6_num_308897.png,False,0,367,356
train,mt_free_exp6_num_309443,E:\Data (Drive)\IUH\DL\GK\surface-defect-detection\data\images\train\mt_free_exp6_num_309443.png,False,0,359,360
train,mt_free_exp6_num_309719,E:\Data (Drive)\IUH\DL\GK\surface-defect-detection\data\images\train\mt_free_exp6_num_309719.png,False,0,216,266
train,mt_free_exp6_num_311392,E:\Data (Drive)\IUH\DL\GK\surface-defect-detection\data\images\train\mt_free_exp6_num_311392.png,False,0,205,268
train,mt_free_exp6_num_315056,E:\Data (Drive)\IUH\DL\GK\surface-defect-detection\data\images\train\mt_free_exp6_num_315056.png,False,0,215,268
train,mt_free_exp6_num_316396,E:\Data (Drive)\IUH\DL\GK\surface-defect-detection\data\images\train\mt_free_exp6_num_316396.png,False,0,375,351
train,mt_free_exp6_num_316778,E:\Data (Drive)\IUH\DL\GK\surface-defect-detection\data\images\train\mt_free_exp6_num_316778.png,False,0,345,371
train,mt_free_exp6_num_317640,E:\Data (Drive)\IUH\DL\GK\surface-defect-detection\data\images\train\mt_free_exp6_num_317640.png,False,0,374,347
train,mt_free_exp6_num_317978,E:\Data (Drive)\IUH\DL\GK\surface-defect-detection\data\images\train\mt_free_exp6_num_317978.png,False,0,353,357
train,mt_free_exp6_num_320546,E:\Data (Drive)\IUH\DL\GK\surface-defect-detection\data\images\train\mt_free_exp6_num_320546.png,False,0,361,365
train,mt_free_exp6_num_321501,E:\Data (Drive)\IUH\DL\GK\surface-defect-detection\data\images\train\mt_free_exp6_num_321501.png,False,0,375,367
train,mt_free_exp6_num_323405,E:\Data (Drive)\IUH\DL\GK\surface-defect-detection\data\images\train\mt_free_exp6_num_323405.png,False,0,218,275
train,mt_free_exp6_num_326679,E:\Data (Drive)\IUH\DL\GK\surface-defect-detection\data\images\train\mt_free_exp6_num_326679.png,False,0,370,361
train,mt_free_exp6_num_329323,E:\Data (Drive)\IUH\DL\GK\surface-defect-detection\data\images\train\mt_free_exp6_num_329323.png,False,0,368,363
train,mt_free_exp6_num_332013,E:\Data (Drive)\IUH\DL\GK\surface-defect-detection\data\images\train\mt_free_exp6_num_332013.png,False,0,358,348
train,mt_free_exp6_num_332792,E:\Data (Drive)\IUH\DL\GK\surface-defect-detection\data\images\train\mt_free_exp6_num_332792.png,False,0,302,341
train,mt_free_exp6_num_338952,E:\Data (Drive)\IUH\DL\GK\surface-defect-detection\data\images\train\mt_free_exp6_num_338952.png,False,0,492,372
train,mt_free_exp6_num_34208,E:\Data (Drive)\IUH\DL\GK\surface-defect-detection\data\images\train\mt_free_exp6_num_34208.png,False,0,521,325
train,mt_free_exp6_num_351127,E:\Data (Drive)\IUH\DL\GK\surface-defect-detection\data\images\train\mt_free_exp6_num_351127.png,False,0,487,355
train,mt_free_exp6_num_351520,E:\Data (Drive)\IUH\DL\GK\surface-defect-detection\data\images\train\mt_free_exp6_num_351520.png,False,0,510,361
train,mt_free_exp6_num_355732,E:\Data (Drive)\IUH\DL\GK\surface-defect-detection\data\images\train\mt_free_exp6_num_355732.png,False,0,486,387
train,mt_free_exp6_num_358179,E:\Data (Drive)\IUH\DL\GK\surface-defect-detection\data\images\train\mt_free_exp6_num_358179.png,False,0,484,382
train,mt_free_exp6_num_359029,E:\Data (Drive)\IUH\DL\GK\surface-defect-detection\data\images\train\mt_free_exp6_num_359029.png,False,0,488,371
train,mt_free_exp6_num_3620,E:\Data (Drive)\IUH\DL\GK\surface-defect-detection\data\images\train\mt_free_exp6_num_3620.png,False,0,125,276
train,mt_free_exp6_num_37098,E:\Data (Drive)\IUH\DL\GK\surface-defect-detection\data\images\train\mt_free_exp6_num_37098.png,False,0,127,284
train,mt_free_exp6_num_37675,E:\Data (Drive)\IUH\DL\GK\surface-defect-detection\data\images\train\mt_free_exp6_num_37675.png,False,0,120,283
train,mt_free_exp6_num_3981,E:\Data (Drive)\IUH\DL\GK\surface-defect-detection\data\images\train\mt_free_exp6_num_3981.png,False,0,127,274
train,mt_free_exp6_num_52784,E:\Data (Drive)\IUH\DL\GK\surface-defect-detection\data\images\train\mt_free_exp6_num_52784.png,False,0,124,292
train,mt_free_exp6_num_53080,E:\Data (Drive)\IUH\DL\GK\surface-defect-detection\data\images\train\mt_free_exp6_num_53080.png,False,0,526,334
train,mt_free_exp6_num_54271,E:\Data (Drive)\IUH\DL\GK\surface-defect-detection\data\images\train\mt_free_exp6_num_54271.png,False,0,533,322
train,mt_free_exp6_num_55020,E:\Data (Drive)\IUH\DL\GK\surface-defect-detection\data\images\train\mt_free_exp6_num_55020.png,False,0,137,289
train,mt_free_exp6_num_61501,E:\Data (Drive)\IUH\DL\GK\surface-defect-detection\data\images\train\mt_free_exp6_num_61501.png,False,0,131,287
train,mt_free_exp6_num_6600,E:\Data (Drive)\IUH\DL\GK\surface-defect-detection\data\images\train\mt_free_exp6_num_6600.png,False,0,507,376
train,mt_free_exp6_num_6634,E:\Data (Drive)\IUH\DL\GK\surface-defect-detection\data\images\train\mt_free_exp6_num_6634.png,False,0,128,288
train,mt_free_exp6_num_68465,E:\Data (Drive)\IUH\DL\GK\surface-defect-detection\data\images\train\mt_free_exp6_num_68465.png,False,0,128,285
train,mt_free_exp6_num_69923,E:\Data (Drive)\IUH\DL\GK\surface-defect-detection\data\images\train\mt_free_exp6_num_69923.png,False,0,131,277
train,mt_free_exp6_num_70585,E:\Data (Drive)\IUH\DL\GK\surface-defect-detection\data\images\train\mt_free_exp6_num_70585.png,False,0,126,285
train,mt_free_exp6_num_8015,E:\Data (Drive)\IUH\DL\GK\surface-defect-detection\data\images\train\mt_free_exp6_num_8015.png,False,0,123,286
train,mt_free_exp6_num_91131,E:\Data (Drive)\IUH\DL\GK\surface-defect-detection\data\images\train\mt_free_exp6_num_91131.png,False,0,606,248
train,mt_free_exp6_num_95059,E:\Data (Drive)\IUH\DL\GK\surface-defect-detection\data\images\train\mt_free_exp6_num_95059.png,False,0,614,248
train,mt_uneven_exp1_num_124236,E:\Data (Drive)\IUH\DL\GK\surface-defect-detection\data\images\train\mt_uneven_exp1_num_124236.png,True,1,594,238
train,mt_uneven_exp1_num_124236_aug1,E:\Data (Drive)\IUH\DL\GK\surface-defect-detection\data\images\train\mt_uneven_exp1_num_124236_aug1.png,True,1,594,238
train,mt_uneven_exp1_num_124236_aug2,E:\Data (Drive)\IUH\DL\GK\surface-defect-detection\data\images\train\mt_uneven_exp1_num_124236_aug2.png,True,1,594,238
train,mt_uneven_exp1_num_139798,E:\Data (Drive)\IUH\DL\GK\surface-defect-detection\data\images\train\mt_uneven_exp1_num_139798.png,True,1,594,243
train,mt_uneven_exp1_num_139798_aug1,E:\Data (Drive)\IUH\DL\GK\surface-defect-detection\data\images\train\mt_uneven_exp1_num_139798_aug1.png,True,1,594,243
train,mt_uneven_exp1_num_139798_aug2,E:\Data (Drive)\IUH\DL\GK\surface-defect-detection\data\images\train\mt_uneven_exp1_num_139798_aug2.png,True,1,594,243
train,mt_uneven_exp1_num_155300,E:\Data (Drive)\IUH\DL\GK\surface-defect-detection\data\images\train\mt_uneven_exp1_num_155300.png,True,1,181,299
train,mt_uneven_exp1_num_155300_aug1,E:\Data (Drive)\IUH\DL\GK\surface-defect-detection\data\images\train\mt_uneven_exp1_num_155300_aug1.png,True,1,181,299
train,mt_uneven_exp1_num_155300_aug2,E:\Data (Drive)\IUH\DL\GK\surface-defect-detection\data\images\train\mt_uneven_exp1_num_155300_aug2.png,True,1,181,299
train,mt_uneven_exp1_num_172241,E:\Data (Drive)\IUH\DL\GK\surface-defect-detection\data\images\train\mt_uneven_exp1_num_172241.png,True,1,166,322
train,mt_uneven_exp1_num_172241_aug1,E:\Data (Drive)\IUH\DL\GK\surface-defect-detection\data\images\train\mt_uneven_exp1_num_172241_aug1.png,True,1,166,322
train,mt_uneven_exp1_num_172241_aug2,E:\Data (Drive)\IUH\DL\GK\surface-defect-detection\data\images\train\mt_uneven_exp1_num_172241_aug2.png,True,1,166,322
train,mt_uneven_exp1_num_186826,E:\Data (Drive)\IUH\DL\GK\surface-defect-detection\data\images\train\mt_uneven_exp1_num_186826.png,True,1,190,312
train,mt_uneven_exp1_num_186826_aug1,E:\Data (Drive)\IUH\DL\GK\surface-defect-detection\data\images\train\mt_uneven_exp1_num_186826_aug1.png,True,1,190,312
train,mt_uneven_exp1_num_186826_aug2,E:\Data (Drive)\IUH\DL\GK\surface-defect-detection\data\images\train\mt_uneven_exp1_num_186826_aug2.png,True,1,190,312
train,mt_uneven_exp1_num_24793,E:\Data (Drive)\IUH\DL\GK\surface-defect-detection\data\images\train\mt_uneven_exp1_num_24793.png,True,1,511,327
train,mt_uneven_exp1_num_24793_aug1,E:\Data (Drive)\IUH\DL\GK\surface-defect-detection\data\images\train\mt_uneven_exp1_num_24793_aug1.png,True,1,511,327
train,mt_uneven_exp1_num_24793_aug2,E:\Data (Drive)\IUH\DL\GK\surface-defect-detection\data\images\train\mt_uneven_exp1_num_24793_aug2.png,True,1,511,327
train,mt_uneven_exp1_num_270128,E:\Data (Drive)\IUH\DL\GK\surface-defect-detection\data\images\train\mt_uneven_exp1_num_270128.png,True,1,245,359
train,mt_uneven_exp1_num_270128_aug1,E:\Data (Drive)\IUH\DL\GK\surface-defect-detection\data\images\train\mt_uneven_exp1_num_270128_aug1.png,True,1,245,359
train,mt_uneven_exp1_num_270128_aug2,E:\Data (Drive)\IUH\DL\GK\surface-defect-detection\data\images\train\mt_uneven_exp1_num_270128_aug2.png,True,1,245,359
train,mt_uneven_exp1_num_274094,E:\Data (Drive)\IUH\DL\GK\surface-defect-detection\data\images\train\mt_uneven_exp1_num_274094.png,True,1,214,270
train,mt_uneven_exp1_num_274094_aug1,E:\Data (Drive)\IUH\DL\GK\surface-defect-detection\data\images\train\mt_uneven_exp1_num_274094_aug1.png,True,1,214,270
train,mt_uneven_exp1_num_274094_aug2,E:\Data (Drive)\IUH\DL\GK\surface-defect-detection\data\images\train\mt_uneven_exp1_num_274094_aug2.png,True,1,214,270
train,mt_uneven_exp1_num_311809,E:\Data (Drive)\IUH\DL\GK\surface-defect-detection\data\images\train\mt_uneven_exp1_num_311809.png,True,1,224,280
train,mt_uneven_exp1_num_311809_aug1,E:\Data (Drive)\IUH\DL\GK\surface-defect-detection\data\images\train\mt_uneven_exp1_num_311809_aug1.png,True,1,224,280
train,mt_uneven_exp1_num_311809_aug2,E:\Data (Drive)\IUH\DL\GK\surface-defect-detection\data\images\train\mt_uneven_exp1_num_311809_aug2.png,True,1,224,280
train,mt_uneven_exp1_num_33365,E:\Data (Drive)\IUH\DL\GK\surface-defect-detection\data\images\train\mt_uneven_exp1_num_33365.png,True,1,520,313
train,mt_uneven_exp1_num_33365_aug1,E:\Data (Drive)\IUH\DL\GK\surface-defect-detection\data\images\train\mt_uneven_exp1_num_33365_aug1.png,True,1,520,313
train,mt_uneven_exp1_num_33365_aug2,E:\Data (Drive)\IUH\DL\GK\surface-defect-detection\data\images\train\mt_uneven_exp1_num_33365_aug2.png,True,1,520,313
train,mt_uneven_exp1_num_45007,E:\Data (Drive)\IUH\DL\GK\surface-defect-detection\data\images\train\mt_uneven_exp1_num_45007.png,True,1,507,334
train,mt_uneven_exp1_num_45007_aug1,E:\Data (Drive)\IUH\DL\GK\surface-defect-detection\data\images\train\mt_uneven_exp1_num_45007_aug1.png,True,1,507,334
train,mt_uneven_exp1_num_45007_aug2,E:\Data (Drive)\IUH\DL\GK\surface-defect-detection\data\images\train\mt_uneven_exp1_num_45007_aug2.png,True,1,507,334
train,mt_uneven_exp2_num_109256,E:\Data (Drive)\IUH\DL\GK\surface-defect-detection\data\images\train\mt_uneven_exp2_num_109256.png,True,1,607,257
train,mt_uneven_exp2_num_109256_aug1,E:\Data (Drive)\IUH\DL\GK\surface-defect-detection\data\images\train\mt_uneven_exp2_num_109256_aug1.png,True,1,607,257
train,mt_uneven_exp2_num_109256_aug2,E:\Data (Drive)\IUH\DL\GK\surface-defect-detection\data\images\train\mt_uneven_exp2_num_109256_aug2.png,True,1,607,257
train,mt_uneven_exp2_num_124592,E:\Data (Drive)\IUH\DL\GK\surface-defect-detection\data\images\train\mt_uneven_exp2_num_124592.png,True,1,586,246
train,mt_uneven_exp2_num_124592_aug1,E:\Data (Drive)\IUH\DL\GK\surface-defect-detection\data\images\train\mt_uneven_exp2_num_124592_aug1.png,True,1,586,246
train,mt_uneven_exp2_num_124592_aug2,E:\Data (Drive)\IUH\DL\GK\surface-defect-detection\data\images\train\mt_uneven_exp2_num_124592_aug2.png,True,1,586,246
train,mt_uneven_exp2_num_129056,E:\Data (Drive)\IUH\DL\GK\surface-defect-detection\data\images\train\mt_uneven_exp2_num_129056.png,True,1,244,354
train,mt_uneven_exp2_num_129056_aug1,E:\Data (Drive)\IUH\DL\GK\surface-defect-detection\data\images\train\mt_uneven_exp2_num_129056_aug1.png,True,1,244,354
train,mt_uneven_exp2_num_129056_aug2,E:\Data (Drive)\IUH\DL\GK\surface-defect-detection\data\images\train\mt_uneven_exp2_num_129056_aug2.png,True,1,244,354
train,mt_uneven_exp2_num_139820,E:\Data (Drive)\IUH\DL\GK\surface-defect-detection\data\images\train\mt_uneven_exp2_num_139820.png,True,1,604,239
train,mt_uneven_exp2_num_139820_aug1,E:\Data (Drive)\IUH\DL\GK\surface-defect-detection\data\images\train\mt_uneven_exp2_num_139820_aug1.png,True,1,604,239
train,mt_uneven_exp2_num_139820_aug2,E:\Data (Drive)\IUH\DL\GK\surface-defect-detection\data\images\train\mt_uneven_exp2_num_139820_aug2.png,True,1,604,239
train,mt_uneven_exp2_num_186858,E:\Data (Drive)\IUH\DL\GK\surface-defect-detection\data\images\train\mt_uneven_exp2_num_186858.png,True,2,194,311
train,mt_uneven_exp2_num_186858_aug1,E:\Data (Drive)\IUH\DL\GK\surface-defect-detection\data\images\train\mt_uneven_exp2_num_186858_aug1.png,True,2,194,311
train,mt_uneven_exp2_num_186858_aug2,E:\Data (Drive)\IUH\DL\GK\surface-defect-detection\data\images\train\mt_uneven_exp2_num_186858_aug2.png,True,2,194,311
train,mt_uneven_exp2_num_24815,E:\Data (Drive)\IUH\DL\GK\surface-defect-detection\data\images\train\mt_uneven_exp2_num_24815.png,True,2,506,328
train,mt_uneven_exp2_num_24815_aug1,E:\Data (Drive)\IUH\DL\GK\surface-defect-detection\data\images\train\mt_uneven_exp2_num_24815_aug1.png,True,2,506,328
train,mt_uneven_exp2_num_24815_aug2,E:\Data (Drive)\IUH\DL\GK\surface-defect-detection\data\images\train\mt_uneven_exp2_num_24815_aug2.png,True,2,506,328
train,mt_uneven_exp2_num_270153,E:\Data (Drive)\IUH\DL\GK\surface-defect-detection\data\images\train\mt_uneven_exp2_num_270153.png,True,2,248,355
train,mt_uneven_exp2_num_270153_aug1,E:\Data (Drive)\IUH\DL\GK\surface-defect-detection\data\images\train\mt_uneven_exp2_num_270153_aug1.png,True,2,248,355
train,mt_uneven_exp2_num_270153_aug2,E:\Data (Drive)\IUH\DL\GK\surface-defect-detection\data\images\train\mt_uneven_exp2_num_270153_aug2.png,True,2,248,355
train,mt_uneven_exp2_num_28359,E:\Data (Drive)\IUH\DL\GK\surface-defect-detection\data\images\train\mt_uneven_exp2_num_28359.png,True,1,511,332
train,mt_uneven_exp2_num_28359_aug1,E:\Data (Drive)\IUH\DL\GK\surface-defect-detection\data\images\train\mt_uneven_exp2_num_28359_aug1.png,True,1,511,332
train,mt_uneven_exp2_num_28359_aug2,E:\Data (Drive)\IUH\DL\GK\surface-defect-detection\data\images\train\mt_uneven_exp2_num_28359_aug2.png,True,1,511,332
train,mt_uneven_exp2_num_311834,E:\Data (Drive)\IUH\DL\GK\surface-defect-detection\data\images\train\mt_uneven_exp2_num_311834.png,True,1,219,279
train,mt_uneven_exp2_num_311834_aug1,E:\Data (Drive)\IUH\DL\GK\surface-defect-detection\data\images\train\mt_uneven_exp2_num_311834_aug1.png,True,1,219,279
train,mt_uneven_exp2_num_311834_aug2,E:\Data (Drive)\IUH\DL\GK\surface-defect-detection\data\images\train\mt_uneven_exp2_num_311834_aug2.png,True,1,219,279
train,mt_uneven_exp2_num_313494,E:\Data (Drive)\IUH\DL\GK\surface-defect-detection\data\images\train\mt_uneven_exp2_num_313494.png,True,1,249,343
train,mt_uneven_exp2_num_313494_aug1,E:\Data (Drive)\IUH\DL\GK\surface-defect-detection\data\images\train\mt_uneven_exp2_num_313494_aug1.png,True,1,249,343
train,mt_uneven_exp2_num_313494_aug2,E:\Data (Drive)\IUH\DL\GK\surface-defect-detection\data\images\train\mt_uneven_exp2_num_313494_aug2.png,True,1,249,343
train,mt_uneven_exp2_num_33380,E:\Data (Drive)\IUH\DL\GK\surface-defect-detection\data\images\train\mt_uneven_exp2_num_33380.png,True,1,522,320
train,mt_uneven_exp2_num_33380_aug1,E:\Data (Drive)\IUH\DL\GK\surface-defect-detection\data\images\train\mt_uneven_exp2_num_33380_aug1.png,True,1,522,320
train,mt_uneven_exp2_num_33380_aug2,E:\Data (Drive)\IUH\DL\GK\surface-defect-detection\data\images\train\mt_uneven_exp2_num_33380_aug2.png,True,1,522,320
train,mt_uneven_exp2_num_352504,E:\Data (Drive)\IUH\DL\GK\surface-defect-detection\data\images\train\mt_uneven_exp2_num_352504.png,True,1,499,370
train,mt_uneven_exp2_num_352504_aug1,E:\Data (Drive)\IUH\DL\GK\surface-defect-detection\data\images\train\mt_uneven_exp2_num_352504_aug1.png,True,1,499,370
train,mt_uneven_exp2_num_352504_aug2,E:\Data (Drive)\IUH\DL\GK\surface-defect-detection\data\images\train\mt_uneven_exp2_num_352504_aug2.png,True,1,499,370
train,mt_uneven_exp2_num_45028,E:\Data (Drive)\IUH\DL\GK\surface-defect-detection\data\images\train\mt_uneven_exp2_num_45028.png,True,1,505,327
train,mt_uneven_exp2_num_45028_aug1,E:\Data (Drive)\IUH\DL\GK\surface-defect-detection\data\images\train\mt_uneven_exp2_num_45028_aug1.png,True,1,505,327
train,mt_uneven_exp2_num_45028_aug2,E:\Data (Drive)\IUH\DL\GK\surface-defect-detection\data\images\train\mt_uneven_exp2_num_45028_aug2.png,True,1,505,327
train,mt_uneven_exp3_num_109271,E:\Data (Drive)\IUH\DL\GK\surface-defect-detection\data\images\train\mt_uneven_exp3_num_109271.png,True,1,611,265
train,mt_uneven_exp3_num_109271_aug1,E:\Data (Drive)\IUH\DL\GK\surface-defect-detection\data\images\train\mt_uneven_exp3_num_109271_aug1.png,True,1,611,265
train,mt_uneven_exp3_num_109271_aug2,E:\Data (Drive)\IUH\DL\GK\surface-defect-detection\data\images\train\mt_uneven_exp3_num_109271_aug2.png,True,1,611,265
train,mt_uneven_exp3_num_124629,E:\Data (Drive)\IUH\DL\GK\surface-defect-detection\data\images\train\mt_uneven_exp3_num_124629.png,True,1,602,259
train,mt_uneven_exp3_num_124629_aug1,E:\Data (Drive)\IUH\DL\GK\surface-defect-detection\data\images\train\mt_uneven_exp3_num_124629_aug1.png,True,1,602,259
train,mt_uneven_exp3_num_124629_aug2,E:\Data (Drive)\IUH\DL\GK\surface-defect-detection\data\images\train\mt_uneven_exp3_num_124629_aug2.png,True,1,602,259
train,mt_uneven_exp3_num_155360,E:\Data (Drive)\IUH\DL\GK\surface-defect-detection\data\images\train\mt_uneven_exp3_num_155360.png,True,1,190,315
train,mt_uneven_exp3_num_155360_aug1,E:\Data (Drive)\IUH\DL\GK\surface-defect-detection\data\images\train\mt_uneven_exp3_num_155360_aug1.png,True,1,190,315
train,mt_uneven_exp3_num_155360_aug2,E:\Data (Drive)\IUH\DL\GK\surface-defect-detection\data\images\train\mt_uneven_exp3_num_155360_aug2.png,True,1,190,315
train,mt_uneven_exp3_num_172286,E:\Data (Drive)\IUH\DL\GK\surface-defect-detection\data\images\train\mt_uneven_exp3_num_172286.png,True,1,186,325
train,mt_uneven_exp3_num_172286_aug1,E:\Data (Drive)\IUH\DL\GK\surface-defect-detection\data\images\train\mt_uneven_exp3_num_172286_aug1.png,True,1,186,325
train,mt_uneven_exp3_num_172286_aug2,E:\Data (Drive)\IUH\DL\GK\surface-defect-detection\data\images\train\mt_uneven_exp3_num_172286_aug2.png,True,1,186,325
train,mt_uneven_exp3_num_186885,E:\Data (Drive)\IUH\DL\GK\surface-defect-detection\data\images\train\mt_uneven_exp3_num_186885.png,True,1,195,317
train,mt_uneven_exp3_num_186885_aug1,E:\Data (Drive)\IUH\DL\GK\surface-defect-detection\data\images\train\mt_uneven_exp3_num_186885_aug1.png,True,1,195,317
train,mt_uneven_exp3_num_186885_aug2,E:\Data (Drive)\IUH\DL\GK\surface-defect-detection\data\images\train\mt_uneven_exp3_num_186885_aug2.png,True,1,195,317
train,mt_uneven_exp3_num_24829,E:\Data (Drive)\IUH\DL\GK\surface-defect-detection\data\images\train\mt_uneven_exp3_num_24829.png,False,0,524,336
train,mt_uneven_exp3_num_270169,E:\Data (Drive)\IUH\DL\GK\surface-defect-detection\data\images\train\mt_uneven_exp3_num_270169.png,True,1,248,360
train,mt_uneven_exp3_num_270169_aug1,E:\Data (Drive)\IUH\DL\GK\surface-defect-detection\data\images\train\mt_uneven_exp3_num_270169_aug1.png,True,1,248,360
train,mt_uneven_exp3_num_270169_aug2,E:\Data (Drive)\IUH\DL\GK\surface-defect-detection\data\images\train\mt_uneven_exp3_num_270169_aug2.png,True,1,248,360
train,mt_uneven_exp3_num_28373,E:\Data (Drive)\IUH\DL\GK\surface-defect-detection\data\images\train\mt_uneven_exp3_num_28373.png,True,1,518,334
train,mt_uneven_exp3_num_28373_aug1,E:\Data (Drive)\IUH\DL\GK\surface-defect-detection\data\images\train\mt_uneven_exp3_num_28373_aug1.png,True,1,518,334
train,mt_uneven_exp3_num_28373_aug2,E:\Data (Drive)\IUH\DL\GK\surface-defect-detection\data\images\train\mt_uneven_exp3_num_28373_aug2.png,True,1,518,334
train,mt_uneven_exp3_num_313507,E:\Data (Drive)\IUH\DL\GK\surface-defect-detection\data\images\train\mt_uneven_exp3_num_313507.png,True,1,249,351
train,mt_uneven_exp3_num_313507_aug1,E:\Data (Drive)\IUH\DL\GK\surface-defect-detection\data\images\train\mt_uneven_exp3_num_313507_aug1.png,True,1,249,351
train,mt_uneven_exp3_num_313507_aug2,E:\Data (Drive)\IUH\DL\GK\surface-defect-detection\data\images\train\mt_uneven_exp3_num_313507_aug2.png,True,1,249,351
train,mt_uneven_exp3_num_33395,E:\Data (Drive)\IUH\DL\GK\surface-defect-detection\data\images\train\mt_uneven_exp3_num_33395.png,True,1,524,326
train,mt_uneven_exp3_num_33395_aug1,E:\Data (Drive)\IUH\DL\GK\surface-defect-detection\data\images\train\mt_uneven_exp3_num_33395_aug1.png,True,1,524,326
train,mt_uneven_exp3_num_33395_aug2,E:\Data (Drive)\IUH\DL\GK\surface-defect-detection\data\images\train\mt_uneven_exp3_num_33395_aug2.png,True,1,524,326
train,mt_uneven_exp3_num_352516,E:\Data (Drive)\IUH\DL\GK\surface-defect-detection\data\images\train\mt_uneven_exp3_num_352516.png,True,1,509,380
train,mt_uneven_exp3_num_352516_aug1,E:\Data (Drive)\IUH\DL\GK\surface-defect-detection\data\images\train\mt_uneven_exp3_num_352516_aug1.png,True,1,509,380
train,mt_uneven_exp3_num_352516_aug2,E:\Data (Drive)\IUH\DL\GK\surface-defect-detection\data\images\train\mt_uneven_exp3_num_352516_aug2.png,True,1,509,380
train,mt_uneven_exp3_num_45042,E:\Data (Drive)\IUH\DL\GK\surface-defect-detection\data\images\train\mt_uneven_exp3_num_45042.png,False,0,510,338
train,mt_uneven_exp3_num_557,E:\Data (Drive)\IUH\DL\GK\surface-defect-detection\data\images\train\mt_uneven_exp3_num_557.png,True,1,125,289
train,mt_uneven_exp3_num_557_aug1,E:\Data (Drive)\IUH\DL\GK\surface-defect-detection\data\images\train\mt_uneven_exp3_num_557_aug1.png,True,1,125,289
train,mt_uneven_exp3_num_557_aug2,E:\Data (Drive)\IUH\DL\GK\surface-defect-detection\data\images\train\mt_uneven_exp3_num_557_aug2.png,True,1,125,289
train,mt_uneven_exp4_num_109286,E:\Data (Drive)\IUH\DL\GK\surface-defect-detection\data\images\train\mt_uneven_exp4_num_109286.png,True,1,607,267
train,mt_uneven_exp4_num_109286_aug1,E:\Data (Drive)\IUH\DL\GK\surface-defect-detection\data\images\train\mt_uneven_exp4_num_109286_aug1.png,True,1,607,267
train,mt_uneven_exp4_num_109286_aug2,E:\Data (Drive)\IUH\DL\GK\surface-defect-detection\data\images\train\mt_uneven_exp4_num_109286_aug2.png,True,1,607,267
train,mt_uneven_exp4_num_124690,E:\Data (Drive)\IUH\DL\GK\surface-defect-detection\data\images\train\mt_uneven_exp4_num_124690.png,False,0,608,259
train,mt_uneven_exp4_num_139856,E:\Data (Drive)\IUH\DL\GK\surface-defect-detection\data\images\train\mt_uneven_exp4_num_139856.png,True,1,602,246
train,mt_uneven_exp4_num_139856_aug1,E:\Data (Drive)\IUH\DL\GK\surface-defect-detection\data\images\train\mt_uneven_exp4_num_139856_aug1.png,True,1,602,246
train,mt_uneven_exp4_num_139856_aug2,E:\Data (Drive)\IUH\DL\GK\surface-defect-detection\data\images\train\mt_uneven_exp4_num_139856_aug2.png,True,1,602,246
train,mt_uneven_exp4_num_172304,E:\Data (Drive)\IUH\DL\GK\surface-defect-detection\data\images\train\mt_uneven_exp4_num_172304.png,True,1,183,318
train,mt_uneven_exp4_num_172304_aug1,E:\Data (Drive)\IUH\DL\GK\surface-defect-detection\data\images\train\mt_uneven_exp4_num_172304_aug1.png,True,1,183,318
train,mt_uneven_exp4_num_172304_aug2,E:\Data (Drive)\IUH\DL\GK\surface-defect-detection\data\images\train\mt_uneven_exp4_num_172304_aug2.png,True,1,183,318
train,mt_uneven_exp4_num_186909,E:\Data (Drive)\IUH\DL\GK\surface-defect-detection\data\images\train\mt_uneven_exp4_num_186909.png,True,1,191,309
train,mt_uneven_exp4_num_186909_aug1,E:\Data (Drive)\IUH\DL\GK\surface-defect-detection\data\images\train\mt_uneven_exp4_num_186909_aug1.png,True,1,191,309
train,mt_uneven_exp4_num_186909_aug2,E:\Data (Drive)\IUH\DL\GK\surface-defect-detection\data\images\train\mt_uneven_exp4_num_186909_aug2.png,True,1,191,309
train,mt_uneven_exp4_num_274154,E:\Data (Drive)\IUH\DL\GK\surface-defect-detection\data\images\train\mt_uneven_exp4_num_274154.png,True,1,220,278
train,mt_uneven_exp4_num_274154_aug1,E:\Data (Drive)\IUH\DL\GK\surface-defect-detection\data\images\train\mt_uneven_exp4_num_274154_aug1.png,True,1,220,278
train,mt_uneven_exp4_num_274154_aug2,E:\Data (Drive)\IUH\DL\GK\surface-defect-detection\data\images\train\mt_uneven_exp4_num_274154_aug2.png,True,1,220,278
train,mt_uneven_exp4_num_28388,E:\Data (Drive)\IUH\DL\GK\surface-defect-detection\data\images\train\mt_uneven_exp4_num_28388.png,True,1,512,335
train,mt_uneven_exp4_num_28388_aug1,E:\Data (Drive)\IUH\DL\GK\surface-defect-detection\data\images\train\mt_uneven_exp4_num_28388_aug1.png,True,1,512,335
train,mt_uneven_exp4_num_28388_aug2,E:\Data (Drive)\IUH\DL\GK\surface-defect-detection\data\images\train\mt_uneven_exp4_num_28388_aug2.png,True,1,512,335
train,mt_uneven_exp4_num_33407,E:\Data (Drive)\IUH\DL\GK\surface-defect-detection\data\images\train\mt_uneven_exp4_num_33407.png,True,1,519,306
train,mt_uneven_exp4_num_33407_aug1,E:\Data (Drive)\IUH\DL\GK\surface-defect-detection\data\images\train\mt_uneven_exp4_num_33407_aug1.png,True,1,519,306
train,mt_uneven_exp4_num_33407_aug2,E:\Data (Drive)\IUH\DL\GK\surface-defect-detection\data\images\train\mt_uneven_exp4_num_33407_aug2.png,True,1,519,306
train,mt_uneven_exp4_num_573,E:\Data (Drive)\IUH\DL\GK\surface-defect-detection\data\images\train\mt_uneven_exp4_num_573.png,True,1,119,292
train,mt_uneven_exp4_num_573_aug1,E:\Data (Drive)\IUH\DL\GK\surface-defect-detection\data\images\train\mt_uneven_exp4_num_573_aug1.png,True,1,119,292
train,mt_uneven_exp4_num_573_aug2,E:\Data (Drive)\IUH\DL\GK\surface-defect-detection\data\images\train\mt_uneven_exp4_num_573_aug2.png,True,1,119,292
train,mt_uneven_exp5_num_109313,E:\Data (Drive)\IUH\DL\GK\surface-defect-detection\data\images\train\mt_uneven_exp5_num_109313.png,True,1,599,264
train,mt_uneven_exp5_num_109313_aug1,E:\Data (Drive)\IUH\DL\GK\surface-defect-detection\data\images\train\mt_uneven_exp5_num_109313_aug1.png,True,1,599,264
train,mt_uneven_exp5_num_109313_aug2,E:\Data (Drive)\IUH\DL\GK\surface-defect-detection\data\images\train\mt_uneven_exp5_num_109313_aug2.png,True,1,599,264
train,mt_uneven_exp5_num_124744,E:\Data (Drive)\IUH\DL\GK\surface-defect-detection\data\images\train\mt_uneven_exp5_num_124744.png,True,1,615,243
train,mt_uneven_exp5_num_124744_aug1,E:\Data (Drive)\IUH\DL\GK\surface-defect-detection\data\images\train\mt_uneven_exp5_num_124744_aug1.png,True,1,615,243
train,mt_uneven_exp5_num_124744_aug2,E:\Data (Drive)\IUH\DL\GK\surface-defect-detection\data\images\train\mt_uneven_exp5_num_124744_aug2.png,True,1,615,243
train,mt_uneven_exp5_num_129103,E:\Data (Drive)\IUH\DL\GK\surface-defect-detection\data\images\train\mt_uneven_exp5_num_129103.png,True,1,248,362
train,mt_uneven_exp5_num_129103_aug1,E:\Data (Drive)\IUH\DL\GK\surface-defect-detection\data\images\train\mt_uneven_exp5_num_129103_aug1.png,True,1,248,362
train,mt_uneven_exp5_num_129103_aug2,E:\Data (Drive)\IUH\DL\GK\surface-defect-detection\data\images\train\mt_uneven_exp5_num_129103_aug2.png,True,1,248,362
train,mt_uneven_exp5_num_155415,E:\Data (Drive)\IUH\DL\GK\surface-defect-detection\data\images\train\mt_uneven_exp5_num_155415.png,True,1,195,311
train,mt_uneven_exp5_num_155415_aug1,E:\Data (Drive)\IUH\DL\GK\surface-defect-detection\data\images\train\mt_uneven_exp5_num_155415_aug1.png,True,1,195,311
train,mt_uneven_exp5_num_155415_aug2,E:\Data (Drive)\IUH\DL\GK\surface-defect-detection\data\images\train\mt_uneven_exp5_num_155415_aug2.png,True,1,195,311
train,mt_uneven_exp5_num_172332,E:\Data (Drive)\IUH\DL\GK\surface-defect-detection\data\images\train\mt_uneven_exp5_num_172332.png,True,1,188,328
train,mt_uneven_exp5_num_172332_aug1,E:\Data (Drive)\IUH\DL\GK\surface-defect-detection\data\images\train\mt_uneven_exp5_num_172332_aug1.png,True,1,188,328
train,mt_uneven_exp5_num_172332_aug2,E:\Data (Drive)\IUH\DL\GK\surface-defect-detection\data\images\train\mt_uneven_exp5_num_172332_aug2.png,True,1,188,328
train,mt_uneven_exp5_num_186953,E:\Data (Drive)\IUH\DL\GK\surface-defect-detection\data\images\train\mt_uneven_exp5_num_186953.png,True,1,188,313
train,mt_uneven_exp5_num_186953_aug1,E:\Data (Drive)\IUH\DL\GK\surface-defect-detection\data\images\train\mt_uneven_exp5_num_186953_aug1.png,True,1,188,313
train,mt_uneven_exp5_num_186953_aug2,E:\Data (Drive)\IUH\DL\GK\surface-defect-detection\data\images\train\mt_uneven_exp5_num_186953_aug2.png,True,1,188,313
train,mt_uneven_exp5_num_24876,E:\Data (Drive)\IUH\DL\GK\surface-defect-detection\data\images\train\mt_uneven_exp5_num_24876.png,True,1,511,323
train,mt_uneven_exp5_num_24876_aug1,E:\Data (Drive)\IUH\DL\GK\surface-defect-detection\data\images\train\mt_uneven_exp5_num_24876_aug1.png,True,1,511,323
train,mt_uneven_exp5_num_24876_aug2,E:\Data (Drive)\IUH\DL\GK\surface-defect-detection\data\images\train\mt_uneven_exp5_num_24876_aug2.png,True,1,511,323
train,mt_uneven_exp5_num_270218,E:\Data (Drive)\IUH\DL\GK\surface-defect-detection\data\images\train\mt_uneven_exp5_num_270218.png,True,1,242,359
train,mt_uneven_exp5_num_270218_aug1,E:\Data (Drive)\IUH\DL\GK\surface-defect-detection\data\images\train\mt_uneven_exp5_num_270218_aug1.png,True,1,242,359
train,mt_uneven_exp5_num_270218_aug2,E:\Data (Drive)\IUH\DL\GK\surface-defect-detection\data\images\train\mt_uneven_exp5_num_270218_aug2.png,True,1,242,359
train,mt_uneven_exp5_num_28404,E:\Data (Drive)\IUH\DL\GK\surface-defect-detection\data\images\train\mt_uneven_exp5_num_28404.png,True,1,519,332
train,mt_uneven_exp5_num_28404_aug1,E:\Data (Drive)\IUH\DL\GK\surface-defect-detection\data\images\train\mt_uneven_exp5_num_28404_aug1.png,True,1,519,332
train,mt_uneven_exp5_num_28404_aug2,E:\Data (Drive)\IUH\DL\GK\surface-defect-detection\data\images\train\mt_uneven_exp5_num_28404_aug2.png,True,1,519,332
train,mt_uneven_exp5_num_311887,E:\Data (Drive)\IUH\DL\GK\surface-defect-detection\data\images\train\mt_uneven_exp5_num_311887.png,True,1,230,284
train,mt_uneven_exp5_num_311887_aug1,E:\Data (Drive)\IUH\DL\GK\surface-defect-detection\data\images\train\mt_uneven_exp5_num_311887_aug1.png,True,1,230,284
train,mt_uneven_exp5_num_311887_aug2,E:\Data (Drive)\IUH\DL\GK\surface-defect-detection\data\images\train\mt_uneven_exp5_num_311887_aug2.png,True,1,230,284
train,mt_uneven_exp5_num_313536,E:\Data (Drive)\IUH\DL\GK\surface-defect-detection\data\images\train\mt_uneven_exp5_num_313536.png,True,1,247,346
train,mt_uneven_exp5_num_313536_aug1,E:\Data (Drive)\IUH\DL\GK\surface-defect-detection\data\images\train\mt_uneven_exp5_num_313536_aug1.png,True,1,247,346
train,mt_uneven_exp5_num_313536_aug2,E:\Data (Drive)\IUH\DL\GK\surface-defect-detection\data\images\train\mt_uneven_exp5_num_313536_aug2.png,True,1,247,346
train,mt_uneven_exp5_num_45084,E:\Data (Drive)\IUH\DL\GK\surface-defect-detection\data\images\train\mt_uneven_exp5_num_45084.png,True,1,502,327
train,mt_uneven_exp5_num_45084_aug1,E:\Data (Drive)\IUH\DL\GK\surface-defect-detection\data\images\train\mt_uneven_exp5_num_45084_aug1.png,True,1,502,327
train,mt_uneven_exp5_num_45084_aug2,E:\Data (Drive)\IUH\DL\GK\surface-defect-detection\data\images\train\mt_uneven_exp5_num_45084_aug2.png,True,1,502,327
train,mt_uneven_exp6_num_109350,E:\Data (Drive)\IUH\DL\GK\surface-defect-detection\data\images\train\mt_uneven_exp6_num_109350.png,True,1,600,260
train,mt_uneven_exp6_num_109350_aug1,E:\Data (Drive)\IUH\DL\GK\surface-defect-detection\data\images\train\mt_uneven_exp6_num_109350_aug1.png,True,1,600,260
train,mt_uneven_exp6_num_109350_aug2,E:\Data (Drive)\IUH\DL\GK\surface-defect-detection\data\images\train\mt_uneven_exp6_num_109350_aug2.png,True,1,600,260
train,mt_uneven_exp6_num_124787,E:\Data (Drive)\IUH\DL\GK\surface-defect-detection\data\images\train\mt_uneven_exp6_num_124787.png,True,1,620,241
train,mt_uneven_exp6_num_124787_aug1,E:\Data (Drive)\IUH\DL\GK\surface-defect-detection\data\images\train\mt_uneven_exp6_num_124787_aug1.png,True,1,620,241
train,mt_uneven_exp6_num_124787_aug2,E:\Data (Drive)\IUH\DL\GK\surface-defect-detection\data\images\train\mt_uneven_exp6_num_124787_aug2.png,True,1,620,241
train,mt_uneven_exp6_num_129148,E:\Data (Drive)\IUH\DL\GK\surface-defect-detection\data\images\train\mt_uneven_exp6_num_129148.png,True,1,256,366
train,mt_uneven_exp6_num_129148_aug1,E:\Data (Drive)\IUH\DL\GK\surface-defect-detection\data\images\train\mt_uneven_exp6_num_129148_aug1.png,True,1,256,366
train,mt_uneven_exp6_num_129148_aug2,E:\Data (Drive)\IUH\DL\GK\surface-defect-detection\data\images\train\mt_uneven_exp6_num_129148_aug2.png,True,1,256,366
train,mt_uneven_exp6_num_139916,E:\Data (Drive)\IUH\DL\GK\surface-defect-detection\data\images\train\mt_uneven_exp6_num_139916.png,True,1,608,244
train,mt_uneven_exp6_num_139916_aug1,E:\Data (Drive)\IUH\DL\GK\surface-defect-detection\data\images\train\mt_uneven_exp6_num_139916_aug1.png,True,1,608,244
train,mt_uneven_exp6_num_139916_aug2,E:\Data (Drive)\IUH\DL\GK\surface-defect-detection\data\images\train\mt_uneven_exp6_num_139916_aug2.png,True,1,608,244
train,mt_uneven_exp6_num_172365,E:\Data (Drive)\IUH\DL\GK\surface-defect-detection\data\images\train\mt_uneven_exp6_num_172365.png,True,1,190,322
train,mt_uneven_exp6_num_172365_aug1,E:\Data (Drive)\IUH\DL\GK\surface-defect-detection\data\images\train\mt_uneven_exp6_num_172365_aug1.png,True,1,190,322
train,mt_uneven_exp6_num_172365_aug2,E:\Data (Drive)\IUH\DL\GK\surface-defect-detection\data\images\train\mt_uneven_exp6_num_172365_aug2.png,True,1,190,322
train,mt_uneven_exp6_num_25007,E:\Data (Drive)\IUH\DL\GK\surface-defect-detection\data\images\train\mt_uneven_exp6_num_25007.png,True,1,514,332
train,mt_uneven_exp6_num_25007_aug1,E:\Data (Drive)\IUH\DL\GK\surface-defect-detection\data\images\train\mt_uneven_exp6_num_25007_aug1.png,True,1,514,332
train,mt_uneven_exp6_num_25007_aug2,E:\Data (Drive)\IUH\DL\GK\surface-defect-detection\data\images\train\mt_uneven_exp6_num_25007_aug2.png,True,1,514,332
train,mt_uneven_exp6_num_270255,E:\Data (Drive)\IUH\DL\GK\surface-defect-detection\data\images\train\mt_uneven_exp6_num_270255.png,True,1,250,357
train,mt_uneven_exp6_num_270255_aug1,E:\Data (Drive)\IUH\DL\GK\surface-defect-detection\data\images\train\mt_uneven_exp6_num_270255_aug1.png,True,1,250,357
train,mt_uneven_exp6_num_270255_aug2,E:\Data (Drive)\IUH\DL\GK\surface-defect-detection\data\images\train\mt_uneven_exp6_num_270255_aug2.png,True,1,250,357
train,mt_uneven_exp6_num_274218,E:\Data (Drive)\IUH\DL\GK\surface-defect-detection\data\images\train\mt_uneven_exp6_num_274218.png,True,1,226,278
train,mt_uneven_exp6_num_274218_aug1,E:\Data (Drive)\IUH\DL\GK\surface-defect-detection\data\images\train\mt_uneven_exp6_num_274218_aug1.png,True,1,226,278
train,mt_uneven_exp6_num_274218_aug2,E:\Data (Drive)\IUH\DL\GK\surface-defect-detection\data\images\train\mt_uneven_exp6_num_274218_aug2.png,True,1,226,278
train,mt_uneven_exp6_num_311924,E:\Data (Drive)\IUH\DL\GK\surface-defect-detection\data\images\train\mt_uneven_exp6_num_311924.png,True,1,223,282
train,mt_uneven_exp6_num_311924_aug1,E:\Data (Drive)\IUH\DL\GK\surface-defect-detection\data\images\train\mt_uneven_exp6_num_311924_aug1.png,True,1,223,282
train,mt_uneven_exp6_num_311924_aug2,E:\Data (Drive)\IUH\DL\GK\surface-defect-detection\data\images\train\mt_uneven_exp6_num_311924_aug2.png,True,1,223,282
train,mt_uneven_exp6_num_352572,E:\Data (Drive)\IUH\DL\GK\surface-defect-detection\data\images\train\mt_uneven_exp6_num_352572.png,True,1,510,373
train,mt_uneven_exp6_num_352572_aug1,E:\Data (Drive)\IUH\DL\GK\surface-defect-detection\data\images\train\mt_uneven_exp6_num_352572_aug1.png,True,1,510,373
train,mt_uneven_exp6_num_352572_aug2,E:\Data (Drive)\IUH\DL\GK\surface-defect-detection\data\images\train\mt_uneven_exp6_num_352572_aug2.png,True,1,510,373
train,mt_uneven_exp6_num_628,E:\Data (Drive)\IUH\DL\GK\surface-defect-detection\data\images\train\mt_uneven_exp6_num_628.png,True,1,120,293
train,mt_uneven_exp6_num_628_aug1,E:\Data (Drive)\IUH\DL\GK\surface-defect-detection\data\images\train\mt_uneven_exp6_num_628_aug1.png,True,1,120,293
train,mt_uneven_exp6_num_628_aug2,E:\Data (Drive)\IUH\DL\GK\surface-defect-detection\data\images\train\mt_uneven_exp6_num_628_aug2.png,True,1,120,293
val,ksdd2_10004,E:\Data (Drive)\IUH\DL\GK\surface-defect-detection\data\images\val\ksdd2_10004.png,False,0,228,632
val,ksdd2_10010,E:\Data (Drive)\IUH\DL\GK\surface-defect-detection\data\images\val\ksdd2_10010.png,False,0,229,635
val,ksdd2_10035,E:\Data (Drive)\IUH\DL\GK\surface-defect-detection\data\images\val\ksdd2_10035.png,False,0,229,635
val,ksdd2_10040,E:\Data (Drive)\IUH\DL\GK\surface-defect-detection\data\images\val\ksdd2_10040.png,False,0,230,643
val,ksdd2_10054,E:\Data (Drive)\IUH\DL\GK\surface-defect-detection\data\images\val\ksdd2_10054.png,False,0,230,638
val,ksdd2_10062,E:\Data (Drive)\IUH\DL\GK\surface-defect-detection\data\images\val\ksdd2_10062.png,False,0,229,639
val,ksdd2_10063,E:\Data (Drive)\IUH\DL\GK\surface-defect-detection\data\images\val\ksdd2_10063.png,False,0,230,638
val,ksdd2_10069,E:\Data (Drive)\IUH\DL\GK\surface-defect-detection\data\images\val\ksdd2_10069.png,False,0,230,635
val,ksdd2_10077,E:\Data (Drive)\IUH\DL\GK\surface-defect-detection\data\images\val\ksdd2_10077.png,False,0,230,638
val,ksdd2_10093,E:\Data (Drive)\IUH\DL\GK\surface-defect-detection\data\images\val\ksdd2_10093.png,False,0,230,634
val,ksdd2_10098,E:\Data (Drive)\IUH\DL\GK\surface-defect-detection\data\images\val\ksdd2_10098.png,False,0,229,641
val,ksdd2_10111,E:\Data (Drive)\IUH\DL\GK\surface-defect-detection\data\images\val\ksdd2_10111.png,False,0,214,649
val,ksdd2_10143,E:\Data (Drive)\IUH\DL\GK\surface-defect-detection\data\images\val\ksdd2_10143.png,False,0,230,644
val,ksdd2_10144,E:\Data (Drive)\IUH\DL\GK\surface-defect-detection\data\images\val\ksdd2_10144.png,False,0,231,640
val,ksdd2_10147,E:\Data (Drive)\IUH\DL\GK\surface-defect-detection\data\images\val\ksdd2_10147.png,False,0,228,627
val,ksdd2_10163,E:\Data (Drive)\IUH\DL\GK\surface-defect-detection\data\images\val\ksdd2_10163.png,False,0,229,643
val,ksdd2_10164,E:\Data (Drive)\IUH\DL\GK\surface-defect-detection\data\images\val\ksdd2_10164.png,False,0,231,645
val,ksdd2_10165,E:\Data (Drive)\IUH\DL\GK\surface-defect-detection\data\images\val\ksdd2_10165.png,False,0,231,639
val,ksdd2_10174,E:\Data (Drive)\IUH\DL\GK\surface-defect-detection\data\images\val\ksdd2_10174.png,False,0,228,647
val,ksdd2_10191,E:\Data (Drive)\IUH\DL\GK\surface-defect-detection\data\images\val\ksdd2_10191.png,False,0,229,645
val,ksdd2_10198,E:\Data (Drive)\IUH\DL\GK\surface-defect-detection\data\images\val\ksdd2_10198.png,False,0,231,637
val,ksdd2_10199,E:\Data (Drive)\IUH\DL\GK\surface-defect-detection\data\images\val\ksdd2_10199.png,False,0,230,628
val,ksdd2_10202,E:\Data (Drive)\IUH\DL\GK\surface-defect-detection\data\images\val\ksdd2_10202.png,False,0,229,625
val,ksdd2_10216,E:\Data (Drive)\IUH\DL\GK\surface-defect-detection\data\images\val\ksdd2_10216.png,False,0,229,639
val,ksdd2_10227,E:\Data (Drive)\IUH\DL\GK\surface-defect-detection\data\images\val\ksdd2_10227.png,False,0,227,634
val,ksdd2_10228,E:\Data (Drive)\IUH\DL\GK\surface-defect-detection\data\images\val\ksdd2_10228.png,False,0,230,638
val,ksdd2_10237,E:\Data (Drive)\IUH\DL\GK\surface-defect-detection\data\images\val\ksdd2_10237.png,False,0,231,633
val,ksdd2_10240,E:\Data (Drive)\IUH\DL\GK\surface-defect-detection\data\images\val\ksdd2_10240.png,False,0,229,621
val,ksdd2_10241,E:\Data (Drive)\IUH\DL\GK\surface-defect-detection\data\images\val\ksdd2_10241.png,False,0,228,633
val,ksdd2_10249,E:\Data (Drive)\IUH\DL\GK\surface-defect-detection\data\images\val\ksdd2_10249.png,False,0,229,632
val,ksdd2_10267,E:\Data (Drive)\IUH\DL\GK\surface-defect-detection\data\images\val\ksdd2_10267.png,False,0,230,638
val,ksdd2_10269,E:\Data (Drive)\IUH\DL\GK\surface-defect-detection\data\images\val\ksdd2_10269.png,False,0,231,635
val,ksdd2_10271,E:\Data (Drive)\IUH\DL\GK\surface-defect-detection\data\images\val\ksdd2_10271.png,False,0,230,632
val,ksdd2_10273,E:\Data (Drive)\IUH\DL\GK\surface-defect-detection\data\images\val\ksdd2_10273.png,True,1,230,641
val,ksdd2_10283,E:\Data (Drive)\IUH\DL\GK\surface-defect-detection\data\images\val\ksdd2_10283.png,False,0,227,634
val,ksdd2_10292,E:\Data (Drive)\IUH\DL\GK\surface-defect-detection\data\images\val\ksdd2_10292.png,False,0,230,640
val,ksdd2_10305,E:\Data (Drive)\IUH\DL\GK\surface-defect-detection\data\images\val\ksdd2_10305.png,False,0,228,636
val,ksdd2_10308,E:\Data (Drive)\IUH\DL\GK\surface-defect-detection\data\images\val\ksdd2_10308.png,True,2,227,641
val,ksdd2_10314,E:\Data (Drive)\IUH\DL\GK\surface-defect-detection\data\images\val\ksdd2_10314.png,False,0,232,636
val,ksdd2_10320,E:\Data (Drive)\IUH\DL\GK\surface-defect-detection\data\images\val\ksdd2_10320.png,False,0,226,632
val,ksdd2_10321,E:\Data (Drive)\IUH\DL\GK\surface-defect-detection\data\images\val\ksdd2_10321.png,False,0,226,632
val,ksdd2_10331,E:\Data (Drive)\IUH\DL\GK\surface-defect-detection\data\images\val\ksdd2_10331.png,False,0,227,638
val,ksdd2_10332,E:\Data (Drive)\IUH\DL\GK\surface-defect-detection\data\images\val\ksdd2_10332.png,False,0,234,636
val,ksdd2_10336,E:\Data (Drive)\IUH\DL\GK\surface-defect-detection\data\images\val\ksdd2_10336.png,False,0,228,632
val,ksdd2_10338,E:\Data (Drive)\IUH\DL\GK\surface-defect-detection\data\images\val\ksdd2_10338.png,False,0,224,624
val,ksdd2_10344,E:\Data (Drive)\IUH\DL\GK\surface-defect-detection\data\images\val\ksdd2_10344.png,True,1,230,634
val,ksdd2_10352,E:\Data (Drive)\IUH\DL\GK\surface-defect-detection\data\images\val\ksdd2_10352.png,True,2,231,634
val,ksdd2_10354,E:\Data (Drive)\IUH\DL\GK\surface-defect-detection\data\images\val\ksdd2_10354.png,True,1,225,628
val,ksdd2_10358,E:\Data (Drive)\IUH\DL\GK\surface-defect-detection\data\images\val\ksdd2_10358.png,False,0,225,641
val,ksdd2_10363,E:\Data (Drive)\IUH\DL\GK\surface-defect-detection\data\images\val\ksdd2_10363.png,False,0,218,643
val,ksdd2_10364,E:\Data (Drive)\IUH\DL\GK\surface-defect-detection\data\images\val\ksdd2_10364.png,False,0,234,629
val,ksdd2_10368,E:\Data (Drive)\IUH\DL\GK\surface-defect-detection\data\images\val\ksdd2_10368.png,False,0,212,644
val,ksdd2_10386,E:\Data (Drive)\IUH\DL\GK\surface-defect-detection\data\images\val\ksdd2_10386.png,False,0,231,638
val,ksdd2_10399,E:\Data (Drive)\IUH\DL\GK\surface-defect-detection\data\images\val\ksdd2_10399.png,False,0,229,632
val,ksdd2_10411,E:\Data (Drive)\IUH\DL\GK\surface-defect-detection\data\images\val\ksdd2_10411.png,False,0,226,627
val,ksdd2_10412,E:\Data (Drive)\IUH\DL\GK\surface-defect-detection\data\images\val\ksdd2_10412.png,False,0,228,639
val,ksdd2_10416,E:\Data (Drive)\IUH\DL\GK\surface-defect-detection\data\images\val\ksdd2_10416.png,False,0,231,636
val,ksdd2_10417,E:\Data (Drive)\IUH\DL\GK\surface-defect-detection\data\images\val\ksdd2_10417.png,False,0,223,628
val,ksdd2_10427,E:\Data (Drive)\IUH\DL\GK\surface-defect-detection\data\images\val\ksdd2_10427.png,False,0,234,632
val,ksdd2_10443,E:\Data (Drive)\IUH\DL\GK\surface-defect-detection\data\images\val\ksdd2_10443.png,False,0,229,644
val,ksdd2_10444,E:\Data (Drive)\IUH\DL\GK\surface-defect-detection\data\images\val\ksdd2_10444.png,False,0,231,637
val,ksdd2_10449,E:\Data (Drive)\IUH\DL\GK\surface-defect-detection\data\images\val\ksdd2_10449.png,False,0,228,637
val,ksdd2_10451,E:\Data (Drive)\IUH\DL\GK\surface-defect-detection\data\images\val\ksdd2_10451.png,False,0,228,613
val,ksdd2_10452,E:\Data (Drive)\IUH\DL\GK\surface-defect-detection\data\images\val\ksdd2_10452.png,False,0,226,630
val,ksdd2_10454,E:\Data (Drive)\IUH\DL\GK\surface-defect-detection\data\images\val\ksdd2_10454.png,False,0,230,645
val,ksdd2_10458,E:\Data (Drive)\IUH\DL\GK\surface-defect-detection\data\images\val\ksdd2_10458.png,False,0,231,639
val,ksdd2_10468,E:\Data (Drive)\IUH\DL\GK\surface-defect-detection\data\images\val\ksdd2_10468.png,False,0,233,638
val,ksdd2_10476,E:\Data (Drive)\IUH\DL\GK\surface-defect-detection\data\images\val\ksdd2_10476.png,False,0,230,638
val,ksdd2_10487,E:\Data (Drive)\IUH\DL\GK\surface-defect-detection\data\images\val\ksdd2_10487.png,True,1,207,636
val,ksdd2_10493,E:\Data (Drive)\IUH\DL\GK\surface-defect-detection\data\images\val\ksdd2_10493.png,False,0,233,643
val,ksdd2_10519,E:\Data (Drive)\IUH\DL\GK\surface-defect-detection\data\images\val\ksdd2_10519.png,False,0,231,637
val,ksdd2_10522,E:\Data (Drive)\IUH\DL\GK\surface-defect-detection\data\images\val\ksdd2_10522.png,False,0,229,637
val,ksdd2_10525,E:\Data (Drive)\IUH\DL\GK\surface-defect-detection\data\images\val\ksdd2_10525.png,False,0,227,629
val,ksdd2_10526,E:\Data (Drive)\IUH\DL\GK\surface-defect-detection\data\images\val\ksdd2_10526.png,False,0,227,631
val,ksdd2_10529,E:\Data (Drive)\IUH\DL\GK\surface-defect-detection\data\images\val\ksdd2_10529.png,False,0,230,644
val,ksdd2_10530,E:\Data (Drive)\IUH\DL\GK\surface-defect-detection\data\images\val\ksdd2_10530.png,False,0,227,636
val,ksdd2_10532,E:\Data (Drive)\IUH\DL\GK\surface-defect-detection\data\images\val\ksdd2_10532.png,False,0,239,639
val,ksdd2_10537,E:\Data (Drive)\IUH\DL\GK\surface-defect-detection\data\images\val\ksdd2_10537.png,False,0,229,631
val,ksdd2_10541,E:\Data (Drive)\IUH\DL\GK\surface-defect-detection\data\images\val\ksdd2_10541.png,False,0,226,628
val,ksdd2_10545,E:\Data (Drive)\IUH\DL\GK\surface-defect-detection\data\images\val\ksdd2_10545.png,False,0,230,639
val,ksdd2_10550,E:\Data (Drive)\IUH\DL\GK\surface-defect-detection\data\images\val\ksdd2_10550.png,False,0,231,637
val,ksdd2_10558,E:\Data (Drive)\IUH\DL\GK\surface-defect-detection\data\images\val\ksdd2_10558.png,False,0,224,633
val,ksdd2_10564,E:\Data (Drive)\IUH\DL\GK\surface-defect-detection\data\images\val\ksdd2_10564.png,False,0,227,635
val,ksdd2_10567,E:\Data (Drive)\IUH\DL\GK\surface-defect-detection\data\images\val\ksdd2_10567.png,False,0,231,638
val,ksdd2_10578,E:\Data (Drive)\IUH\DL\GK\surface-defect-detection\data\images\val\ksdd2_10578.png,False,0,228,638
val,ksdd2_10598,E:\Data (Drive)\IUH\DL\GK\surface-defect-detection\data\images\val\ksdd2_10598.png,False,0,226,634
val,ksdd2_10600,E:\Data (Drive)\IUH\DL\GK\surface-defect-detection\data\images\val\ksdd2_10600.png,False,0,233,635
val,ksdd2_10604,E:\Data (Drive)\IUH\DL\GK\surface-defect-detection\data\images\val\ksdd2_10604.png,False,0,237,653
val,ksdd2_10624,E:\Data (Drive)\IUH\DL\GK\surface-defect-detection\data\images\val\ksdd2_10624.png,False,0,231,644
val,ksdd2_10625,E:\Data (Drive)\IUH\DL\GK\surface-defect-detection\data\images\val\ksdd2_10625.png,False,0,224,637
val,ksdd2_10640,E:\Data (Drive)\IUH\DL\GK\surface-defect-detection\data\images\val\ksdd2_10640.png,False,0,226,632
val,ksdd2_10644,E:\Data (Drive)\IUH\DL\GK\surface-defect-detection\data\images\val\ksdd2_10644.png,False,0,234,643
val,ksdd2_10652,E:\Data (Drive)\IUH\DL\GK\surface-defect-detection\data\images\val\ksdd2_10652.png,False,0,225,638
val,ksdd2_10657,E:\Data (Drive)\IUH\DL\GK\surface-defect-detection\data\images\val\ksdd2_10657.png,False,0,229,634
val,ksdd2_10659,E:\Data (Drive)\IUH\DL\GK\surface-defect-detection\data\images\val\ksdd2_10659.png,True,1,223,629
val,ksdd2_10664,E:\Data (Drive)\IUH\DL\GK\surface-defect-detection\data\images\val\ksdd2_10664.png,False,0,230,636
val,ksdd2_10666,E:\Data (Drive)\IUH\DL\GK\surface-defect-detection\data\images\val\ksdd2_10666.png,False,0,237,647
val,ksdd2_10670,E:\Data (Drive)\IUH\DL\GK\surface-defect-detection\data\images\val\ksdd2_10670.png,False,0,233,647
val,ksdd2_10685,E:\Data (Drive)\IUH\DL\GK\surface-defect-detection\data\images\val\ksdd2_10685.png,False,0,230,638
val,ksdd2_10688,E:\Data (Drive)\IUH\DL\GK\surface-defect-detection\data\images\val\ksdd2_10688.png,False,0,233,649
val,ksdd2_10699,E:\Data (Drive)\IUH\DL\GK\surface-defect-detection\data\images\val\ksdd2_10699.png,False,0,226,631
val,ksdd2_10701,E:\Data (Drive)\IUH\DL\GK\surface-defect-detection\data\images\val\ksdd2_10701.png,False,0,207,634
val,ksdd2_10709,E:\Data (Drive)\IUH\DL\GK\surface-defect-detection\data\images\val\ksdd2_10709.png,False,0,227,638
val,ksdd2_10713,E:\Data (Drive)\IUH\DL\GK\surface-defect-detection\data\images\val\ksdd2_10713.png,False,0,231,640
val,ksdd2_10714,E:\Data (Drive)\IUH\DL\GK\surface-defect-detection\data\images\val\ksdd2_10714.png,True,1,230,642
val,ksdd2_10723,E:\Data (Drive)\IUH\DL\GK\surface-defect-detection\data\images\val\ksdd2_10723.png,False,0,229,643
val,ksdd2_10725,E:\Data (Drive)\IUH\DL\GK\surface-defect-detection\data\images\val\ksdd2_10725.png,False,0,229,627
val,ksdd2_10731,E:\Data (Drive)\IUH\DL\GK\surface-defect-detection\data\images\val\ksdd2_10731.png,False,0,235,644
val,ksdd2_10732,E:\Data (Drive)\IUH\DL\GK\surface-defect-detection\data\images\val\ksdd2_10732.png,False,0,232,630
val,ksdd2_10742,E:\Data (Drive)\IUH\DL\GK\surface-defect-detection\data\images\val\ksdd2_10742.png,False,0,227,632
val,ksdd2_10756,E:\Data (Drive)\IUH\DL\GK\surface-defect-detection\data\images\val\ksdd2_10756.png,True,1,233,646
val,ksdd2_10759,E:\Data (Drive)\IUH\DL\GK\surface-defect-detection\data\images\val\ksdd2_10759.png,False,0,233,648
val,ksdd2_10765,E:\Data (Drive)\IUH\DL\GK\surface-defect-detection\data\images\val\ksdd2_10765.png,False,0,226,630
val,ksdd2_10767,E:\Data (Drive)\IUH\DL\GK\surface-defect-detection\data\images\val\ksdd2_10767.png,False,0,233,644
val,ksdd2_10784,E:\Data (Drive)\IUH\DL\GK\surface-defect-detection\data\images\val\ksdd2_10784.png,False,0,232,642
val,ksdd2_10800,E:\Data (Drive)\IUH\DL\GK\surface-defect-detection\data\images\val\ksdd2_10800.png,False,0,228,638
val,ksdd2_10806,E:\Data (Drive)\IUH\DL\GK\surface-defect-detection\data\images\val\ksdd2_10806.png,False,0,232,638
val,ksdd2_10809,E:\Data (Drive)\IUH\DL\GK\surface-defect-detection\data\images\val\ksdd2_10809.png,False,0,226,635
val,ksdd2_10828,E:\Data (Drive)\IUH\DL\GK\surface-defect-detection\data\images\val\ksdd2_10828.png,False,0,241,649
val,ksdd2_10834,E:\Data (Drive)\IUH\DL\GK\surface-defect-detection\data\images\val\ksdd2_10834.png,False,0,226,625
val,ksdd2_10850,E:\Data (Drive)\IUH\DL\GK\surface-defect-detection\data\images\val\ksdd2_10850.png,False,0,232,644
val,ksdd2_10853,E:\Data (Drive)\IUH\DL\GK\surface-defect-detection\data\images\val\ksdd2_10853.png,False,0,224,644
val,ksdd2_10863,E:\Data (Drive)\IUH\DL\GK\surface-defect-detection\data\images\val\ksdd2_10863.png,False,0,225,633
val,ksdd2_10867,E:\Data (Drive)\IUH\DL\GK\surface-defect-detection\data\images\val\ksdd2_10867.png,False,0,226,641
val,ksdd2_10873,E:\Data (Drive)\IUH\DL\GK\surface-defect-detection\data\images\val\ksdd2_10873.png,False,0,228,628
val,ksdd2_10874,E:\Data (Drive)\IUH\DL\GK\surface-defect-detection\data\images\val\ksdd2_10874.png,True,1,229,638
val,ksdd2_10877,E:\Data (Drive)\IUH\DL\GK\surface-defect-detection\data\images\val\ksdd2_10877.png,False,0,232,640
val,ksdd2_10881,E:\Data (Drive)\IUH\DL\GK\surface-defect-detection\data\images\val\ksdd2_10881.png,False,0,228,635
val,ksdd2_10885,E:\Data (Drive)\IUH\DL\GK\surface-defect-detection\data\images\val\ksdd2_10885.png,False,0,226,637
val,ksdd2_10892,E:\Data (Drive)\IUH\DL\GK\surface-defect-detection\data\images\val\ksdd2_10892.png,False,0,231,633
val,ksdd2_10907,E:\Data (Drive)\IUH\DL\GK\surface-defect-detection\data\images\val\ksdd2_10907.png,True,1,226,634
val,ksdd2_10911,E:\Data (Drive)\IUH\DL\GK\surface-defect-detection\data\images\val\ksdd2_10911.png,False,0,231,645
val,ksdd2_10923,E:\Data (Drive)\IUH\DL\GK\surface-defect-detection\data\images\val\ksdd2_10923.png,False,0,223,634
val,ksdd2_10954,E:\Data (Drive)\IUH\DL\GK\surface-defect-detection\data\images\val\ksdd2_10954.png,False,0,226,631
val,ksdd2_10967,E:\Data (Drive)\IUH\DL\GK\surface-defect-detection\data\images\val\ksdd2_10967.png,False,0,236,649
val,ksdd2_10989,E:\Data (Drive)\IUH\DL\GK\surface-defect-detection\data\images\val\ksdd2_10989.png,False,0,225,640
val,ksdd2_10992,E:\Data (Drive)\IUH\DL\GK\surface-defect-detection\data\images\val\ksdd2_10992.png,False,0,232,632
val,ksdd2_11000,E:\Data (Drive)\IUH\DL\GK\surface-defect-detection\data\images\val\ksdd2_11000.png,False,0,229,627
val,ksdd2_11011,E:\Data (Drive)\IUH\DL\GK\surface-defect-detection\data\images\val\ksdd2_11011.png,False,0,228,638
val,ksdd2_11012,E:\Data (Drive)\IUH\DL\GK\surface-defect-detection\data\images\val\ksdd2_11012.png,True,1,224,632
val,ksdd2_11013,E:\Data (Drive)\IUH\DL\GK\surface-defect-detection\data\images\val\ksdd2_11013.png,False,0,227,632
val,ksdd2_11025,E:\Data (Drive)\IUH\DL\GK\surface-defect-detection\data\images\val\ksdd2_11025.png,True,1,231,633
val,ksdd2_11031,E:\Data (Drive)\IUH\DL\GK\surface-defect-detection\data\images\val\ksdd2_11031.png,False,0,232,631
val,ksdd2_11038,E:\Data (Drive)\IUH\DL\GK\surface-defect-detection\data\images\val\ksdd2_11038.png,False,0,233,643
val,ksdd2_11040,E:\Data (Drive)\IUH\DL\GK\surface-defect-detection\data\images\val\ksdd2_11040.png,True,1,231,633
val,ksdd2_11045,E:\Data (Drive)\IUH\DL\GK\surface-defect-detection\data\images\val\ksdd2_11045.png,False,0,224,633
val,ksdd2_11050,E:\Data (Drive)\IUH\DL\GK\surface-defect-detection\data\images\val\ksdd2_11050.png,False,0,232,634
val,ksdd2_11053,E:\Data (Drive)\IUH\DL\GK\surface-defect-detection\data\images\val\ksdd2_11053.png,False,0,231,637
val,ksdd2_11057,E:\Data (Drive)\IUH\DL\GK\surface-defect-detection\data\images\val\ksdd2_11057.png,False,0,227,633
val,ksdd2_11060,E:\Data (Drive)\IUH\DL\GK\surface-defect-detection\data\images\val\ksdd2_11060.png,False,0,230,635
val,ksdd2_11066,E:\Data (Drive)\IUH\DL\GK\surface-defect-detection\data\images\val\ksdd2_11066.png,False,0,227,637
val,ksdd2_11067,E:\Data (Drive)\IUH\DL\GK\surface-defect-detection\data\images\val\ksdd2_11067.png,False,0,231,641
val,ksdd2_11071,E:\Data (Drive)\IUH\DL\GK\surface-defect-detection\data\images\val\ksdd2_11071.png,False,0,228,631
val,ksdd2_11078,E:\Data (Drive)\IUH\DL\GK\surface-defect-detection\data\images\val\ksdd2_11078.png,False,0,228,640
val,ksdd2_11082,E:\Data (Drive)\IUH\DL\GK\surface-defect-detection\data\images\val\ksdd2_11082.png,False,0,237,637
val,ksdd2_11090,E:\Data (Drive)\IUH\DL\GK\surface-defect-detection\data\images\val\ksdd2_11090.png,False,0,220,628
val,ksdd2_11092,E:\Data (Drive)\IUH\DL\GK\surface-defect-detection\data\images\val\ksdd2_11092.png,False,0,226,639
val,ksdd2_11096,E:\Data (Drive)\IUH\DL\GK\surface-defect-detection\data\images\val\ksdd2_11096.png,False,0,231,635
val,ksdd2_11100,E:\Data (Drive)\IUH\DL\GK\surface-defect-detection\data\images\val\ksdd2_11100.png,False,0,233,636
val,ksdd2_11101,E:\Data (Drive)\IUH\DL\GK\surface-defect-detection\data\images\val\ksdd2_11101.png,True,1,229,634
val,ksdd2_11111,E:\Data (Drive)\IUH\DL\GK\surface-defect-detection\data\images\val\ksdd2_11111.png,False,0,238,628
val,ksdd2_11115,E:\Data (Drive)\IUH\DL\GK\surface-defect-detection\data\images\val\ksdd2_11115.png,False,0,227,635
val,ksdd2_11135,E:\Data (Drive)\IUH\DL\GK\surface-defect-detection\data\images\val\ksdd2_11135.png,True,1,229,628
val,ksdd2_11141,E:\Data (Drive)\IUH\DL\GK\surface-defect-detection\data\images\val\ksdd2_11141.png,False,0,222,649
val,ksdd2_11142,E:\Data (Drive)\IUH\DL\GK\surface-defect-detection\data\images\val\ksdd2_11142.png,False,0,233,637
val,ksdd2_11143,E:\Data (Drive)\IUH\DL\GK\surface-defect-detection\data\images\val\ksdd2_11143.png,False,0,226,642
val,ksdd2_11146,E:\Data (Drive)\IUH\DL\GK\surface-defect-detection\data\images\val\ksdd2_11146.png,False,0,234,651
val,ksdd2_11151,E:\Data (Drive)\IUH\DL\GK\surface-defect-detection\data\images\val\ksdd2_11151.png,False,0,222,638
val,ksdd2_11157,E:\Data (Drive)\IUH\DL\GK\surface-defect-detection\data\images\val\ksdd2_11157.png,False,0,227,623
val,ksdd2_11162,E:\Data (Drive)\IUH\DL\GK\surface-defect-detection\data\images\val\ksdd2_11162.png,False,0,200,640
val,ksdd2_11170,E:\Data (Drive)\IUH\DL\GK\surface-defect-detection\data\images\val\ksdd2_11170.png,False,0,233,636
val,ksdd2_11194,E:\Data (Drive)\IUH\DL\GK\surface-defect-detection\data\images\val\ksdd2_11194.png,False,0,232,640
val,ksdd2_11207,E:\Data (Drive)\IUH\DL\GK\surface-defect-detection\data\images\val\ksdd2_11207.png,False,0,226,629
val,ksdd2_11210,E:\Data (Drive)\IUH\DL\GK\surface-defect-detection\data\images\val\ksdd2_11210.png,False,0,222,631
val,ksdd2_11216,E:\Data (Drive)\IUH\DL\GK\surface-defect-detection\data\images\val\ksdd2_11216.png,False,0,225,629
val,ksdd2_11217,E:\Data (Drive)\IUH\DL\GK\surface-defect-detection\data\images\val\ksdd2_11217.png,False,0,232,648
val,ksdd2_11226,E:\Data (Drive)\IUH\DL\GK\surface-defect-detection\data\images\val\ksdd2_11226.png,False,0,229,645
val,ksdd2_11230,E:\Data (Drive)\IUH\DL\GK\surface-defect-detection\data\images\val\ksdd2_11230.png,True,1,234,638
val,ksdd2_11234,E:\Data (Drive)\IUH\DL\GK\surface-defect-detection\data\images\val\ksdd2_11234.png,False,0,236,645
val,ksdd2_11241,E:\Data (Drive)\IUH\DL\GK\surface-defect-detection\data\images\val\ksdd2_11241.png,False,0,229,642
val,ksdd2_11245,E:\Data (Drive)\IUH\DL\GK\surface-defect-detection\data\images\val\ksdd2_11245.png,False,0,233,642
val,ksdd2_11249,E:\Data (Drive)\IUH\DL\GK\surface-defect-detection\data\images\val\ksdd2_11249.png,False,0,226,637
val,ksdd2_11257,E:\Data (Drive)\IUH\DL\GK\surface-defect-detection\data\images\val\ksdd2_11257.png,False,0,205,632
val,ksdd2_11260,E:\Data (Drive)\IUH\DL\GK\surface-defect-detection\data\images\val\ksdd2_11260.png,False,0,230,634
val,ksdd2_11288,E:\Data (Drive)\IUH\DL\GK\surface-defect-detection\data\images\val\ksdd2_11288.png,False,0,226,630
val,ksdd2_11289,E:\Data (Drive)\IUH\DL\GK\surface-defect-detection\data\images\val\ksdd2_11289.png,False,0,235,637
val,ksdd2_11294,E:\Data (Drive)\IUH\DL\GK\surface-defect-detection\data\images\val\ksdd2_11294.png,False,0,224,635
val,ksdd2_11303,E:\Data (Drive)\IUH\DL\GK\surface-defect-detection\data\images\val\ksdd2_11303.png,False,0,225,634
val,ksdd2_11308,E:\Data (Drive)\IUH\DL\GK\surface-defect-detection\data\images\val\ksdd2_11308.png,False,0,230,633
val,ksdd2_11309,E:\Data (Drive)\IUH\DL\GK\surface-defect-detection\data\images\val\ksdd2_11309.png,False,0,232,643
val,ksdd2_11310,E:\Data (Drive)\IUH\DL\GK\surface-defect-detection\data\images\val\ksdd2_11310.png,False,0,228,637
val,ksdd2_11311,E:\Data (Drive)\IUH\DL\GK\surface-defect-detection\data\images\val\ksdd2_11311.png,False,0,233,641
val,ksdd2_11313,E:\Data (Drive)\IUH\DL\GK\surface-defect-detection\data\images\val\ksdd2_11313.png,False,0,230,647
val,ksdd2_11324,E:\Data (Drive)\IUH\DL\GK\surface-defect-detection\data\images\val\ksdd2_11324.png,False,0,231,640
val,ksdd2_11327,E:\Data (Drive)\IUH\DL\GK\surface-defect-detection\data\images\val\ksdd2_11327.png,False,0,227,630
val,ksdd2_11328,E:\Data (Drive)\IUH\DL\GK\surface-defect-detection\data\images\val\ksdd2_11328.png,False,0,230,632
val,ksdd2_11333,E:\Data (Drive)\IUH\DL\GK\surface-defect-detection\data\images\val\ksdd2_11333.png,False,0,215,645
val,ksdd2_11337,E:\Data (Drive)\IUH\DL\GK\surface-defect-detection\data\images\val\ksdd2_11337.png,False,0,225,639
val,ksdd2_11339,E:\Data (Drive)\IUH\DL\GK\surface-defect-detection\data\images\val\ksdd2_11339.png,True,1,228,636
val,ksdd2_11341,E:\Data (Drive)\IUH\DL\GK\surface-defect-detection\data\images\val\ksdd2_11341.png,False,0,227,632
val,ksdd2_11342,E:\Data (Drive)\IUH\DL\GK\surface-defect-detection\data\images\val\ksdd2_11342.png,False,0,230,632
val,ksdd2_11346,E:\Data (Drive)\IUH\DL\GK\surface-defect-detection\data\images\val\ksdd2_11346.png,False,0,229,633
val,ksdd2_11351,E:\Data (Drive)\IUH\DL\GK\surface-defect-detection\data\images\val\ksdd2_11351.png,True,1,221,629
val,ksdd2_11352,E:\Data (Drive)\IUH\DL\GK\surface-defect-detection\data\images\val\ksdd2_11352.png,False,0,232,638
val,ksdd2_11357,E:\Data (Drive)\IUH\DL\GK\surface-defect-detection\data\images\val\ksdd2_11357.png,False,0,220,635
val,ksdd2_11360,E:\Data (Drive)\IUH\DL\GK\surface-defect-detection\data\images\val\ksdd2_11360.png,True,1,228,644
val,ksdd2_11361,E:\Data (Drive)\IUH\DL\GK\surface-defect-detection\data\images\val\ksdd2_11361.png,False,0,231,632
val,ksdd2_11363,E:\Data (Drive)\IUH\DL\GK\surface-defect-detection\data\images\val\ksdd2_11363.png,True,2,231,625
val,ksdd2_11375,E:\Data (Drive)\IUH\DL\GK\surface-defect-detection\data\images\val\ksdd2_11375.png,False,0,234,645
val,ksdd2_11376,E:\Data (Drive)\IUH\DL\GK\surface-defect-detection\data\images\val\ksdd2_11376.png,False,0,230,630
val,ksdd2_11383,E:\Data (Drive)\IUH\DL\GK\surface-defect-detection\data\images\val\ksdd2_11383.png,False,0,234,642
val,ksdd2_11384,E:\Data (Drive)\IUH\DL\GK\surface-defect-detection\data\images\val\ksdd2_11384.png,False,0,230,636
val,ksdd2_11394,E:\Data (Drive)\IUH\DL\GK\surface-defect-detection\data\images\val\ksdd2_11394.png,False,0,230,637
val,ksdd2_11395,E:\Data (Drive)\IUH\DL\GK\surface-defect-detection\data\images\val\ksdd2_11395.png,False,0,228,651
val,ksdd2_11400,E:\Data (Drive)\IUH\DL\GK\surface-defect-detection\data\images\val\ksdd2_11400.png,False,0,230,638
val,ksdd2_11407,E:\Data (Drive)\IUH\DL\GK\surface-defect-detection\data\images\val\ksdd2_11407.png,False,0,229,646
val,ksdd2_11414,E:\Data (Drive)\IUH\DL\GK\surface-defect-detection\data\images\val\ksdd2_11414.png,False,0,229,641
val,ksdd2_11433,E:\Data (Drive)\IUH\DL\GK\surface-defect-detection\data\images\val\ksdd2_11433.png,False,0,229,638
val,ksdd2_11437,E:\Data (Drive)\IUH\DL\GK\surface-defect-detection\data\images\val\ksdd2_11437.png,False,0,230,645
val,ksdd2_11442,E:\Data (Drive)\IUH\DL\GK\surface-defect-detection\data\images\val\ksdd2_11442.png,False,0,228,643
val,ksdd2_11447,E:\Data (Drive)\IUH\DL\GK\surface-defect-detection\data\images\val\ksdd2_11447.png,True,1,234,633
val,ksdd2_11450,E:\Data (Drive)\IUH\DL\GK\surface-defect-detection\data\images\val\ksdd2_11450.png,False,0,232,642
val,ksdd2_11458,E:\Data (Drive)\IUH\DL\GK\surface-defect-detection\data\images\val\ksdd2_11458.png,True,1,226,635
val,ksdd2_11463,E:\Data (Drive)\IUH\DL\GK\surface-defect-detection\data\images\val\ksdd2_11463.png,False,0,233,640
val,ksdd2_11466,E:\Data (Drive)\IUH\DL\GK\surface-defect-detection\data\images\val\ksdd2_11466.png,False,0,229,638
val,ksdd2_11472,E:\Data (Drive)\IUH\DL\GK\surface-defect-detection\data\images\val\ksdd2_11472.png,False,0,229,638
val,ksdd2_11476,E:\Data (Drive)\IUH\DL\GK\surface-defect-detection\data\images\val\ksdd2_11476.png,False,0,217,631
val,ksdd2_11494,E:\Data (Drive)\IUH\DL\GK\surface-defect-detection\data\images\val\ksdd2_11494.png,False,0,205,630
val,ksdd2_11496,E:\Data (Drive)\IUH\DL\GK\surface-defect-detection\data\images\val\ksdd2_11496.png,False,0,224,638
val,ksdd2_11502,E:\Data (Drive)\IUH\DL\GK\surface-defect-detection\data\images\val\ksdd2_11502.png,False,0,229,635
val,ksdd2_11507,E:\Data (Drive)\IUH\DL\GK\surface-defect-detection\data\images\val\ksdd2_11507.png,False,0,216,631
val,ksdd2_11513,E:\Data (Drive)\IUH\DL\GK\surface-defect-detection\data\images\val\ksdd2_11513.png,False,0,230,641
val,ksdd2_11515,E:\Data (Drive)\IUH\DL\GK\surface-defect-detection\data\images\val\ksdd2_11515.png,False,0,226,632
val,ksdd2_11519,E:\Data (Drive)\IUH\DL\GK\surface-defect-detection\data\images\val\ksdd2_11519.png,False,0,228,630
val,ksdd2_11540,E:\Data (Drive)\IUH\DL\GK\surface-defect-detection\data\images\val\ksdd2_11540.png,False,0,233,646
val,ksdd2_11541,E:\Data (Drive)\IUH\DL\GK\surface-defect-detection\data\images\val\ksdd2_11541.png,False,0,231,619
val,ksdd2_11547,E:\Data (Drive)\IUH\DL\GK\surface-defect-detection\data\images\val\ksdd2_11547.png,False,0,236,634
val,ksdd2_11551,E:\Data (Drive)\IUH\DL\GK\surface-defect-detection\data\images\val\ksdd2_11551.png,False,0,230,626
val,ksdd2_11565,E:\Data (Drive)\IUH\DL\GK\surface-defect-detection\data\images\val\ksdd2_11565.png,False,0,234,642
val,ksdd2_11571,E:\Data (Drive)\IUH\DL\GK\surface-defect-detection\data\images\val\ksdd2_11571.png,False,0,228,645
val,ksdd2_11574,E:\Data (Drive)\IUH\DL\GK\surface-defect-detection\data\images\val\ksdd2_11574.png,True,1,231,640
val,ksdd2_11587,E:\Data (Drive)\IUH\DL\GK\surface-defect-detection\data\images\val\ksdd2_11587.png,False,0,227,636
val,ksdd2_11605,E:\Data (Drive)\IUH\DL\GK\surface-defect-detection\data\images\val\ksdd2_11605.png,False,0,230,635
val,ksdd2_11607,E:\Data (Drive)\IUH\DL\GK\surface-defect-detection\data\images\val\ksdd2_11607.png,False,0,228,641
val,ksdd2_11612,E:\Data (Drive)\IUH\DL\GK\surface-defect-detection\data\images\val\ksdd2_11612.png,True,1,229,640
val,ksdd2_11636,E:\Data (Drive)\IUH\DL\GK\surface-defect-detection\data\images\val\ksdd2_11636.png,False,0,229,635
val,ksdd2_11637,E:\Data (Drive)\IUH\DL\GK\surface-defect-detection\data\images\val\ksdd2_11637.png,False,0,230,640
val,ksdd2_11638,E:\Data (Drive)\IUH\DL\GK\surface-defect-detection\data\images\val\ksdd2_11638.png,False,0,230,642
val,ksdd2_11649,E:\Data (Drive)\IUH\DL\GK\surface-defect-detection\data\images\val\ksdd2_11649.png,False,0,227,642
val,ksdd2_11652,E:\Data (Drive)\IUH\DL\GK\surface-defect-detection\data\images\val\ksdd2_11652.png,False,0,208,641
val,ksdd2_11656,E:\Data (Drive)\IUH\DL\GK\surface-defect-detection\data\images\val\ksdd2_11656.png,False,0,232,636
val,ksdd2_11667,E:\Data (Drive)\IUH\DL\GK\surface-defect-detection\data\images\val\ksdd2_11667.png,False,0,226,622
val,ksdd2_11673,E:\Data (Drive)\IUH\DL\GK\surface-defect-detection\data\images\val\ksdd2_11673.png,False,0,226,634
val,ksdd2_11679,E:\Data (Drive)\IUH\DL\GK\surface-defect-detection\data\images\val\ksdd2_11679.png,False,0,232,634
val,ksdd2_11684,E:\Data (Drive)\IUH\DL\GK\surface-defect-detection\data\images\val\ksdd2_11684.png,False,0,236,638
val,ksdd2_11686,E:\Data (Drive)\IUH\DL\GK\surface-defect-detection\data\images\val\ksdd2_11686.png,False,0,231,642
val,ksdd2_11694,E:\Data (Drive)\IUH\DL\GK\surface-defect-detection\data\images\val\ksdd2_11694.png,False,0,226,630
val,ksdd2_11697,E:\Data (Drive)\IUH\DL\GK\surface-defect-detection\data\images\val\ksdd2_11697.png,False,0,236,646
val,ksdd2_11712,E:\Data (Drive)\IUH\DL\GK\surface-defect-detection\data\images\val\ksdd2_11712.png,False,0,227,639
val,ksdd2_11723,E:\Data (Drive)\IUH\DL\GK\surface-defect-detection\data\images\val\ksdd2_11723.png,False,0,234,640
val,ksdd2_11734,E:\Data (Drive)\IUH\DL\GK\surface-defect-detection\data\images\val\ksdd2_11734.png,False,0,224,632
val,ksdd2_11738,E:\Data (Drive)\IUH\DL\GK\surface-defect-detection\data\images\val\ksdd2_11738.png,False,0,223,633
val,ksdd2_11740,E:\Data (Drive)\IUH\DL\GK\surface-defect-detection\data\images\val\ksdd2_11740.png,False,0,226,614
val,ksdd2_11741,E:\Data (Drive)\IUH\DL\GK\surface-defect-detection\data\images\val\ksdd2_11741.png,False,0,231,629
val,ksdd2_11746,E:\Data (Drive)\IUH\DL\GK\surface-defect-detection\data\images\val\ksdd2_11746.png,True,2,228,638
val,ksdd2_11752,E:\Data (Drive)\IUH\DL\GK\surface-defect-detection\data\images\val\ksdd2_11752.png,False,0,222,632
val,ksdd2_11757,E:\Data (Drive)\IUH\DL\GK\surface-defect-detection\data\images\val\ksdd2_11757.png,False,0,229,639
val,ksdd2_11763,E:\Data (Drive)\IUH\DL\GK\surface-defect-detection\data\images\val\ksdd2_11763.png,False,0,231,635
val,ksdd2_11774,E:\Data (Drive)\IUH\DL\GK\surface-defect-detection\data\images\val\ksdd2_11774.png,False,0,232,639
val,ksdd2_11775,E:\Data (Drive)\IUH\DL\GK\surface-defect-detection\data\images\val\ksdd2_11775.png,True,1,229,633
val,ksdd2_11800,E:\Data (Drive)\IUH\DL\GK\surface-defect-detection\data\images\val\ksdd2_11800.png,True,1,216,626
val,ksdd2_11801,E:\Data (Drive)\IUH\DL\GK\surface-defect-detection\data\images\val\ksdd2_11801.png,False,0,228,638
val,ksdd2_11807,E:\Data (Drive)\IUH\DL\GK\surface-defect-detection\data\images\val\ksdd2_11807.png,False,0,226,631
val,ksdd2_11810,E:\Data (Drive)\IUH\DL\GK\surface-defect-detection\data\images\val\ksdd2_11810.png,True,1,231,640
val,ksdd2_11815,E:\Data (Drive)\IUH\DL\GK\surface-defect-detection\data\images\val\ksdd2_11815.png,False,0,230,640
val,ksdd2_11816,E:\Data (Drive)\IUH\DL\GK\surface-defect-detection\data\images\val\ksdd2_11816.png,False,0,228,634
val,ksdd2_11818,E:\Data (Drive)\IUH\DL\GK\surface-defect-detection\data\images\val\ksdd2_11818.png,False,0,231,637
val,ksdd2_11828,E:\Data (Drive)\IUH\DL\GK\surface-defect-detection\data\images\val\ksdd2_11828.png,False,0,228,635
val,ksdd2_11829,E:\Data (Drive)\IUH\DL\GK\surface-defect-detection\data\images\val\ksdd2_11829.png,False,0,229,644
val,ksdd2_11836,E:\Data (Drive)\IUH\DL\GK\surface-defect-detection\data\images\val\ksdd2_11836.png,True,1,229,637
val,ksdd2_11845,E:\Data (Drive)\IUH\DL\GK\surface-defect-detection\data\images\val\ksdd2_11845.png,False,0,228,629
val,ksdd2_11863,E:\Data (Drive)\IUH\DL\GK\surface-defect-detection\data\images\val\ksdd2_11863.png,False,0,229,637
val,ksdd2_11865,E:\Data (Drive)\IUH\DL\GK\surface-defect-detection\data\images\val\ksdd2_11865.png,False,0,229,636
val,ksdd2_11873,E:\Data (Drive)\IUH\DL\GK\surface-defect-detection\data\images\val\ksdd2_11873.png,False,0,231,641
val,ksdd2_11877,E:\Data (Drive)\IUH\DL\GK\surface-defect-detection\data\images\val\ksdd2_11877.png,False,0,228,645
val,ksdd2_11882,E:\Data (Drive)\IUH\DL\GK\surface-defect-detection\data\images\val\ksdd2_11882.png,False,0,228,639
val,ksdd2_11888,E:\Data (Drive)\IUH\DL\GK\surface-defect-detection\data\images\val\ksdd2_11888.png,False,0,227,622
val,ksdd2_11897,E:\Data (Drive)\IUH\DL\GK\surface-defect-detection\data\images\val\ksdd2_11897.png,False,0,229,645
val,ksdd2_11901,E:\Data (Drive)\IUH\DL\GK\surface-defect-detection\data\images\val\ksdd2_11901.png,False,0,229,646
val,ksdd2_11920,E:\Data (Drive)\IUH\DL\GK\surface-defect-detection\data\images\val\ksdd2_11920.png,True,1,231,637
val,ksdd2_11927,E:\Data (Drive)\IUH\DL\GK\surface-defect-detection\data\images\val\ksdd2_11927.png,True,1,229,638
val,ksdd2_11941,E:\Data (Drive)\IUH\DL\GK\surface-defect-detection\data\images\val\ksdd2_11941.png,False,0,230,636
val,ksdd2_11946,E:\Data (Drive)\IUH\DL\GK\surface-defect-detection\data\images\val\ksdd2_11946.png,False,0,230,643
val,ksdd2_11963,E:\Data (Drive)\IUH\DL\GK\surface-defect-detection\data\images\val\ksdd2_11963.png,False,0,226,632
val,ksdd2_11972,E:\Data (Drive)\IUH\DL\GK\surface-defect-detection\data\images\val\ksdd2_11972.png,False,0,233,638
val,ksdd2_11977,E:\Data (Drive)\IUH\DL\GK\surface-defect-detection\data\images\val\ksdd2_11977.png,False,0,230,635
val,ksdd2_11987,E:\Data (Drive)\IUH\DL\GK\surface-defect-detection\data\images\val\ksdd2_11987.png,False,0,215,648
val,ksdd2_12003,E:\Data (Drive)\IUH\DL\GK\surface-defect-detection\data\images\val\ksdd2_12003.png,False,0,230,631
val,ksdd2_12009,E:\Data (Drive)\IUH\DL\GK\surface-defect-detection\data\images\val\ksdd2_12009.png,False,0,220,617
val,ksdd2_12014,E:\Data (Drive)\IUH\DL\GK\surface-defect-detection\data\images\val\ksdd2_12014.png,False,0,231,636
val,ksdd2_12015,E:\Data (Drive)\IUH\DL\GK\surface-defect-detection\data\images\val\ksdd2_12015.png,False,0,232,630
val,ksdd2_12016,E:\Data (Drive)\IUH\DL\GK\surface-defect-detection\data\images\val\ksdd2_12016.png,False,0,233,642
val,ksdd2_12021,E:\Data (Drive)\IUH\DL\GK\surface-defect-detection\data\images\val\ksdd2_12021.png,False,0,230,634
val,ksdd2_12024,E:\Data (Drive)\IUH\DL\GK\surface-defect-detection\data\images\val\ksdd2_12024.png,False,0,225,638
val,ksdd2_12029,E:\Data (Drive)\IUH\DL\GK\surface-defect-detection\data\images\val\ksdd2_12029.png,False,0,228,635
val,ksdd2_12030,E:\Data (Drive)\IUH\DL\GK\surface-defect-detection\data\images\val\ksdd2_12030.png,False,0,234,636
val,ksdd2_12034,E:\Data (Drive)\IUH\DL\GK\surface-defect-detection\data\images\val\ksdd2_12034.png,False,0,232,638
val,ksdd2_12043,E:\Data (Drive)\IUH\DL\GK\surface-defect-detection\data\images\val\ksdd2_12043.png,False,0,227,625
val,ksdd2_12061,E:\Data (Drive)\IUH\DL\GK\surface-defect-detection\data\images\val\ksdd2_12061.png,False,0,230,619
val,ksdd2_12076,E:\Data (Drive)\IUH\DL\GK\surface-defect-detection\data\images\val\ksdd2_12076.png,False,0,229,646
val,ksdd2_12077,E:\Data (Drive)\IUH\DL\GK\surface-defect-detection\data\images\val\ksdd2_12077.png,False,0,230,635
val,ksdd2_12090,E:\Data (Drive)\IUH\DL\GK\surface-defect-detection\data\images\val\ksdd2_12090.png,False,0,229,614
val,ksdd2_12091,E:\Data (Drive)\IUH\DL\GK\surface-defect-detection\data\images\val\ksdd2_12091.png,False,0,229,643
val,ksdd2_12102,E:\Data (Drive)\IUH\DL\GK\surface-defect-detection\data\images\val\ksdd2_12102.png,False,0,230,634
val,ksdd2_12110,E:\Data (Drive)\IUH\DL\GK\surface-defect-detection\data\images\val\ksdd2_12110.png,False,0,230,642
val,ksdd2_12112,E:\Data (Drive)\IUH\DL\GK\surface-defect-detection\data\images\val\ksdd2_12112.png,False,0,231,636
val,ksdd2_12114,E:\Data (Drive)\IUH\DL\GK\surface-defect-detection\data\images\val\ksdd2_12114.png,False,0,230,644
val,ksdd2_12123,E:\Data (Drive)\IUH\DL\GK\surface-defect-detection\data\images\val\ksdd2_12123.png,False,0,227,603
val,ksdd2_12127,E:\Data (Drive)\IUH\DL\GK\surface-defect-detection\data\images\val\ksdd2_12127.png,False,0,230,638
val,ksdd2_12142,E:\Data (Drive)\IUH\DL\GK\surface-defect-detection\data\images\val\ksdd2_12142.png,False,0,230,638
val,ksdd2_12143,E:\Data (Drive)\IUH\DL\GK\surface-defect-detection\data\images\val\ksdd2_12143.png,False,0,229,619
val,ksdd2_12147,E:\Data (Drive)\IUH\DL\GK\surface-defect-detection\data\images\val\ksdd2_12147.png,False,0,228,648
val,ksdd2_12148,E:\Data (Drive)\IUH\DL\GK\surface-defect-detection\data\images\val\ksdd2_12148.png,False,0,231,639
val,ksdd2_12149,E:\Data (Drive)\IUH\DL\GK\surface-defect-detection\data\images\val\ksdd2_12149.png,False,0,230,606
val,ksdd2_12150,E:\Data (Drive)\IUH\DL\GK\surface-defect-detection\data\images\val\ksdd2_12150.png,False,0,230,632
val,ksdd2_12156,E:\Data (Drive)\IUH\DL\GK\surface-defect-detection\data\images\val\ksdd2_12156.png,False,0,232,640
val,ksdd2_12159,E:\Data (Drive)\IUH\DL\GK\surface-defect-detection\data\images\val\ksdd2_12159.png,False,0,232,638
val,ksdd2_12163,E:\Data (Drive)\IUH\DL\GK\surface-defect-detection\data\images\val\ksdd2_12163.png,False,0,228,636
val,ksdd2_12183,E:\Data (Drive)\IUH\DL\GK\surface-defect-detection\data\images\val\ksdd2_12183.png,False,0,231,645
val,ksdd2_12187,E:\Data (Drive)\IUH\DL\GK\surface-defect-detection\data\images\val\ksdd2_12187.png,False,0,229,637
val,ksdd2_12202,E:\Data (Drive)\IUH\DL\GK\surface-defect-detection\data\images\val\ksdd2_12202.png,False,0,231,640
val,ksdd2_12205,E:\Data (Drive)\IUH\DL\GK\surface-defect-detection\data\images\val\ksdd2_12205.png,False,0,228,628
val,ksdd2_12208,E:\Data (Drive)\IUH\DL\GK\surface-defect-detection\data\images\val\ksdd2_12208.png,False,0,229,631
val,ksdd2_12213,E:\Data (Drive)\IUH\DL\GK\surface-defect-detection\data\images\val\ksdd2_12213.png,False,0,228,641
val,ksdd2_12215,E:\Data (Drive)\IUH\DL\GK\surface-defect-detection\data\images\val\ksdd2_12215.png,False,0,230,629
val,ksdd2_12216,E:\Data (Drive)\IUH\DL\GK\surface-defect-detection\data\images\val\ksdd2_12216.png,True,2,229,635
val,ksdd2_12229,E:\Data (Drive)\IUH\DL\GK\surface-defect-detection\data\images\val\ksdd2_12229.png,False,0,228,633
val,ksdd2_12236,E:\Data (Drive)\IUH\DL\GK\surface-defect-detection\data\images\val\ksdd2_12236.png,False,0,229,630
val,ksdd2_12237,E:\Data (Drive)\IUH\DL\GK\surface-defect-detection\data\images\val\ksdd2_12237.png,True,2,232,638
val,ksdd2_12238,E:\Data (Drive)\IUH\DL\GK\surface-defect-detection\data\images\val\ksdd2_12238.png,False,0,232,612
val,ksdd2_12245,E:\Data (Drive)\IUH\DL\GK\surface-defect-detection\data\images\val\ksdd2_12245.png,True,1,230,637
val,ksdd2_12249,E:\Data (Drive)\IUH\DL\GK\surface-defect-detection\data\images\val\ksdd2_12249.png,False,0,229,638
val,ksdd2_12252,E:\Data (Drive)\IUH\DL\GK\surface-defect-detection\data\images\val\ksdd2_12252.png,False,0,229,635
val,ksdd2_12258,E:\Data (Drive)\IUH\DL\GK\surface-defect-detection\data\images\val\ksdd2_12258.png,False,0,229,627
val,ksdd2_12264,E:\Data (Drive)\IUH\DL\GK\surface-defect-detection\data\images\val\ksdd2_12264.png,False,0,230,636
val,ksdd2_12265,E:\Data (Drive)\IUH\DL\GK\surface-defect-detection\data\images\val\ksdd2_12265.png,False,0,212,648
val,ksdd2_12270,E:\Data (Drive)\IUH\DL\GK\surface-defect-detection\data\images\val\ksdd2_12270.png,False,0,206,641
val,ksdd2_12275,E:\Data (Drive)\IUH\DL\GK\surface-defect-detection\data\images\val\ksdd2_12275.png,False,0,229,628
val,ksdd2_12278,E:\Data (Drive)\IUH\DL\GK\surface-defect-detection\data\images\val\ksdd2_12278.png,False,0,229,628
val,ksdd2_12286,E:\Data (Drive)\IUH\DL\GK\surface-defect-detection\data\images\val\ksdd2_12286.png,False,0,229,624
val,ksdd2_12294,E:\Data (Drive)\IUH\DL\GK\surface-defect-detection\data\images\val\ksdd2_12294.png,False,0,229,628
val,ksdd2_12296,E:\Data (Drive)\IUH\DL\GK\surface-defect-detection\data\images\val\ksdd2_12296.png,False,0,229,646
val,ksdd2_12323,E:\Data (Drive)\IUH\DL\GK\surface-defect-detection\data\images\val\ksdd2_12323.png,False,0,230,658
val,ksdd2_12325,E:\Data (Drive)\IUH\DL\GK\surface-defect-detection\data\images\val\ksdd2_12325.png,False,0,228,627
val,ksdd2_12328,E:\Data (Drive)\IUH\DL\GK\surface-defect-detection\data\images\val\ksdd2_12328.png,False,0,230,633
val,ksdd2_20020,E:\Data (Drive)\IUH\DL\GK\surface-defect-detection\data\images\val\ksdd2_20020.png,False,0,226,636
val,ksdd2_20036,E:\Data (Drive)\IUH\DL\GK\surface-defect-detection\data\images\val\ksdd2_20036.png,False,0,229,646
val,ksdd2_20038,E:\Data (Drive)\IUH\DL\GK\surface-defect-detection\data\images\val\ksdd2_20038.png,False,0,230,637
val,ksdd2_20054,E:\Data (Drive)\IUH\DL\GK\surface-defect-detection\data\images\val\ksdd2_20054.png,False,0,230,654
val,ksdd2_20063,E:\Data (Drive)\IUH\DL\GK\surface-defect-detection\data\images\val\ksdd2_20063.png,False,0,232,634
val,ksdd2_20070,E:\Data (Drive)\IUH\DL\GK\surface-defect-detection\data\images\val\ksdd2_20070.png,False,0,230,633
val,ksdd2_20071,E:\Data (Drive)\IUH\DL\GK\surface-defect-detection\data\images\val\ksdd2_20071.png,False,0,229,637
val,ksdd2_20077,E:\Data (Drive)\IUH\DL\GK\surface-defect-detection\data\images\val\ksdd2_20077.png,False,0,230,639
val,ksdd2_20078,E:\Data (Drive)\IUH\DL\GK\surface-defect-detection\data\images\val\ksdd2_20078.png,False,0,231,641
val,ksdd2_20091,E:\Data (Drive)\IUH\DL\GK\surface-defect-detection\data\images\val\ksdd2_20091.png,False,0,229,650
val,ksdd2_20104,E:\Data (Drive)\IUH\DL\GK\surface-defect-detection\data\images\val\ksdd2_20104.png,False,0,230,636
val,ksdd2_20111,E:\Data (Drive)\IUH\DL\GK\surface-defect-detection\data\images\val\ksdd2_20111.png,False,0,233,615
val,ksdd2_20113,E:\Data (Drive)\IUH\DL\GK\surface-defect-detection\data\images\val\ksdd2_20113.png,False,0,229,634
val,ksdd2_20118,E:\Data (Drive)\IUH\DL\GK\surface-defect-detection\data\images\val\ksdd2_20118.png,True,1,229,637
val,ksdd2_20125,E:\Data (Drive)\IUH\DL\GK\surface-defect-detection\data\images\val\ksdd2_20125.png,True,1,235,633
val,ksdd2_20131,E:\Data (Drive)\IUH\DL\GK\surface-defect-detection\data\images\val\ksdd2_20131.png,False,0,231,643
val,ksdd2_20136,E:\Data (Drive)\IUH\DL\GK\surface-defect-detection\data\images\val\ksdd2_20136.png,False,0,229,634
val,ksdd2_20144,E:\Data (Drive)\IUH\DL\GK\surface-defect-detection\data\images\val\ksdd2_20144.png,False,0,229,635
val,ksdd2_20161,E:\Data (Drive)\IUH\DL\GK\surface-defect-detection\data\images\val\ksdd2_20161.png,False,0,233,629
val,ksdd2_20169,E:\Data (Drive)\IUH\DL\GK\surface-defect-detection\data\images\val\ksdd2_20169.png,False,0,231,648
val,ksdd2_20175,E:\Data (Drive)\IUH\DL\GK\surface-defect-detection\data\images\val\ksdd2_20175.png,True,1,223,625
val,ksdd2_20183,E:\Data (Drive)\IUH\DL\GK\surface-defect-detection\data\images\val\ksdd2_20183.png,False,0,230,636
val,ksdd2_20187,E:\Data (Drive)\IUH\DL\GK\surface-defect-detection\data\images\val\ksdd2_20187.png,False,0,230,634
val,ksdd2_20188,E:\Data (Drive)\IUH\DL\GK\surface-defect-detection\data\images\val\ksdd2_20188.png,False,0,225,641
val,ksdd2_20191,E:\Data (Drive)\IUH\DL\GK\surface-defect-detection\data\images\val\ksdd2_20191.png,False,0,229,635
val,ksdd2_20192,E:\Data (Drive)\IUH\DL\GK\surface-defect-detection\data\images\val\ksdd2_20192.png,False,0,229,636
val,ksdd2_20196,E:\Data (Drive)\IUH\DL\GK\surface-defect-detection\data\images\val\ksdd2_20196.png,False,0,229,628
val,ksdd2_20197,E:\Data (Drive)\IUH\DL\GK\surface-defect-detection\data\images\val\ksdd2_20197.png,False,0,233,630
val,ksdd2_20198,E:\Data (Drive)\IUH\DL\GK\surface-defect-detection\data\images\val\ksdd2_20198.png,False,0,233,628
val,ksdd2_20203,E:\Data (Drive)\IUH\DL\GK\surface-defect-detection\data\images\val\ksdd2_20203.png,False,0,231,638
val,ksdd2_20204,E:\Data (Drive)\IUH\DL\GK\surface-defect-detection\data\images\val\ksdd2_20204.png,True,1,232,641
val,ksdd2_20224,E:\Data (Drive)\IUH\DL\GK\surface-defect-detection\data\images\val\ksdd2_20224.png,False,0,229,640
val,ksdd2_20231,E:\Data (Drive)\IUH\DL\GK\surface-defect-detection\data\images\val\ksdd2_20231.png,True,1,230,630
val,ksdd2_20238,E:\Data (Drive)\IUH\DL\GK\surface-defect-detection\data\images\val\ksdd2_20238.png,False,0,215,633
val,ksdd2_20247,E:\Data (Drive)\IUH\DL\GK\surface-defect-detection\data\images\val\ksdd2_20247.png,False,0,230,639
val,ksdd2_20248,E:\Data (Drive)\IUH\DL\GK\surface-defect-detection\data\images\val\ksdd2_20248.png,False,0,233,642
val,ksdd2_20252,E:\Data (Drive)\IUH\DL\GK\surface-defect-detection\data\images\val\ksdd2_20252.png,False,0,232,639
val,ksdd2_20265,E:\Data (Drive)\IUH\DL\GK\surface-defect-detection\data\images\val\ksdd2_20265.png,False,0,202,622
val,ksdd2_20272,E:\Data (Drive)\IUH\DL\GK\surface-defect-detection\data\images\val\ksdd2_20272.png,False,0,237,634
val,ksdd2_20274,E:\Data (Drive)\IUH\DL\GK\surface-defect-detection\data\images\val\ksdd2_20274.png,False,0,230,643
val,ksdd2_20285,E:\Data (Drive)\IUH\DL\GK\surface-defect-detection\data\images\val\ksdd2_20285.png,False,0,231,643
val,ksdd2_20300,E:\Data (Drive)\IUH\DL\GK\surface-defect-detection\data\images\val\ksdd2_20300.png,False,0,227,637
val,ksdd2_20303,E:\Data (Drive)\IUH\DL\GK\surface-defect-detection\data\images\val\ksdd2_20303.png,False,0,223,637
val,ksdd2_20305,E:\Data (Drive)\IUH\DL\GK\surface-defect-detection\data\images\val\ksdd2_20305.png,False,0,230,645
val,ksdd2_20309,E:\Data (Drive)\IUH\DL\GK\surface-defect-detection\data\images\val\ksdd2_20309.png,False,0,224,639
val,ksdd2_20312,E:\Data (Drive)\IUH\DL\GK\surface-defect-detection\data\images\val\ksdd2_20312.png,False,0,230,636
val,ksdd2_20315,E:\Data (Drive)\IUH\DL\GK\surface-defect-detection\data\images\val\ksdd2_20315.png,False,0,233,640
val,ksdd2_20327,E:\Data (Drive)\IUH\DL\GK\surface-defect-detection\data\images\val\ksdd2_20327.png,False,0,228,645
val,ksdd2_20332,E:\Data (Drive)\IUH\DL\GK\surface-defect-detection\data\images\val\ksdd2_20332.png,False,0,236,636
val,ksdd2_20361,E:\Data (Drive)\IUH\DL\GK\surface-defect-detection\data\images\val\ksdd2_20361.png,False,0,227,637
val,ksdd2_20365,E:\Data (Drive)\IUH\DL\GK\surface-defect-detection\data\images\val\ksdd2_20365.png,False,0,230,634
val,ksdd2_20366,E:\Data (Drive)\IUH\DL\GK\surface-defect-detection\data\images\val\ksdd2_20366.png,False,0,231,641
val,ksdd2_20367,E:\Data (Drive)\IUH\DL\GK\surface-defect-detection\data\images\val\ksdd2_20367.png,False,0,231,635
val,ksdd2_20368,E:\Data (Drive)\IUH\DL\GK\surface-defect-detection\data\images\val\ksdd2_20368.png,False,0,227,637
val,ksdd2_20371,E:\Data (Drive)\IUH\DL\GK\surface-defect-detection\data\images\val\ksdd2_20371.png,False,0,237,648
val,ksdd2_20372,E:\Data (Drive)\IUH\DL\GK\surface-defect-detection\data\images\val\ksdd2_20372.png,False,0,223,638
val,ksdd2_20380,E:\Data (Drive)\IUH\DL\GK\surface-defect-detection\data\images\val\ksdd2_20380.png,False,0,233,637
val,ksdd2_20383,E:\Data (Drive)\IUH\DL\GK\surface-defect-detection\data\images\val\ksdd2_20383.png,False,0,227,638
val,ksdd2_20388,E:\Data (Drive)\IUH\DL\GK\surface-defect-detection\data\images\val\ksdd2_20388.png,False,0,231,641
val,ksdd2_20391,E:\Data (Drive)\IUH\DL\GK\surface-defect-detection\data\images\val\ksdd2_20391.png,False,0,227,631
val,ksdd2_20397,E:\Data (Drive)\IUH\DL\GK\surface-defect-detection\data\images\val\ksdd2_20397.png,False,0,208,636
val,ksdd2_20400,E:\Data (Drive)\IUH\DL\GK\surface-defect-detection\data\images\val\ksdd2_20400.png,False,0,231,637
val,ksdd2_20404,E:\Data (Drive)\IUH\DL\GK\surface-defect-detection\data\images\val\ksdd2_20404.png,False,0,229,639
val,ksdd2_20419,E:\Data (Drive)\IUH\DL\GK\surface-defect-detection\data\images\val\ksdd2_20419.png,False,0,230,634
val,ksdd2_20439,E:\Data (Drive)\IUH\DL\GK\surface-defect-detection\data\images\val\ksdd2_20439.png,True,1,227,635
val,ksdd2_20448,E:\Data (Drive)\IUH\DL\GK\surface-defect-detection\data\images\val\ksdd2_20448.png,False,0,231,644
val,ksdd2_20453,E:\Data (Drive)\IUH\DL\GK\surface-defect-detection\data\images\val\ksdd2_20453.png,False,0,233,637
val,ksdd2_20456,E:\Data (Drive)\IUH\DL\GK\surface-defect-detection\data\images\val\ksdd2_20456.png,False,0,235,639
val,ksdd2_20459,E:\Data (Drive)\IUH\DL\GK\surface-defect-detection\data\images\val\ksdd2_20459.png,False,0,232,644
val,ksdd2_20463,E:\Data (Drive)\IUH\DL\GK\surface-defect-detection\data\images\val\ksdd2_20463.png,False,0,230,638
val,ksdd2_20477,E:\Data (Drive)\IUH\DL\GK\surface-defect-detection\data\images\val\ksdd2_20477.png,False,0,229,634
val,ksdd2_20486,E:\Data (Drive)\IUH\DL\GK\surface-defect-detection\data\images\val\ksdd2_20486.png,True,1,228,635
val,ksdd2_20489,E:\Data (Drive)\IUH\DL\GK\surface-defect-detection\data\images\val\ksdd2_20489.png,False,0,227,633
val,ksdd2_20495,E:\Data (Drive)\IUH\DL\GK\surface-defect-detection\data\images\val\ksdd2_20495.png,False,0,227,629
val,ksdd2_20498,E:\Data (Drive)\IUH\DL\GK\surface-defect-detection\data\images\val\ksdd2_20498.png,False,0,232,639
val,ksdd2_20511,E:\Data (Drive)\IUH\DL\GK\surface-defect-detection\data\images\val\ksdd2_20511.png,False,0,223,643
val,ksdd2_20512,E:\Data (Drive)\IUH\DL\GK\surface-defect-detection\data\images\val\ksdd2_20512.png,False,0,226,634
val,ksdd2_20530,E:\Data (Drive)\IUH\DL\GK\surface-defect-detection\data\images\val\ksdd2_20530.png,False,0,234,650
val,ksdd2_20536,E:\Data (Drive)\IUH\DL\GK\surface-defect-detection\data\images\val\ksdd2_20536.png,False,0,234,643
val,ksdd2_20561,E:\Data (Drive)\IUH\DL\GK\surface-defect-detection\data\images\val\ksdd2_20561.png,True,1,232,637
val,ksdd2_20563,E:\Data (Drive)\IUH\DL\GK\surface-defect-detection\data\images\val\ksdd2_20563.png,False,0,227,639
val,ksdd2_20583,E:\Data (Drive)\IUH\DL\GK\surface-defect-detection\data\images\val\ksdd2_20583.png,False,0,226,640
val,ksdd2_20591,E:\Data (Drive)\IUH\DL\GK\surface-defect-detection\data\images\val\ksdd2_20591.png,False,0,227,630
val,ksdd2_20602,E:\Data (Drive)\IUH\DL\GK\surface-defect-detection\data\images\val\ksdd2_20602.png,False,0,233,644
val,ksdd2_20610,E:\Data (Drive)\IUH\DL\GK\surface-defect-detection\data\images\val\ksdd2_20610.png,False,0,221,642
val,ksdd2_20619,E:\Data (Drive)\IUH\DL\GK\surface-defect-detection\data\images\val\ksdd2_20619.png,False,0,228,643
val,ksdd2_20621,E:\Data (Drive)\IUH\DL\GK\surface-defect-detection\data\images\val\ksdd2_20621.png,False,0,230,645
val,ksdd2_20625,E:\Data (Drive)\IUH\DL\GK\surface-defect-detection\data\images\val\ksdd2_20625.png,True,1,234,639
val,ksdd2_20626,E:\Data (Drive)\IUH\DL\GK\surface-defect-detection\data\images\val\ksdd2_20626.png,False,0,233,640
val,ksdd2_20627,E:\Data (Drive)\IUH\DL\GK\surface-defect-detection\data\images\val\ksdd2_20627.png,False,0,236,637
val,ksdd2_20636,E:\Data (Drive)\IUH\DL\GK\surface-defect-detection\data\images\val\ksdd2_20636.png,False,0,233,632
val,ksdd2_20647,E:\Data (Drive)\IUH\DL\GK\surface-defect-detection\data\images\val\ksdd2_20647.png,False,0,233,638
val,ksdd2_20648,E:\Data (Drive)\IUH\DL\GK\surface-defect-detection\data\images\val\ksdd2_20648.png,False,0,233,633
val,ksdd2_20652,E:\Data (Drive)\IUH\DL\GK\surface-defect-detection\data\images\val\ksdd2_20652.png,False,0,228,638
val,ksdd2_20655,E:\Data (Drive)\IUH\DL\GK\surface-defect-detection\data\images\val\ksdd2_20655.png,False,0,231,645
val,ksdd2_20657,E:\Data (Drive)\IUH\DL\GK\surface-defect-detection\data\images\val\ksdd2_20657.png,False,0,229,635
val,ksdd2_20665,E:\Data (Drive)\IUH\DL\GK\surface-defect-detection\data\images\val\ksdd2_20665.png,True,3,226,646
val,ksdd2_20668,E:\Data (Drive)\IUH\DL\GK\surface-defect-detection\data\images\val\ksdd2_20668.png,False,0,229,633
val,ksdd2_20677,E:\Data (Drive)\IUH\DL\GK\surface-defect-detection\data\images\val\ksdd2_20677.png,False,0,228,641
val,ksdd2_20685,E:\Data (Drive)\IUH\DL\GK\surface-defect-detection\data\images\val\ksdd2_20685.png,True,1,228,627
val,ksdd2_20689,E:\Data (Drive)\IUH\DL\GK\surface-defect-detection\data\images\val\ksdd2_20689.png,False,0,227,631
val,ksdd2_20696,E:\Data (Drive)\IUH\DL\GK\surface-defect-detection\data\images\val\ksdd2_20696.png,False,0,230,642
val,ksdd2_20731,E:\Data (Drive)\IUH\DL\GK\surface-defect-detection\data\images\val\ksdd2_20731.png,False,0,229,637
val,ksdd2_20746,E:\Data (Drive)\IUH\DL\GK\surface-defect-detection\data\images\val\ksdd2_20746.png,False,0,231,638
val,ksdd2_20770,E:\Data (Drive)\IUH\DL\GK\surface-defect-detection\data\images\val\ksdd2_20770.png,False,0,228,637
val,ksdd2_20771,E:\Data (Drive)\IUH\DL\GK\surface-defect-detection\data\images\val\ksdd2_20771.png,False,0,231,641
val,ksdd2_20772,E:\Data (Drive)\IUH\DL\GK\surface-defect-detection\data\images\val\ksdd2_20772.png,True,1,230,641
val,ksdd2_20774,E:\Data (Drive)\IUH\DL\GK\surface-defect-detection\data\images\val\ksdd2_20774.png,False,0,229,636
val,ksdd2_20784,E:\Data (Drive)\IUH\DL\GK\surface-defect-detection\data\images\val\ksdd2_20784.png,True,1,230,646
val,ksdd2_20788,E:\Data (Drive)\IUH\DL\GK\surface-defect-detection\data\images\val\ksdd2_20788.png,False,0,227,631
val,ksdd2_20792,E:\Data (Drive)\IUH\DL\GK\surface-defect-detection\data\images\val\ksdd2_20792.png,False,0,229,633
val,ksdd2_20793,E:\Data (Drive)\IUH\DL\GK\surface-defect-detection\data\images\val\ksdd2_20793.png,False,0,230,642
val,ksdd2_20803,E:\Data (Drive)\IUH\DL\GK\surface-defect-detection\data\images\val\ksdd2_20803.png,False,0,231,636
val,ksdd2_20809,E:\Data (Drive)\IUH\DL\GK\surface-defect-detection\data\images\val\ksdd2_20809.png,False,0,225,636
val,ksdd2_20820,E:\Data (Drive)\IUH\DL\GK\surface-defect-detection\data\images\val\ksdd2_20820.png,False,0,232,637
val,ksdd2_20821,E:\Data (Drive)\IUH\DL\GK\surface-defect-detection\data\images\val\ksdd2_20821.png,True,1,231,641
val,ksdd2_20822,E:\Data (Drive)\IUH\DL\GK\surface-defect-detection\data\images\val\ksdd2_20822.png,False,0,232,646
val,ksdd2_20824,E:\Data (Drive)\IUH\DL\GK\surface-defect-detection\data\images\val\ksdd2_20824.png,False,0,231,622
val,ksdd2_20837,E:\Data (Drive)\IUH\DL\GK\surface-defect-detection\data\images\val\ksdd2_20837.png,False,0,224,638
val,ksdd2_20842,E:\Data (Drive)\IUH\DL\GK\surface-defect-detection\data\images\val\ksdd2_20842.png,False,0,230,642
val,ksdd2_20848,E:\Data (Drive)\IUH\DL\GK\surface-defect-detection\data\images\val\ksdd2_20848.png,True,1,231,638
val,ksdd2_20851,E:\Data (Drive)\IUH\DL\GK\surface-defect-detection\data\images\val\ksdd2_20851.png,False,0,228,628
val,ksdd2_20860,E:\Data (Drive)\IUH\DL\GK\surface-defect-detection\data\images\val\ksdd2_20860.png,False,0,230,654
val,ksdd2_20882,E:\Data (Drive)\IUH\DL\GK\surface-defect-detection\data\images\val\ksdd2_20882.png,True,3,228,615
val,ksdd2_20888,E:\Data (Drive)\IUH\DL\GK\surface-defect-detection\data\images\val\ksdd2_20888.png,False,0,232,638
val,ksdd2_20900,E:\Data (Drive)\IUH\DL\GK\surface-defect-detection\data\images\val\ksdd2_20900.png,False,0,230,640
val,ksdd2_20903,E:\Data (Drive)\IUH\DL\GK\surface-defect-detection\data\images\val\ksdd2_20903.png,False,0,227,640
val,ksdd2_20908,E:\Data (Drive)\IUH\DL\GK\surface-defect-detection\data\images\val\ksdd2_20908.png,False,0,229,602
val,ksdd2_20910,E:\Data (Drive)\IUH\DL\GK\surface-defect-detection\data\images\val\ksdd2_20910.png,False,0,226,629
val,ksdd2_20913,E:\Data (Drive)\IUH\DL\GK\surface-defect-detection\data\images\val\ksdd2_20913.png,False,0,229,629
val,ksdd2_20922,E:\Data (Drive)\IUH\DL\GK\surface-defect-detection\data\images\val\ksdd2_20922.png,True,2,230,601
val,ksdd2_20928,E:\Data (Drive)\IUH\DL\GK\surface-defect-detection\data\images\val\ksdd2_20928.png,False,0,231,630
val,ksdd2_20931,E:\Data (Drive)\IUH\DL\GK\surface-defect-detection\data\images\val\ksdd2_20931.png,False,0,229,626
val,ksdd2_20942,E:\Data (Drive)\IUH\DL\GK\surface-defect-detection\data\images\val\ksdd2_20942.png,True,1,228,622
val,ksdd2_20943,E:\Data (Drive)\IUH\DL\GK\surface-defect-detection\data\images\val\ksdd2_20943.png,False,0,217,641
val,ksdd2_20945,E:\Data (Drive)\IUH\DL\GK\surface-defect-detection\data\images\val\ksdd2_20945.png,False,0,230,626
val,ksdd2_20947,E:\Data (Drive)\IUH\DL\GK\surface-defect-detection\data\images\val\ksdd2_20947.png,False,0,230,625
val,ksdd2_20977,E:\Data (Drive)\IUH\DL\GK\surface-defect-detection\data\images\val\ksdd2_20977.png,False,0,231,636
val,ksdd2_20983,E:\Data (Drive)\IUH\DL\GK\surface-defect-detection\data\images\val\ksdd2_20983.png,False,0,230,637
val,ksdd2_20985,E:\Data (Drive)\IUH\DL\GK\surface-defect-detection\data\images\val\ksdd2_20985.png,False,0,229,639
val,ksdd2_20988,E:\Data (Drive)\IUH\DL\GK\surface-defect-detection\data\images\val\ksdd2_20988.png,False,0,231,632
val,ksdd2_20992,E:\Data (Drive)\IUH\DL\GK\surface-defect-detection\data\images\val\ksdd2_20992.png,False,0,231,641
val,ksdd2_21000,E:\Data (Drive)\IUH\DL\GK\surface-defect-detection\data\images\val\ksdd2_21000.png,False,0,232,641
val,ksdd2_21001,E:\Data (Drive)\IUH\DL\GK\surface-defect-detection\data\images\val\ksdd2_21001.png,False,0,229,645
val,ksdd2_21002,E:\Data (Drive)\IUH\DL\GK\surface-defect-detection\data\images\val\ksdd2_21002.png,False,0,229,626
val,mt_blowhole_exp1_num_108889,E:\Data (Drive)\IUH\DL\GK\surface-defect-detection\data\images\val\mt_blowhole_exp1_num_108889.png,True,1,248,373
val,mt_blowhole_exp1_num_322605,E:\Data (Drive)\IUH\DL\GK\surface-defect-detection\data\images\val\mt_blowhole_exp1_num_322605.png,True,1,204,257
val,mt_blowhole_exp2_num_291023,E:\Data (Drive)\IUH\DL\GK\surface-defect-detection\data\images\val\mt_blowhole_exp2_num_291023.png,True,1,294,356
val,mt_blowhole_exp2_num_297490,E:\Data (Drive)\IUH\DL\GK\surface-defect-detection\data\images\val\mt_blowhole_exp2_num_297490.png,True,1,220,267
val,mt_blowhole_exp2_num_4748,E:\Data (Drive)\IUH\DL\GK\surface-defect-detection\data\images\val\mt_blowhole_exp2_num_4748.png,True,1,121,285
val,mt_blowhole_exp3_num_108757,E:\Data (Drive)\IUH\DL\GK\surface-defect-detection\data\images\val\mt_blowhole_exp3_num_108757.png,True,1,259,381
val,mt_blowhole_exp3_num_346347,E:\Data (Drive)\IUH\DL\GK\surface-defect-detection\data\images\val\mt_blowhole_exp3_num_346347.png,True,1,512,375
val,mt_blowhole_exp3_num_36246,E:\Data (Drive)\IUH\DL\GK\surface-defect-detection\data\images\val\mt_blowhole_exp3_num_36246.png,True,1,117,283
val,mt_blowhole_exp3_num_40438,E:\Data (Drive)\IUH\DL\GK\surface-defect-detection\data\images\val\mt_blowhole_exp3_num_40438.png,True,1,116,290
val,mt_blowhole_exp4_num_308078,E:\Data (Drive)\IUH\DL\GK\surface-defect-detection\data\images\val\mt_blowhole_exp4_num_308078.png,True,1,219,273
val,mt_blowhole_exp4_num_317540,E:\Data (Drive)\IUH\DL\GK\surface-defect-detection\data\images\val\mt_blowhole_exp4_num_317540.png,True,1,219,266
val,mt_blowhole_exp4_num_328029,E:\Data (Drive)\IUH\DL\GK\surface-defect-detection\data\images\val\mt_blowhole_exp4_num_328029.png,True,1,353,353
val,mt_blowhole_exp4_num_36258,E:\Data (Drive)\IUH\DL\GK\surface-defect-detection\data\images\val\mt_blowhole_exp4_num_36258.png,True,1,120,287
val,mt_blowhole_exp4_num_40450,E:\Data (Drive)\IUH\DL\GK\surface-defect-detection\data\images\val\mt_blowhole_exp4_num_40450.png,True,1,125,287
val,mt_blowhole_exp4_num_51725,E:\Data (Drive)\IUH\DL\GK\surface-defect-detection\data\images\val\mt_blowhole_exp4_num_51725.png,True,1,123,289
val,mt_blowhole_exp4_num_7036,E:\Data (Drive)\IUH\DL\GK\surface-defect-detection\data\images\val\mt_blowhole_exp4_num_7036.png,True,1,472,353
val,mt_blowhole_exp5_num_297552,E:\Data (Drive)\IUH\DL\GK\surface-defect-detection\data\images\val\mt_blowhole_exp5_num_297552.png,True,1,221,272
val,mt_blowhole_exp6_num_4841,E:\Data (Drive)\IUH\DL\GK\surface-defect-detection\data\images\val\mt_blowhole_exp6_num_4841.png,True,1,122,288
val,mt_break_exp2_num_116961,E:\Data (Drive)\IUH\DL\GK\surface-defect-detection\data\images\val\mt_break_exp2_num_116961.png,True,1,608,256
val,mt_break_exp3_num_116981,E:\Data (Drive)\IUH\DL\GK\surface-defect-detection\data\images\val\mt_break_exp3_num_116981.png,True,1,606,264
val,mt_break_exp3_num_148977,E:\Data (Drive)\IUH\DL\GK\surface-defect-detection\data\images\val\mt_break_exp3_num_148977.png,True,1,632,312
val,mt_break_exp3_num_26146,E:\Data (Drive)\IUH\DL\GK\surface-defect-detection\data\images\val\mt_break_exp3_num_26146.png,True,1,532,312
val,mt_break_exp4_num_304328,E:\Data (Drive)\IUH\DL\GK\surface-defect-detection\data\images\val\mt_break_exp4_num_304328.png,True,1,202,245
val,mt_break_exp4_num_356767,E:\Data (Drive)\IUH\DL\GK\surface-defect-detection\data\images\val\mt_break_exp4_num_356767.png,True,1,510,384
val,mt_break_exp5_num_194256,E:\Data (Drive)\IUH\DL\GK\surface-defect-detection\data\images\val\mt_break_exp5_num_194256.png,True,3,181,329
val,mt_break_exp5_num_271434,E:\Data (Drive)\IUH\DL\GK\surface-defect-detection\data\images\val\mt_break_exp5_num_271434.png,True,1,221,278
val,mt_break_exp5_num_98336,E:\Data (Drive)\IUH\DL\GK\surface-defect-detection\data\images\val\mt_break_exp5_num_98336.png,True,5,421,296
val,mt_break_exp6_num_242123,E:\Data (Drive)\IUH\DL\GK\surface-defect-detection\data\images\val\mt_break_exp6_num_242123.png,True,1,198,276
val,mt_break_exp6_num_304361,E:\Data (Drive)\IUH\DL\GK\surface-defect-detection\data\images\val\mt_break_exp6_num_304361.png,True,1,207,262
val,mt_crack_exp1_num_3191,E:\Data (Drive)\IUH\DL\GK\surface-defect-detection\data\images\val\mt_crack_exp1_num_3191.png,True,1,469,370
val,mt_crack_exp1_num_339819,E:\Data (Drive)\IUH\DL\GK\surface-defect-detection\data\images\val\mt_crack_exp1_num_339819.png,True,1,390,371
val,mt_crack_exp1_num_86828,E:\Data (Drive)\IUH\DL\GK\surface-defect-detection\data\images\val\mt_crack_exp1_num_86828.png,True,1,599,243
val,mt_crack_exp2_num_3211,E:\Data (Drive)\IUH\DL\GK\surface-defect-detection\data\images\val\mt_crack_exp2_num_3211.png,True,1,470,369
val,mt_crack_exp2_num_339841,E:\Data (Drive)\IUH\DL\GK\surface-defect-detection\data\images\val\mt_crack_exp2_num_339841.png,True,1,360,380
val,mt_crack_exp5_num_116575,E:\Data (Drive)\IUH\DL\GK\surface-defect-detection\data\images\val\mt_crack_exp5_num_116575.png,True,1,292,349
val,mt_crack_exp5_num_249786,E:\Data (Drive)\IUH\DL\GK\surface-defect-detection\data\images\val\mt_crack_exp5_num_249786.png,True,1,220,270
val,mt_crack_exp5_num_265695,E:\Data (Drive)\IUH\DL\GK\surface-defect-detection\data\images\val\mt_crack_exp5_num_265695.png,True,2,203,386
val,mt_crack_exp5_num_3247,E:\Data (Drive)\IUH\DL\GK\surface-defect-detection\data\images\val\mt_crack_exp5_num_3247.png,True,1,375,376
val,mt_fray_exp1_num_135544,E:\Data (Drive)\IUH\DL\GK\surface-defect-detection\data\images\val\mt_fray_exp1_num_135544.png,True,2,602,240
val,mt_fray_exp1_num_136254,E:\Data (Drive)\IUH\DL\GK\surface-defect-detection\data\images\val\mt_fray_exp1_num_136254.png,True,1,568,233
val,mt_fray_exp1_num_20362,E:\Data (Drive)\IUH\DL\GK\surface-defect-detection\data\images\val\mt_fray_exp1_num_20362.png,True,1,502,308
val,mt_fray_exp4_num_135615,E:\Data (Drive)\IUH\DL\GK\surface-defect-detection\data\images\val\mt_fray_exp4_num_135615.png,True,1,603,252
val,mt_fray_exp6_num_136770,E:\Data (Drive)\IUH\DL\GK\surface-defect-detection\data\images\val\mt_fray_exp6_num_136770.png,True,1,540,238
val,mt_free_exp1_num_126299,E:\Data (Drive)\IUH\DL\GK\surface-defect-detection\data\images\val\mt_free_exp1_num_126299.png,False,0,298,334
val,mt_free_exp1_num_143147,E:\Data (Drive)\IUH\DL\GK\surface-defect-detection\data\images\val\mt_free_exp1_num_143147.png,False,0,603,254
val,mt_free_exp1_num_148923,E:\Data (Drive)\IUH\DL\GK\surface-defect-detection\data\images\val\mt_free_exp1_num_148923.png,False,0,590,235
val,mt_free_exp1_num_16503,E:\Data (Drive)\IUH\DL\GK\surface-defect-detection\data\images\val\mt_free_exp1_num_16503.png,False,0,529,315
val,mt_free_exp1_num_177906,E:\Data (Drive)\IUH\DL\GK\surface-defect-detection\data\images\val\mt_free_exp1_num_177906.png,False,0,190,307
val,mt_free_exp1_num_178453,E:\Data (Drive)\IUH\DL\GK\surface-defect-detection\data\images\val\mt_free_exp1_num_178453.png,False,0,190,321
val,mt_free_exp1_num_18129,E:\Data (Drive)\IUH\DL\GK\surface-defect-detection\data\images\val\mt_free_exp1_num_18129.png,False,0,512,319
val,mt_free_exp1_num_2038,E:\Data (Drive)\IUH\DL\GK\surface-defect-detection\data\images\val\mt_free_exp1_num_2038.png,False,0,502,368
val,mt_free_exp1_num_256261,E:\Data (Drive)\IUH\DL\GK\surface-defect-detection\data\images\val\mt_free_exp1_num_256261.png,False,0,265,375
val,mt_free_exp1_num_257103,E:\Data (Drive)\IUH\DL\GK\surface-defect-detection\data\images\val\mt_free_exp1_num_257103.png,False,0,218,273
val,mt_free_exp1_num_261937,E:\Data (Drive)\IUH\DL\GK\surface-defect-detection\data\images\val\mt_free_exp1_num_261937.png,False,0,218,273
val,mt_free_exp1_num_262642,E:\Data (Drive)\IUH\DL\GK\surface-defect-detection\data\images\val\mt_free_exp1_num_262642.png,False,0,265,381
val,mt_free_exp1_num_266278,E:\Data (Drive)\IUH\DL\GK\surface-defect-detection\data\images\val\mt_free_exp1_num_266278.png,False,0,215,249
val,mt_free_exp1_num_270550,E:\Data (Drive)\IUH\DL\GK\surface-defect-detection\data\images\val\mt_free_exp1_num_270550.png,False,0,245,330
val,mt_free_exp1_num_304293,E:\Data (Drive)\IUH\DL\GK\surface-defect-detection\data\images\val\mt_free_exp1_num_304293.png,False,0,307,324
val,mt_free_exp1_num_306586,E:\Data (Drive)\IUH\DL\GK\surface-defect-detection\data\images\val\mt_free_exp1_num_306586.png,False,0,348,365
val,mt_free_exp1_num_308806,E:\Data (Drive)\IUH\DL\GK\surface-defect-detection\data\images\val\mt_free_exp1_num_308806.png,False,0,357,358
val,mt_free_exp1_num_309648,E:\Data (Drive)\IUH\DL\GK\surface-defect-detection\data\images\val\mt_free_exp1_num_309648.png,False,0,218,270
val,mt_free_exp1_num_316698,E:\Data (Drive)\IUH\DL\GK\surface-defect-detection\data\images\val\mt_free_exp1_num_316698.png,False,0,348,364
val,mt_free_exp1_num_317885,E:\Data (Drive)\IUH\DL\GK\surface-defect-detection\data\images\val\mt_free_exp1_num_317885.png,False,0,360,364
val,mt_free_exp1_num_351039,E:\Data (Drive)\IUH\DL\GK\surface-defect-detection\data\images\val\mt_free_exp1_num_351039.png,False,0,490,355
val,mt_free_exp1_num_351427,E:\Data (Drive)\IUH\DL\GK\surface-defect-detection\data\images\val\mt_free_exp1_num_351427.png,False,0,509,357
val,mt_free_exp1_num_37243,E:\Data (Drive)\IUH\DL\GK\surface-defect-detection\data\images\val\mt_free_exp1_num_37243.png,False,0,518,325
val,mt_free_exp1_num_53011,E:\Data (Drive)\IUH\DL\GK\surface-defect-detection\data\images\val\mt_free_exp1_num_53011.png,False,0,516,336
val,mt_free_exp1_num_5907,E:\Data (Drive)\IUH\DL\GK\surface-defect-detection\data\images\val\mt_free_exp1_num_5907.png,False,0,521,330
val,mt_free_exp1_num_71177,E:\Data (Drive)\IUH\DL\GK\surface-defect-detection\data\images\val\mt_free_exp1_num_71177.png,False,0,125,281
val,mt_free_exp1_num_75090,E:\Data (Drive)\IUH\DL\GK\surface-defect-detection\data\images\val\mt_free_exp1_num_75090.png,False,0,611,261
val,mt_free_exp2_num_110118,E:\Data (Drive)\IUH\DL\GK\surface-defect-detection\data\images\val\mt_free_exp2_num_110118.png,False,0,609,248
val,mt_free_exp2_num_128095,E:\Data (Drive)\IUH\DL\GK\surface-defect-detection\data\images\val\mt_free_exp2_num_128095.png,False,0,313,346
val,mt_free_exp2_num_143192,E:\Data (Drive)\IUH\DL\GK\surface-defect-detection\data\images\val\mt_free_exp2_num_143192.png,False,0,602,254
val,mt_free_exp2_num_144192,E:\Data (Drive)\IUH\DL\GK\surface-defect-detection\data\images\val\mt_free_exp2_num_144192.png,False,0,603,247
val,mt_free_exp2_num_147954,E:\Data (Drive)\IUH\DL\GK\surface-defect-detection\data\images\val\mt_free_exp2_num_147954.png,False,0,600,241
val,mt_free_exp2_num_154576,E:\Data (Drive)\IUH\DL\GK\surface-defect-detection\data\images\val\mt_free_exp2_num_154576.png,False,0,197,318
val,mt_free_exp2_num_165392,E:\Data (Drive)\IUH\DL\GK\surface-defect-detection\data\images\val\mt_free_exp2_num_165392.png,False,0,203,313
val,mt_free_exp2_num_18159,E:\Data (Drive)\IUH\DL\GK\surface-defect-detection\data\images\val\mt_free_exp2_num_18159.png,False,0,517,331
val,mt_free_exp2_num_241368,E:\Data (Drive)\IUH\DL\GK\surface-defect-detection\data\images\val\mt_free_exp2_num_241368.png,False,0,220,266
val,mt_free_exp2_num_246323,E:\Data (Drive)\IUH\DL\GK\surface-defect-detection\data\images\val\mt_free_exp2_num_246323.png,False,0,222,273
val,mt_free_exp2_num_266815,E:\Data (Drive)\IUH\DL\GK\surface-defect-detection\data\images\val\mt_free_exp2_num_266815.png,False,0,214,271
val,mt_free_exp2_num_269104,E:\Data (Drive)\IUH\DL\GK\surface-defect-detection\data\images\val\mt_free_exp2_num_269104.png,False,0,221,275
val,mt_free_exp2_num_275393,E:\Data (Drive)\IUH\DL\GK\surface-defect-detection\data\images\val\mt_free_exp2_num_275393.png,False,0,262,376
val,mt_free_exp2_num_278584,E:\Data (Drive)\IUH\DL\GK\surface-defect-detection\data\images\val\mt_free_exp2_num_278584.png,False,0,265,377
val,mt_free_exp2_num_304688,E:\Data (Drive)\IUH\DL\GK\surface-defect-detection\data\images\val\mt_free_exp2_num_304688.png,False,0,326,308
val,mt_free_exp2_num_31124,E:\Data (Drive)\IUH\DL\GK\surface-defect-detection\data\images\val\mt_free_exp2_num_31124.png,False,0,121,283
val,mt_free_exp2_num_311334,E:\Data (Drive)\IUH\DL\GK\surface-defect-detection\data\images\val\mt_free_exp2_num_311334.png,False,0,206,276
val,mt_free_exp2_num_313853,E:\Data (Drive)\IUH\DL\GK\surface-defect-detection\data\images\val\mt_free_exp2_num_313853.png,False,0,253,368
val,mt_free_exp2_num_320822,E:\Data (Drive)\IUH\DL\GK\surface-defect-detection\data\images\val\mt_free_exp2_num_320822.png,False,0,359,363
val,mt_free_exp2_num_321452,E:\Data (Drive)\IUH\DL\GK\surface-defect-detection\data\images\val\mt_free_exp2_num_321452.png,False,0,373,377
val,mt_free_exp2_num_331946,E:\Data (Drive)\IUH\DL\GK\surface-defect-detection\data\images\val\mt_free_exp2_num_331946.png,False,0,367,351
val,mt_free_exp2_num_342873,E:\Data (Drive)\IUH\DL\GK\surface-defect-detection\data\images\val\mt_free_exp2_num_342873.png,False,0,499,369
val,mt_free_exp2_num_3524,E:\Data (Drive)\IUH\DL\GK\surface-defect-detection\data\images\val\mt_free_exp2_num_3524.png,False,0,133,285
val,mt_free_exp2_num_3811,E:\Data (Drive)\IUH\DL\GK\surface-defect-detection\data\images\val\mt_free_exp2_num_3811.png,False,0,124,284
val,mt_free_exp2_num_70514,E:\Data (Drive)\IUH\DL\GK\surface-defect-detection\data\images\val\mt_free_exp2_num_70514.png,False,0,127,287
val,mt_free_exp2_num_834,E:\Data (Drive)\IUH\DL\GK\surface-defect-detection\data\images\val\mt_free_exp2_num_834.png,False,0,484,362
val,mt_free_exp3_num_143234,E:\Data (Drive)\IUH\DL\GK\surface-defect-detection\data\images\val\mt_free_exp3_num_143234.png,False,0,600,270
val,mt_free_exp3_num_154595,E:\Data (Drive)\IUH\DL\GK\surface-defect-detection\data\images\val\mt_free_exp3_num_154595.png,False,0,199,312
val,mt_free_exp3_num_180885,E:\Data (Drive)\IUH\DL\GK\surface-defect-detection\data\images\val\mt_free_exp3_num_180885.png,False,0,196,321
val,mt_free_exp3_num_246338,E:\Data (Drive)\IUH\DL\GK\surface-defect-detection\data\images\val\mt_free_exp3_num_246338.png,False,0,220,276
val,mt_free_exp3_num_262674,E:\Data (Drive)\IUH\DL\GK\surface-defect-detection\data\images\val\mt_free_exp3_num_262674.png,False,0,267,385
val,mt_free_exp3_num_263864,E:\Data (Drive)\IUH\DL\GK\surface-defect-detection\data\images\val\mt_free_exp3_num_263864.png,False,0,267,387
val,mt_free_exp3_num_2642,E:\Data (Drive)\IUH\DL\GK\surface-defect-detection\data\images\val\mt_free_exp3_num_2642.png,False,0,120,291
val,mt_free_exp3_num_266831,E:\Data (Drive)\IUH\DL\GK\surface-defect-detection\data\images\val\mt_free_exp3_num_266831.png,False,0,215,274
val,mt_free_exp3_num_301511,E:\Data (Drive)\IUH\DL\GK\surface-defect-detection\data\images\val\mt_free_exp3_num_301511.png,False,0,368,372
val,mt_free_exp3_num_304319,E:\Data (Drive)\IUH\DL\GK\surface-defect-detection\data\images\val\mt_free_exp3_num_304319.png,False,0,315,318
val,mt_free_exp3_num_308837,E:\Data (Drive)\IUH\DL\GK\surface-defect-detection\data\images\val\mt_free_exp3_num_308837.png,False,0,367,358
val,mt_free_exp3_num_316726,E:\Data (Drive)\IUH\DL\GK\surface-defect-detection\data\images\val\mt_free_exp3_num_316726.png,False,0,352,363
val,mt_free_exp3_num_317588,E:\Data (Drive)\IUH\DL\GK\surface-defect-detection\data\images\val\mt_free_exp3_num_317588.png,False,0,379,345
val,mt_free_exp3_num_326938,E:\Data (Drive)\IUH\DL\GK\surface-defect-detection\data\images\val\mt_free_exp3_num_326938.png,False,0,364,367
val,mt_free_exp3_num_34117,E:\Data (Drive)\IUH\DL\GK\surface-defect-detection\data\images\val\mt_free_exp3_num_34117.png,False,0,503,317
val,mt_free_exp3_num_3828,E:\Data (Drive)\IUH\DL\GK\surface-defect-detection\data\images\val\mt_free_exp3_num_3828.png,False,0,114,273
val,mt_free_exp3_num_54145,E:\Data (Drive)\IUH\DL\GK\surface-defect-detection\data\images\val\mt_free_exp3_num_54145.png,False,0,529,332
val,mt_free_exp3_num_75119,E:\Data (Drive)\IUH\DL\GK\surface-defect-detection\data\images\val\mt_free_exp3_num_75119.png,False,0,591,256
val,mt_free_exp3_num_91008,E:\Data (Drive)\IUH\DL\GK\surface-defect-detection\data\images\val\mt_free_exp3_num_91008.png,False,0,602,244
val,mt_free_exp4_num_129654,E:\Data (Drive)\IUH\DL\GK\surface-defect-detection\data\images\val\mt_free_exp4_num_129654.png,False,0,251,377
val,mt_free_exp4_num_13589,E:\Data (Drive)\IUH\DL\GK\surface-defect-detection\data\images\val\mt_free_exp4_num_13589.png,False,0,513,339
val,mt_free_exp4_num_16575,E:\Data (Drive)\IUH\DL\GK\surface-defect-detection\data\images\val\mt_free_exp4_num_16575.png,False,0,533,310
val,mt_free_exp4_num_18204,E:\Data (Drive)\IUH\DL\GK\surface-defect-detection\data\images\val\mt_free_exp4_num_18204.png,False,0,511,328
val,mt_free_exp4_num_183223,E:\Data (Drive)\IUH\DL\GK\surface-defect-detection\data\images\val\mt_free_exp4_num_183223.png,False,0,199,320
val,mt_free_exp4_num_193151,E:\Data (Drive)\IUH\DL\GK\surface-defect-detection\data\images\val\mt_free_exp4_num_193151.png,False,0,194,322
val,mt_free_exp4_num_257938,E:\Data (Drive)\IUH\DL\GK\surface-defect-detection\data\images\val\mt_free_exp4_num_257938.png,False,0,248,329
val,mt_free_exp4_num_260535,E:\Data (Drive)\IUH\DL\GK\surface-defect-detection\data\images\val\mt_free_exp4_num_260535.png,False,0,221,252
val,mt_free_exp4_num_277041,E:\Data (Drive)\IUH\DL\GK\surface-defect-detection\data\images\val\mt_free_exp4_num_277041.png,False,0,271,379
val,mt_free_exp4_num_293757,E:\Data (Drive)\IUH\DL\GK\surface-defect-detection\data\images\val\mt_free_exp4_num_293757.png,False,0,311,337
val,mt_free_exp4_num_306634,E:\Data (Drive)\IUH\DL\GK\surface-defect-detection\data\images\val\mt_free_exp4_num_306634.png,False,0,360,375
val,mt_free_exp4_num_319469,E:\Data (Drive)\IUH\DL\GK\surface-defect-detection\data\images\val\mt_free_exp4_num_319469.png,False,0,217,281
val,mt_free_exp4_num_319729,E:\Data (Drive)\IUH\DL\GK\surface-defect-detection\data\images\val\mt_free_exp4_num_319729.png,False,0,339,367
val,mt_free_exp4_num_326953,E:\Data (Drive)\IUH\DL\GK\surface-defect-detection\data\images\val\mt_free_exp4_num_326953.png,False,0,354,362
val,mt_free_exp4_num_34134,E:\Data (Drive)\IUH\DL\GK\surface-defect-detection\data\images\val\mt_free_exp4_num_34134.png,False,0,522,324
val,mt_free_exp4_num_37293,E:\Data (Drive)\IUH\DL\GK\surface-defect-detection\data\images\val\mt_free_exp4_num_37293.png,False,0,525,329
val,mt_free_exp4_num_52715,E:\Data (Drive)\IUH\DL\GK\surface-defect-detection\data\images\val\mt_free_exp4_num_52715.png,False,0,103,289
val,mt_free_exp4_num_54958,E:\Data (Drive)\IUH\DL\GK\surface-defect-detection\data\images\val\mt_free_exp4_num_54958.png,False,0,128,281
val,mt_free_exp4_num_70541,E:\Data (Drive)\IUH\DL\GK\surface-defect-detection\data\images\val\mt_free_exp4_num_70541.png,False,0,118,289
val,mt_free_exp4_num_889,E:\Data (Drive)\IUH\DL\GK\surface-defect-detection\data\images\val\mt_free_exp4_num_889.png,False,0,484,361
val,mt_free_exp5_num_114453,E:\Data (Drive)\IUH\DL\GK\surface-defect-detection\data\images\val\mt_free_exp5_num_114453.png,False,0,261,366
val,mt_free_exp5_num_165457,E:\Data (Drive)\IUH\DL\GK\surface-defect-detection\data\images\val\mt_free_exp5_num_165457.png,False,0,197,323
val,mt_free_exp5_num_174768,E:\Data (Drive)\IUH\DL\GK\surface-defect-detection\data\images\val\mt_free_exp5_num_174768.png,False,0,196,317
val,mt_free_exp5_num_180393,E:\Data (Drive)\IUH\DL\GK\surface-defect-detection\data\images\val\mt_free_exp5_num_180393.png,False,0,193,327
val,mt_free_exp5_num_2089,E:\Data (Drive)\IUH\DL\GK\surface-defect-detection\data\images\val\mt_free_exp5_num_2089.png,False,0,499,376
val,mt_free_exp5_num_240124,E:\Data (Drive)\IUH\DL\GK\surface-defect-detection\data\images\val\mt_free_exp5_num_240124.png,False,0,268,370
val,mt_free_exp5_num_262702,E:\Data (Drive)\IUH\DL\GK\surface-defect-detection\data\images\val\mt_free_exp5_num_262702.png,False,0,271,364
val,mt_free_exp5_num_266347,E:\Data (Drive)\IUH\DL\GK\surface-defect-detection\data\images\val\mt_free_exp5_num_266347.png,False,0,213,247
val,mt_free_exp5_num_266861,E:\Data (Drive)\IUH\DL\GK\surface-defect-detection\data\images\val\mt_free_exp5_num_266861.png,False,0,219,276
val,mt_free_exp5_num_2673,E:\Data (Drive)\IUH\DL\GK\surface-defect-detection\data\images\val\mt_free_exp5_num_2673.png,False,0,126,284
val,mt_free_exp5_num_306654,E:\Data (Drive)\IUH\DL\GK\surface-defect-detection\data\images\val\mt_free_exp5_num_306654.png,False,0,355,366
val,mt_free_exp5_num_31166,E:\Data (Drive)\IUH\DL\GK\surface-defect-detection\data\images\val\mt_free_exp5_num_31166.png,False,0,126,284
val,mt_free_exp5_num_315045,E:\Data (Drive)\IUH\DL\GK\surface-defect-detection\data\images\val\mt_free_exp5_num_315045.png,False,0,215,268
val,mt_free_exp5_num_316375,E:\Data (Drive)\IUH\DL\GK\surface-defect-detection\data\images\val\mt_free_exp5_num_316375.png,False,0,377,362
val,mt_free_exp5_num_3572,E:\Data (Drive)\IUH\DL\GK\surface-defect-detection\data\images\val\mt_free_exp5_num_3572.png,False,0,130,269
val,mt_free_exp5_num_358149,E:\Data (Drive)\IUH\DL\GK\surface-defect-detection\data\images\val\mt_free_exp5_num_358149.png,False,0,484,386
val,mt_free_exp5_num_37636,E:\Data (Drive)\IUH\DL\GK\surface-defect-detection\data\images\val\mt_free_exp5_num_37636.png,False,0,131,286
val,mt_free_exp5_num_5874,E:\Data (Drive)\IUH\DL\GK\surface-defect-detection\data\images\val\mt_free_exp5_num_5874.png,False,0,525,331
val,mt_free_exp5_num_61380,E:\Data (Drive)\IUH\DL\GK\surface-defect-detection\data\images\val\mt_free_exp5_num_61380.png,False,0,131,290
val,mt_free_exp6_num_127730,E:\Data (Drive)\IUH\DL\GK\surface-defect-detection\data\images\val\mt_free_exp6_num_127730.png,False,0,310,352
val,mt_free_exp6_num_157877,E:\Data (Drive)\IUH\DL\GK\surface-defect-detection\data\images\val\mt_free_exp6_num_157877.png,False,0,195,326
val,mt_free_exp6_num_183930,E:\Data (Drive)\IUH\DL\GK\surface-defect-detection\data\images\val\mt_free_exp6_num_183930.png,False,0,209,323
val,mt_free_exp6_num_193234,E:\Data (Drive)\IUH\DL\GK\surface-defect-detection\data\images\val\mt_free_exp6_num_193234.png,False,0,194,318
val,mt_free_exp6_num_19822,E:\Data (Drive)\IUH\DL\GK\surface-defect-detection\data\images\val\mt_free_exp6_num_19822.png,False,0,521,315
val,mt_free_exp6_num_2121,E:\Data (Drive)\IUH\DL\GK\surface-defect-detection\data\images\val\mt_free_exp6_num_2121.png,False,0,513,380
val,mt_free_exp6_num_258935,E:\Data (Drive)\IUH\DL\GK\surface-defect-detection\data\images\val\mt_free_exp6_num_258935.png,False,0,208,264
val,mt_free_exp6_num_262067,E:\Data (Drive)\IUH\DL\GK\surface-defect-detection\data\images\val\mt_free_exp6_num_262067.png,False,0,220,271
val,mt_free_exp6_num_262733,E:\Data (Drive)\IUH\DL\GK\surface-defect-detection\data\images\val\mt_free_exp6_num_262733.png,False,0,266,375
val,mt_free_exp6_num_270880,E:\Data (Drive)\IUH\DL\GK\surface-defect-detection\data\images\val\mt_free_exp6_num_270880.png,False,0,220,276
val,mt_free_exp6_num_277095,E:\Data (Drive)\IUH\DL\GK\surface-defect-detection\data\images\val\mt_free_exp6_num_277095.png,False,0,267,369
val,mt_free_exp6_num_284942,E:\Data (Drive)\IUH\DL\GK\surface-defect-detection\data\images\val\mt_free_exp6_num_284942.png,False,0,248,356
val,mt_free_exp6_num_286336,E:\Data (Drive)\IUH\DL\GK\surface-defect-detection\data\images\val\mt_free_exp6_num_286336.png,False,0,287,353
val,mt_free_exp6_num_29564,E:\Data (Drive)\IUH\DL\GK\surface-defect-detection\data\images\val\mt_free_exp6_num_29564.png,False,0,527,311
val,mt_free_exp6_num_319398,E:\Data (Drive)\IUH\DL\GK\surface-defect-detection\data\images\val\mt_free_exp6_num_319398.png,False,0,363,370
val,mt_free_exp6_num_327003,E:\Data (Drive)\IUH\DL\GK\surface-defect-detection\data\images\val\mt_free_exp6_num_327003.png,False,0,353,363
val,mt_free_exp6_num_342992,E:\Data (Drive)\IUH\DL\GK\surface-defect-detection\data\images\val\mt_free_exp6_num_342992.png,False,0,507,368
val,mt_free_exp6_num_39559,E:\Data (Drive)\IUH\DL\GK\surface-defect-detection\data\images\val\mt_free_exp6_num_39559.png,False,0,124,284
val,mt_free_exp6_num_5892,E:\Data (Drive)\IUH\DL\GK\surface-defect-detection\data\images\val\mt_free_exp6_num_5892.png,False,0,515,330
val,mt_free_exp6_num_71297,E:\Data (Drive)\IUH\DL\GK\surface-defect-detection\data\images\val\mt_free_exp6_num_71297.png,False,0,125,284
val,mt_free_exp6_num_9196,E:\Data (Drive)\IUH\DL\GK\surface-defect-detection\data\images\val\mt_free_exp6_num_9196.png,False,0,514,340
val,mt_uneven_exp1_num_524,E:\Data (Drive)\IUH\DL\GK\surface-defect-detection\data\images\val\mt_uneven_exp1_num_524.png,True,1,113,288
val,mt_uneven_exp2_num_155333,E:\Data (Drive)\IUH\DL\GK\surface-defect-detection\data\images\val\mt_uneven_exp2_num_155333.png,True,1,192,311
val,mt_uneven_exp3_num_139838,E:\Data (Drive)\IUH\DL\GK\surface-defect-detection\data\images\val\mt_uneven_exp3_num_139838.png,True,1,604,260
val,mt_uneven_exp3_num_274138,E:\Data (Drive)\IUH\DL\GK\surface-defect-detection\data\images\val\mt_uneven_exp3_num_274138.png,True,1,230,277
val,mt_uneven_exp4_num_129083,E:\Data (Drive)\IUH\DL\GK\surface-defect-detection\data\images\val\mt_uneven_exp4_num_129083.png,True,1,264,372
val,mt_uneven_exp4_num_270184,E:\Data (Drive)\IUH\DL\GK\surface-defect-detection\data\images\val\mt_uneven_exp4_num_270184.png,True,1,249,359
val,mt_uneven_exp4_num_313519,E:\Data (Drive)\IUH\DL\GK\surface-defect-detection\data\images\val\mt_uneven_exp4_num_313519.png,True,1,252,341
val,mt_uneven_exp4_num_352527,E:\Data (Drive)\IUH\DL\GK\surface-defect-detection\data\images\val\mt_uneven_exp4_num_352527.png,False,0,502,379
val,mt_uneven_exp5_num_274174,E:\Data (Drive)\IUH\DL\GK\surface-defect-detection\data\images\val\mt_uneven_exp5_num_274174.png,True,1,223,270
val,mt_uneven_exp5_num_352540,E:\Data (Drive)\IUH\DL\GK\surface-defect-detection\data\images\val\mt_uneven_exp5_num_352540.png,True,1,503,385
val,mt_uneven_exp5_num_592,E:\Data (Drive)\IUH\DL\GK\surface-defect-detection\data\images\val\mt_uneven_exp5_num_592.png,True,1,124,292
val,mt_uneven_exp6_num_155478,E:\Data (Drive)\IUH\DL\GK\surface-defect-detection\data\images\val\mt_uneven_exp6_num_155478.png,True,1,195,314
val,mt_uneven_exp6_num_28424,E:\Data (Drive)\IUH\DL\GK\surface-defect-detection\data\images\val\mt_uneven_exp6_num_28424.png,True,1,516,333
val,mt_uneven_exp6_num_313568,E:\Data (Drive)\IUH\DL\GK\surface-defect-detection\data\images\val\mt_uneven_exp6_num_313568.png,True,1,252,348
test,ksdd2_10001,E:\Data (Drive)\IUH\DL\GK\surface-defect-detection\data\images\test\ksdd2_10001.png,False,0,228,633
test,ksdd2_10006,E:\Data (Drive)\IUH\DL\GK\surface-defect-detection\data\images\test\ksdd2_10006.png,False,0,233,642
test,ksdd2_10014,E:\Data (Drive)\IUH\DL\GK\surface-defect-detection\data\images\test\ksdd2_10014.png,False,0,229,646
test,ksdd2_10023,E:\Data (Drive)\IUH\DL\GK\surface-defect-detection\data\images\test\ksdd2_10023.png,False,0,230,652
test,ksdd2_10025,E:\Data (Drive)\IUH\DL\GK\surface-defect-detection\data\images\test\ksdd2_10025.png,False,0,228,636
test,ksdd2_10034,E:\Data (Drive)\IUH\DL\GK\surface-defect-detection\data\images\test\ksdd2_10034.png,False,0,229,626
test,ksdd2_10041,E:\Data (Drive)\IUH\DL\GK\surface-defect-detection\data\images\test\ksdd2_10041.png,False,0,228,646
test,ksdd2_10043,E:\Data (Drive)\IUH\DL\GK\surface-defect-detection\data\images\test\ksdd2_10043.png,False,0,231,647
test,ksdd2_10047,E:\Data (Drive)\IUH\DL\GK\surface-defect-detection\data\images\test\ksdd2_10047.png,True,1,231,637
test,ksdd2_10055,E:\Data (Drive)\IUH\DL\GK\surface-defect-detection\data\images\test\ksdd2_10055.png,False,0,229,640
test,ksdd2_10087,E:\Data (Drive)\IUH\DL\GK\surface-defect-detection\data\images\test\ksdd2_10087.png,False,0,230,639
test,ksdd2_10088,E:\Data (Drive)\IUH\DL\GK\surface-defect-detection\data\images\test\ksdd2_10088.png,False,0,232,634
test,ksdd2_10092,E:\Data (Drive)\IUH\DL\GK\surface-defect-detection\data\images\test\ksdd2_10092.png,False,0,230,637
test,ksdd2_10105,E:\Data (Drive)\IUH\DL\GK\surface-defect-detection\data\images\test\ksdd2_10105.png,False,0,231,651
test,ksdd2_10109,E:\Data (Drive)\IUH\DL\GK\surface-defect-detection\data\images\test\ksdd2_10109.png,False,0,231,641
test,ksdd2_10110,E:\Data (Drive)\IUH\DL\GK\surface-defect-detection\data\images\test\ksdd2_10110.png,False,0,230,635
test,ksdd2_10114,E:\Data (Drive)\IUH\DL\GK\surface-defect-detection\data\images\test\ksdd2_10114.png,False,0,227,632
test,ksdd2_10119,E:\Data (Drive)\IUH\DL\GK\surface-defect-detection\data\images\test\ksdd2_10119.png,False,0,227,639
test,ksdd2_10120,E:\Data (Drive)\IUH\DL\GK\surface-defect-detection\data\images\test\ksdd2_10120.png,False,0,229,634
test,ksdd2_10122,E:\Data (Drive)\IUH\DL\GK\surface-defect-detection\data\images\test\ksdd2_10122.png,False,0,231,639
test,ksdd2_10126,E:\Data (Drive)\IUH\DL\GK\surface-defect-detection\data\images\test\ksdd2_10126.png,False,0,228,634
test,ksdd2_10127,E:\Data (Drive)\IUH\DL\GK\surface-defect-detection\data\images\test\ksdd2_10127.png,False,0,227,637
test,ksdd2_10137,E:\Data (Drive)\IUH\DL\GK\surface-defect-detection\data\images\test\ksdd2_10137.png,False,0,227,646
test,ksdd2_10159,E:\Data (Drive)\IUH\DL\GK\surface-defect-detection\data\images\test\ksdd2_10159.png,True,1,229,646
test,ksdd2_10160,E:\Data (Drive)\IUH\DL\GK\surface-defect-detection\data\images\test\ksdd2_10160.png,False,0,230,638
test,ksdd2_10169,E:\Data (Drive)\IUH\DL\GK\surface-defect-detection\data\images\test\ksdd2_10169.png,False,0,230,639
test,ksdd2_10171,E:\Data (Drive)\IUH\DL\GK\surface-defect-detection\data\images\test\ksdd2_10171.png,False,0,226,641
test,ksdd2_10176,E:\Data (Drive)\IUH\DL\GK\surface-defect-detection\data\images\test\ksdd2_10176.png,False,0,229,638
test,ksdd2_10177,E:\Data (Drive)\IUH\DL\GK\surface-defect-detection\data\images\test\ksdd2_10177.png,False,0,230,636
test,ksdd2_10181,E:\Data (Drive)\IUH\DL\GK\surface-defect-detection\data\images\test\ksdd2_10181.png,False,0,233,634
test,ksdd2_10184,E:\Data (Drive)\IUH\DL\GK\surface-defect-detection\data\images\test\ksdd2_10184.png,False,0,232,631
test,ksdd2_10193,E:\Data (Drive)\IUH\DL\GK\surface-defect-detection\data\images\test\ksdd2_10193.png,False,0,230,648
test,ksdd2_10194,E:\Data (Drive)\IUH\DL\GK\surface-defect-detection\data\images\test\ksdd2_10194.png,False,0,229,636
test,ksdd2_10201,E:\Data (Drive)\IUH\DL\GK\surface-defect-detection\data\images\test\ksdd2_10201.png,True,1,229,639
test,ksdd2_10203,E:\Data (Drive)\IUH\DL\GK\surface-defect-detection\data\images\test\ksdd2_10203.png,False,0,229,633
test,ksdd2_10208,E:\Data (Drive)\IUH\DL\GK\surface-defect-detection\data\images\test\ksdd2_10208.png,True,1,228,627
test,ksdd2_10221,E:\Data (Drive)\IUH\DL\GK\surface-defect-detection\data\images\test\ksdd2_10221.png,False,0,229,634
test,ksdd2_10223,E:\Data (Drive)\IUH\DL\GK\surface-defect-detection\data\images\test\ksdd2_10223.png,True,1,231,648
test,ksdd2_10225,E:\Data (Drive)\IUH\DL\GK\surface-defect-detection\data\images\test\ksdd2_10225.png,False,0,229,637
test,ksdd2_10230,E:\Data (Drive)\IUH\DL\GK\surface-defect-detection\data\images\test\ksdd2_10230.png,False,0,229,640
test,ksdd2_10266,E:\Data (Drive)\IUH\DL\GK\surface-defect-detection\data\images\test\ksdd2_10266.png,True,1,224,635
test,ksdd2_10279,E:\Data (Drive)\IUH\DL\GK\surface-defect-detection\data\images\test\ksdd2_10279.png,False,0,232,606
test,ksdd2_10288,E:\Data (Drive)\IUH\DL\GK\surface-defect-detection\data\images\test\ksdd2_10288.png,False,0,226,632
test,ksdd2_10307,E:\Data (Drive)\IUH\DL\GK\surface-defect-detection\data\images\test\ksdd2_10307.png,False,0,235,640
test,ksdd2_10310,E:\Data (Drive)\IUH\DL\GK\surface-defect-detection\data\images\test\ksdd2_10310.png,False,0,229,640
test,ksdd2_10313,E:\Data (Drive)\IUH\DL\GK\surface-defect-detection\data\images\test\ksdd2_10313.png,False,0,232,631
test,ksdd2_10315,E:\Data (Drive)\IUH\DL\GK\surface-defect-detection\data\images\test\ksdd2_10315.png,False,0,230,643
test,ksdd2_10327,E:\Data (Drive)\IUH\DL\GK\surface-defect-detection\data\images\test\ksdd2_10327.png,False,0,232,639
test,ksdd2_10339,E:\Data (Drive)\IUH\DL\GK\surface-defect-detection\data\images\test\ksdd2_10339.png,False,0,233,635
test,ksdd2_10342,E:\Data (Drive)\IUH\DL\GK\surface-defect-detection\data\images\test\ksdd2_10342.png,False,0,230,642
test,ksdd2_10350,E:\Data (Drive)\IUH\DL\GK\surface-defect-detection\data\images\test\ksdd2_10350.png,False,0,231,638
test,ksdd2_10365,E:\Data (Drive)\IUH\DL\GK\surface-defect-detection\data\images\test\ksdd2_10365.png,False,0,234,634
test,ksdd2_10371,E:\Data (Drive)\IUH\DL\GK\surface-defect-detection\data\images\test\ksdd2_10371.png,False,0,231,632
test,ksdd2_10379,E:\Data (Drive)\IUH\DL\GK\surface-defect-detection\data\images\test\ksdd2_10379.png,False,0,234,626
test,ksdd2_10385,E:\Data (Drive)\IUH\DL\GK\surface-defect-detection\data\images\test\ksdd2_10385.png,False,0,230,626
test,ksdd2_10388,E:\Data (Drive)\IUH\DL\GK\surface-defect-detection\data\images\test\ksdd2_10388.png,False,0,228,636
test,ksdd2_10392,E:\Data (Drive)\IUH\DL\GK\surface-defect-detection\data\images\test\ksdd2_10392.png,False,0,227,636
test,ksdd2_10396,E:\Data (Drive)\IUH\DL\GK\surface-defect-detection\data\images\test\ksdd2_10396.png,True,1,230,623
test,ksdd2_10414,E:\Data (Drive)\IUH\DL\GK\surface-defect-detection\data\images\test\ksdd2_10414.png,True,1,222,630
test,ksdd2_10422,E:\Data (Drive)\IUH\DL\GK\surface-defect-detection\data\images\test\ksdd2_10422.png,False,0,225,641
test,ksdd2_10426,E:\Data (Drive)\IUH\DL\GK\surface-defect-detection\data\images\test\ksdd2_10426.png,True,1,229,640
test,ksdd2_10428,E:\Data (Drive)\IUH\DL\GK\surface-defect-detection\data\images\test\ksdd2_10428.png,False,0,229,634
test,ksdd2_10464,E:\Data (Drive)\IUH\DL\GK\surface-defect-detection\data\images\test\ksdd2_10464.png,False,0,232,643
test,ksdd2_10466,E:\Data (Drive)\IUH\DL\GK\surface-defect-detection\data\images\test\ksdd2_10466.png,True,1,219,640
test,ksdd2_10469,E:\Data (Drive)\IUH\DL\GK\surface-defect-detection\data\images\test\ksdd2_10469.png,False,0,229,639
test,ksdd2_10472,E:\Data (Drive)\IUH\DL\GK\surface-defect-detection\data\images\test\ksdd2_10472.png,False,0,232,639
test,ksdd2_10481,E:\Data (Drive)\IUH\DL\GK\surface-defect-detection\data\images\test\ksdd2_10481.png,False,0,232,639
test,ksdd2_10485,E:\Data (Drive)\IUH\DL\GK\surface-defect-detection\data\images\test\ksdd2_10485.png,False,0,230,645
test,ksdd2_10488,E:\Data (Drive)\IUH\DL\GK\surface-defect-detection\data\images\test\ksdd2_10488.png,False,0,230,629
test,ksdd2_10492,E:\Data (Drive)\IUH\DL\GK\surface-defect-detection\data\images\test\ksdd2_10492.png,False,0,229,639
test,ksdd2_10494,E:\Data (Drive)\IUH\DL\GK\surface-defect-detection\data\images\test\ksdd2_10494.png,False,0,230,634
test,ksdd2_10499,E:\Data (Drive)\IUH\DL\GK\surface-defect-detection\data\images\test\ksdd2_10499.png,True,1,218,648
test,ksdd2_10511,E:\Data (Drive)\IUH\DL\GK\surface-defect-detection\data\images\test\ksdd2_10511.png,False,0,227,635
test,ksdd2_10523,E:\Data (Drive)\IUH\DL\GK\surface-defect-detection\data\images\test\ksdd2_10523.png,False,0,227,638
test,ksdd2_10524,E:\Data (Drive)\IUH\DL\GK\surface-defect-detection\data\images\test\ksdd2_10524.png,False,0,231,636
test,ksdd2_10527,E:\Data (Drive)\IUH\DL\GK\surface-defect-detection\data\images\test\ksdd2_10527.png,False,0,229,628
test,ksdd2_10528,E:\Data (Drive)\IUH\DL\GK\surface-defect-detection\data\images\test\ksdd2_10528.png,False,0,228,637
test,ksdd2_10536,E:\Data (Drive)\IUH\DL\GK\surface-defect-detection\data\images\test\ksdd2_10536.png,True,1,228,643
test,ksdd2_10551,E:\Data (Drive)\IUH\DL\GK\surface-defect-detection\data\images\test\ksdd2_10551.png,False,0,235,637
test,ksdd2_10553,E:\Data (Drive)\IUH\DL\GK\surface-defect-detection\data\images\test\ksdd2_10553.png,False,0,210,635
test,ksdd2_10568,E:\Data (Drive)\IUH\DL\GK\surface-defect-detection\data\images\test\ksdd2_10568.png,False,0,231,638
test,ksdd2_10577,E:\Data (Drive)\IUH\DL\GK\surface-defect-detection\data\images\test\ksdd2_10577.png,False,0,238,644
test,ksdd2_10581,E:\Data (Drive)\IUH\DL\GK\surface-defect-detection\data\images\test\ksdd2_10581.png,False,0,228,643
test,ksdd2_10582,E:\Data (Drive)\IUH\DL\GK\surface-defect-detection\data\images\test\ksdd2_10582.png,False,0,227,639
test,ksdd2_10585,E:\Data (Drive)\IUH\DL\GK\surface-defect-detection\data\images\test\ksdd2_10585.png,True,1,228,646
test,ksdd2_10597,E:\Data (Drive)\IUH\DL\GK\surface-defect-detection\data\images\test\ksdd2_10597.png,False,0,231,633
test,ksdd2_10609,E:\Data (Drive)\IUH\DL\GK\surface-defect-detection\data\images\test\ksdd2_10609.png,False,0,230,638
test,ksdd2_10614,E:\Data (Drive)\IUH\DL\GK\surface-defect-detection\data\images\test\ksdd2_10614.png,False,0,232,640
test,ksdd2_10620,E:\Data (Drive)\IUH\DL\GK\surface-defect-detection\data\images\test\ksdd2_10620.png,False,0,229,636
test,ksdd2_10632,E:\Data (Drive)\IUH\DL\GK\surface-defect-detection\data\images\test\ksdd2_10632.png,False,0,227,638
test,ksdd2_10648,E:\Data (Drive)\IUH\DL\GK\surface-defect-detection\data\images\test\ksdd2_10648.png,True,1,228,638
test,ksdd2_10680,E:\Data (Drive)\IUH\DL\GK\surface-defect-detection\data\images\test\ksdd2_10680.png,False,0,226,639
test,ksdd2_10681,E:\Data (Drive)\IUH\DL\GK\surface-defect-detection\data\images\test\ksdd2_10681.png,False,0,228,623
test,ksdd2_10683,E:\Data (Drive)\IUH\DL\GK\surface-defect-detection\data\images\test\ksdd2_10683.png,False,0,231,635
test,ksdd2_10687,E:\Data (Drive)\IUH\DL\GK\surface-defect-detection\data\images\test\ksdd2_10687.png,False,0,234,640
test,ksdd2_10694,E:\Data (Drive)\IUH\DL\GK\surface-defect-detection\data\images\test\ksdd2_10694.png,False,0,230,637
test,ksdd2_10695,E:\Data (Drive)\IUH\DL\GK\surface-defect-detection\data\images\test\ksdd2_10695.png,True,2,227,642
test,ksdd2_10702,E:\Data (Drive)\IUH\DL\GK\surface-defect-detection\data\images\test\ksdd2_10702.png,False,0,232,651
test,ksdd2_10703,E:\Data (Drive)\IUH\DL\GK\surface-defect-detection\data\images\test\ksdd2_10703.png,False,0,234,653
test,ksdd2_10704,E:\Data (Drive)\IUH\DL\GK\surface-defect-detection\data\images\test\ksdd2_10704.png,False,0,225,631
test,ksdd2_10711,E:\Data (Drive)\IUH\DL\GK\surface-defect-detection\data\images\test\ksdd2_10711.png,True,1,233,629
test,ksdd2_10715,E:\Data (Drive)\IUH\DL\GK\surface-defect-detection\data\images\test\ksdd2_10715.png,False,0,227,633
test,ksdd2_10718,E:\Data (Drive)\IUH\DL\GK\surface-defect-detection\data\images\test\ksdd2_10718.png,False,0,230,630
test,ksdd2_10730,E:\Data (Drive)\IUH\DL\GK\surface-defect-detection\data\images\test\ksdd2_10730.png,False,0,235,639
test,ksdd2_10735,E:\Data (Drive)\IUH\DL\GK\surface-defect-detection\data\images\test\ksdd2_10735.png,False,0,237,637
test,ksdd2_10736,E:\Data (Drive)\IUH\DL\GK\surface-defect-detection\data\images\test\ksdd2_10736.png,False,0,228,631
test,ksdd2_10746,E:\Data (Drive)\IUH\DL\GK\surface-defect-detection\data\images\test\ksdd2_10746.png,False,0,232,635
test,ksdd2_10750,E:\Data (Drive)\IUH\DL\GK\surface-defect-detection\data\images\test\ksdd2_10750.png,False,0,228,630
test,ksdd2_10755,E:\Data (Drive)\IUH\DL\GK\surface-defect-detection\data\images\test\ksdd2_10755.png,False,0,230,646
test,ksdd2_10762,E:\Data (Drive)\IUH\DL\GK\surface-defect-detection\data\images\test\ksdd2_10762.png,False,0,233,645
test,ksdd2_10775,E:\Data (Drive)\IUH\DL\GK\surface-defect-detection\data\images\test\ksdd2_10775.png,False,0,233,638
test,ksdd2_10783,E:\Data (Drive)\IUH\DL\GK\surface-defect-detection\data\images\test\ksdd2_10783.png,False,0,230,641
test,ksdd2_10801,E:\Data (Drive)\IUH\DL\GK\surface-defect-detection\data\images\test\ksdd2_10801.png,False,0,237,644
test,ksdd2_10810,E:\Data (Drive)\IUH\DL\GK\surface-defect-detection\data\images\test\ksdd2_10810.png,False,0,235,640
test,ksdd2_10811,E:\Data (Drive)\IUH\DL\GK\surface-defect-detection\data\images\test\ksdd2_10811.png,False,0,232,641
test,ksdd2_10815,E:\Data (Drive)\IUH\DL\GK\surface-defect-detection\data\images\test\ksdd2_10815.png,False,0,232,639
test,ksdd2_10822,E:\Data (Drive)\IUH\DL\GK\surface-defect-detection\data\images\test\ksdd2_10822.png,False,0,231,636
test,ksdd2_10825,E:\Data (Drive)\IUH\DL\GK\surface-defect-detection\data\images\test\ksdd2_10825.png,False,0,230,641
test,ksdd2_10835,E:\Data (Drive)\IUH\DL\GK\surface-defect-detection\data\images\test\ksdd2_10835.png,False,0,224,635
test,ksdd2_10875,E:\Data (Drive)\IUH\DL\GK\surface-defect-detection\data\images\test\ksdd2_10875.png,False,0,229,604
test,ksdd2_10879,E:\Data (Drive)\IUH\DL\GK\surface-defect-detection\data\images\test\ksdd2_10879.png,False,0,216,651
test,ksdd2_10882,E:\Data (Drive)\IUH\DL\GK\surface-defect-detection\data\images\test\ksdd2_10882.png,False,0,228,636
test,ksdd2_10888,E:\Data (Drive)\IUH\DL\GK\surface-defect-detection\data\images\test\ksdd2_10888.png,False,0,234,639
test,ksdd2_10894,E:\Data (Drive)\IUH\DL\GK\surface-defect-detection\data\images\test\ksdd2_10894.png,False,0,220,625
test,ksdd2_10905,E:\Data (Drive)\IUH\DL\GK\surface-defect-detection\data\images\test\ksdd2_10905.png,True,1,228,636
test,ksdd2_10908,E:\Data (Drive)\IUH\DL\GK\surface-defect-detection\data\images\test\ksdd2_10908.png,False,0,231,638
test,ksdd2_10913,E:\Data (Drive)\IUH\DL\GK\surface-defect-detection\data\images\test\ksdd2_10913.png,False,0,233,632
test,ksdd2_10916,E:\Data (Drive)\IUH\DL\GK\surface-defect-detection\data\images\test\ksdd2_10916.png,False,0,231,633
test,ksdd2_10917,E:\Data (Drive)\IUH\DL\GK\surface-defect-detection\data\images\test\ksdd2_10917.png,False,0,224,620
test,ksdd2_10918,E:\Data (Drive)\IUH\DL\GK\surface-defect-detection\data\images\test\ksdd2_10918.png,False,0,224,636
test,ksdd2_10934,E:\Data (Drive)\IUH\DL\GK\surface-defect-detection\data\images\test\ksdd2_10934.png,False,0,229,638
test,ksdd2_10948,E:\Data (Drive)\IUH\DL\GK\surface-defect-detection\data\images\test\ksdd2_10948.png,False,0,223,627
test,ksdd2_10963,E:\Data (Drive)\IUH\DL\GK\surface-defect-detection\data\images\test\ksdd2_10963.png,False,0,225,642
test,ksdd2_10965,E:\Data (Drive)\IUH\DL\GK\surface-defect-detection\data\images\test\ksdd2_10965.png,False,0,235,633
test,ksdd2_10969,E:\Data (Drive)\IUH\DL\GK\surface-defect-detection\data\images\test\ksdd2_10969.png,False,0,235,638
test,ksdd2_10971,E:\Data (Drive)\IUH\DL\GK\surface-defect-detection\data\images\test\ksdd2_10971.png,False,0,233,630
test,ksdd2_10978,E:\Data (Drive)\IUH\DL\GK\surface-defect-detection\data\images\test\ksdd2_10978.png,False,0,235,631
test,ksdd2_10979,E:\Data (Drive)\IUH\DL\GK\surface-defect-detection\data\images\test\ksdd2_10979.png,False,0,227,641
test,ksdd2_10995,E:\Data (Drive)\IUH\DL\GK\surface-defect-detection\data\images\test\ksdd2_10995.png,False,0,231,643
test,ksdd2_10999,E:\Data (Drive)\IUH\DL\GK\surface-defect-detection\data\images\test\ksdd2_10999.png,False,0,233,637
test,ksdd2_11001,E:\Data (Drive)\IUH\DL\GK\surface-defect-detection\data\images\test\ksdd2_11001.png,False,0,232,635
test,ksdd2_11008,E:\Data (Drive)\IUH\DL\GK\surface-defect-detection\data\images\test\ksdd2_11008.png,False,0,227,633
test,ksdd2_11017,E:\Data (Drive)\IUH\DL\GK\surface-defect-detection\data\images\test\ksdd2_11017.png,False,0,226,619
test,ksdd2_11019,E:\Data (Drive)\IUH\DL\GK\surface-defect-detection\data\images\test\ksdd2_11019.png,False,0,232,633
test,ksdd2_11024,E:\Data (Drive)\IUH\DL\GK\surface-defect-detection\data\images\test\ksdd2_11024.png,False,0,225,631
test,ksdd2_11027,E:\Data (Drive)\IUH\DL\GK\surface-defect-detection\data\images\test\ksdd2_11027.png,False,0,224,641
test,ksdd2_11039,E:\Data (Drive)\IUH\DL\GK\surface-defect-detection\data\images\test\ksdd2_11039.png,False,0,234,637
test,ksdd2_11052,E:\Data (Drive)\IUH\DL\GK\surface-defect-detection\data\images\test\ksdd2_11052.png,True,2,225,628
test,ksdd2_11056,E:\Data (Drive)\IUH\DL\GK\surface-defect-detection\data\images\test\ksdd2_11056.png,False,0,228,634
test,ksdd2_11061,E:\Data (Drive)\IUH\DL\GK\surface-defect-detection\data\images\test\ksdd2_11061.png,True,1,229,645
test,ksdd2_11070,E:\Data (Drive)\IUH\DL\GK\surface-defect-detection\data\images\test\ksdd2_11070.png,False,0,230,631
test,ksdd2_11072,E:\Data (Drive)\IUH\DL\GK\surface-defect-detection\data\images\test\ksdd2_11072.png,False,0,226,636
test,ksdd2_11074,E:\Data (Drive)\IUH\DL\GK\surface-defect-detection\data\images\test\ksdd2_11074.png,True,1,235,644
test,ksdd2_11080,E:\Data (Drive)\IUH\DL\GK\surface-defect-detection\data\images\test\ksdd2_11080.png,False,0,228,641
test,ksdd2_11089,E:\Data (Drive)\IUH\DL\GK\surface-defect-detection\data\images\test\ksdd2_11089.png,False,0,232,652
test,ksdd2_11091,E:\Data (Drive)\IUH\DL\GK\surface-defect-detection\data\images\test\ksdd2_11091.png,False,0,230,645
test,ksdd2_11093,E:\Data (Drive)\IUH\DL\GK\surface-defect-detection\data\images\test\ksdd2_11093.png,True,1,236,647
test,ksdd2_11098,E:\Data (Drive)\IUH\DL\GK\surface-defect-detection\data\images\test\ksdd2_11098.png,False,0,227,642
test,ksdd2_11103,E:\Data (Drive)\IUH\DL\GK\surface-defect-detection\data\images\test\ksdd2_11103.png,False,0,232,635
test,ksdd2_11109,E:\Data (Drive)\IUH\DL\GK\surface-defect-detection\data\images\test\ksdd2_11109.png,False,0,227,634
test,ksdd2_11113,E:\Data (Drive)\IUH\DL\GK\surface-defect-detection\data\images\test\ksdd2_11113.png,False,0,226,630
test,ksdd2_11114,E:\Data (Drive)\IUH\DL\GK\surface-defect-detection\data\images\test\ksdd2_11114.png,False,0,238,644
test,ksdd2_11117,E:\Data (Drive)\IUH\DL\GK\surface-defect-detection\data\images\test\ksdd2_11117.png,False,0,229,623
test,ksdd2_11120,E:\Data (Drive)\IUH\DL\GK\surface-defect-detection\data\images\test\ksdd2_11120.png,False,0,234,647
test,ksdd2_11127,E:\Data (Drive)\IUH\DL\GK\surface-defect-detection\data\images\test\ksdd2_11127.png,False,0,238,641
test,ksdd2_11131,E:\Data (Drive)\IUH\DL\GK\surface-defect-detection\data\images\test\ksdd2_11131.png,False,0,229,639
test,ksdd2_11136,E:\Data (Drive)\IUH\DL\GK\surface-defect-detection\data\images\test\ksdd2_11136.png,False,0,232,645
test,ksdd2_11138,E:\Data (Drive)\IUH\DL\GK\surface-defect-detection\data\images\test\ksdd2_11138.png,False,0,229,638
test,ksdd2_11145,E:\Data (Drive)\IUH\DL\GK\surface-defect-detection\data\images\test\ksdd2_11145.png,False,0,227,634
test,ksdd2_11150,E:\Data (Drive)\IUH\DL\GK\surface-defect-detection\data\images\test\ksdd2_11150.png,False,0,227,632
test,ksdd2_11160,E:\Data (Drive)\IUH\DL\GK\surface-defect-detection\data\images\test\ksdd2_11160.png,False,0,235,639
test,ksdd2_11166,E:\Data (Drive)\IUH\DL\GK\surface-defect-detection\data\images\test\ksdd2_11166.png,False,0,233,629
test,ksdd2_11169,E:\Data (Drive)\IUH\DL\GK\surface-defect-detection\data\images\test\ksdd2_11169.png,True,1,235,647
test,ksdd2_11176,E:\Data (Drive)\IUH\DL\GK\surface-defect-detection\data\images\test\ksdd2_11176.png,False,0,232,638
test,ksdd2_11180,E:\Data (Drive)\IUH\DL\GK\surface-defect-detection\data\images\test\ksdd2_11180.png,False,0,231,638
test,ksdd2_11184,E:\Data (Drive)\IUH\DL\GK\surface-defect-detection\data\images\test\ksdd2_11184.png,False,0,229,638
test,ksdd2_11189,E:\Data (Drive)\IUH\DL\GK\surface-defect-detection\data\images\test\ksdd2_11189.png,False,0,228,631
test,ksdd2_11193,E:\Data (Drive)\IUH\DL\GK\surface-defect-detection\data\images\test\ksdd2_11193.png,False,0,228,632
test,ksdd2_11203,E:\Data (Drive)\IUH\DL\GK\surface-defect-detection\data\images\test\ksdd2_11203.png,False,0,230,637
test,ksdd2_11205,E:\Data (Drive)\IUH\DL\GK\surface-defect-detection\data\images\test\ksdd2_11205.png,False,0,226,637
test,ksdd2_11209,E:\Data (Drive)\IUH\DL\GK\surface-defect-detection\data\images\test\ksdd2_11209.png,False,0,225,635
test,ksdd2_11215,E:\Data (Drive)\IUH\DL\GK\surface-defect-detection\data\images\test\ksdd2_11215.png,False,0,228,634
test,ksdd2_11222,E:\Data (Drive)\IUH\DL\GK\surface-defect-detection\data\images\test\ksdd2_11222.png,False,0,229,630
test,ksdd2_11228,E:\Data (Drive)\IUH\DL\GK\surface-defect-detection\data\images\test\ksdd2_11228.png,True,1,232,639
test,ksdd2_11231,E:\Data (Drive)\IUH\DL\GK\surface-defect-detection\data\images\test\ksdd2_11231.png,False,0,230,647
test,ksdd2_11237,E:\Data (Drive)\IUH\DL\GK\surface-defect-detection\data\images\test\ksdd2_11237.png,False,0,232,632
test,ksdd2_11240,E:\Data (Drive)\IUH\DL\GK\surface-defect-detection\data\images\test\ksdd2_11240.png,False,0,228,608
test,ksdd2_11243,E:\Data (Drive)\IUH\DL\GK\surface-defect-detection\data\images\test\ksdd2_11243.png,False,0,226,639
test,ksdd2_11251,E:\Data (Drive)\IUH\DL\GK\surface-defect-detection\data\images\test\ksdd2_11251.png,False,0,232,631
test,ksdd2_11259,E:\Data (Drive)\IUH\DL\GK\surface-defect-detection\data\images\test\ksdd2_11259.png,False,0,236,642
test,ksdd2_11261,E:\Data (Drive)\IUH\DL\GK\surface-defect-detection\data\images\test\ksdd2_11261.png,False,0,232,634
test,ksdd2_11263,E:\Data (Drive)\IUH\DL\GK\surface-defect-detection\data\images\test\ksdd2_11263.png,False,0,231,635
test,ksdd2_11267,E:\Data (Drive)\IUH\DL\GK\surface-defect-detection\data\images\test\ksdd2_11267.png,False,0,225,642
test,ksdd2_11270,E:\Data (Drive)\IUH\DL\GK\surface-defect-detection\data\images\test\ksdd2_11270.png,False,0,231,641
test,ksdd2_11271,E:\Data (Drive)\IUH\DL\GK\surface-defect-detection\data\images\test\ksdd2_11271.png,False,0,233,652
test,ksdd2_11272,E:\Data (Drive)\IUH\DL\GK\surface-defect-detection\data\images\test\ksdd2_11272.png,False,0,236,640
test,ksdd2_11274,E:\Data (Drive)\IUH\DL\GK\surface-defect-detection\data\images\test\ksdd2_11274.png,False,0,230,633
test,ksdd2_11284,E:\Data (Drive)\IUH\DL\GK\surface-defect-detection\data\images\test\ksdd2_11284.png,False,0,230,639
test,ksdd2_11292,E:\Data (Drive)\IUH\DL\GK\surface-defect-detection\data\images\test\ksdd2_11292.png,False,0,225,636
test,ksdd2_11301,E:\Data (Drive)\IUH\DL\GK\surface-defect-detection\data\images\test\ksdd2_11301.png,False,0,228,639
test,ksdd2_11306,E:\Data (Drive)\IUH\DL\GK\surface-defect-detection\data\images\test\ksdd2_11306.png,False,0,231,634
test,ksdd2_11344,E:\Data (Drive)\IUH\DL\GK\surface-defect-detection\data\images\test\ksdd2_11344.png,False,0,232,638
test,ksdd2_11350,E:\Data (Drive)\IUH\DL\GK\surface-defect-detection\data\images\test\ksdd2_11350.png,True,1,230,642
test,ksdd2_11358,E:\Data (Drive)\IUH\DL\GK\surface-defect-detection\data\images\test\ksdd2_11358.png,False,0,232,644
test,ksdd2_11362,E:\Data (Drive)\IUH\DL\GK\surface-defect-detection\data\images\test\ksdd2_11362.png,False,0,226,636
test,ksdd2_11368,E:\Data (Drive)\IUH\DL\GK\surface-defect-detection\data\images\test\ksdd2_11368.png,False,0,232,637
test,ksdd2_11370,E:\Data (Drive)\IUH\DL\GK\surface-defect-detection\data\images\test\ksdd2_11370.png,False,0,233,642
test,ksdd2_11373,E:\Data (Drive)\IUH\DL\GK\surface-defect-detection\data\images\test\ksdd2_11373.png,False,0,232,632
test,ksdd2_11377,E:\Data (Drive)\IUH\DL\GK\surface-defect-detection\data\images\test\ksdd2_11377.png,False,0,231,633
test,ksdd2_11382,E:\Data (Drive)\IUH\DL\GK\surface-defect-detection\data\images\test\ksdd2_11382.png,False,0,234,639
test,ksdd2_11386,E:\Data (Drive)\IUH\DL\GK\surface-defect-detection\data\images\test\ksdd2_11386.png,True,1,226,628
test,ksdd2_11390,E:\Data (Drive)\IUH\DL\GK\surface-defect-detection\data\images\test\ksdd2_11390.png,False,0,228,636
test,ksdd2_11398,E:\Data (Drive)\IUH\DL\GK\surface-defect-detection\data\images\test\ksdd2_11398.png,True,1,225,647
test,ksdd2_11403,E:\Data (Drive)\IUH\DL\GK\surface-defect-detection\data\images\test\ksdd2_11403.png,False,0,232,632
test,ksdd2_11408,E:\Data (Drive)\IUH\DL\GK\surface-defect-detection\data\images\test\ksdd2_11408.png,False,0,225,634
test,ksdd2_11413,E:\Data (Drive)\IUH\DL\GK\surface-defect-detection\data\images\test\ksdd2_11413.png,False,0,227,631
test,ksdd2_11416,E:\Data (Drive)\IUH\DL\GK\surface-defect-detection\data\images\test\ksdd2_11416.png,False,0,226,632
test,ksdd2_11420,E:\Data (Drive)\IUH\DL\GK\surface-defect-detection\data\images\test\ksdd2_11420.png,False,0,228,630
test,ksdd2_11427,E:\Data (Drive)\IUH\DL\GK\surface-defect-detection\data\images\test\ksdd2_11427.png,False,0,229,634
test,ksdd2_11428,E:\Data (Drive)\IUH\DL\GK\surface-defect-detection\data\images\test\ksdd2_11428.png,False,0,233,638
test,ksdd2_11445,E:\Data (Drive)\IUH\DL\GK\surface-defect-detection\data\images\test\ksdd2_11445.png,False,0,231,641
test,ksdd2_11456,E:\Data (Drive)\IUH\DL\GK\surface-defect-detection\data\images\test\ksdd2_11456.png,False,0,234,636
test,ksdd2_11467,E:\Data (Drive)\IUH\DL\GK\surface-defect-detection\data\images\test\ksdd2_11467.png,False,0,230,636
test,ksdd2_11468,E:\Data (Drive)\IUH\DL\GK\surface-defect-detection\data\images\test\ksdd2_11468.png,False,0,231,630
test,ksdd2_11477,E:\Data (Drive)\IUH\DL\GK\surface-defect-detection\data\images\test\ksdd2_11477.png,True,1,230,642
test,ksdd2_11480,E:\Data (Drive)\IUH\DL\GK\surface-defect-detection\data\images\test\ksdd2_11480.png,False,0,229,644
test,ksdd2_11487,E:\Data (Drive)\IUH\DL\GK\surface-defect-detection\data\images\test\ksdd2_11487.png,False,0,230,640
test,ksdd2_11489,E:\Data (Drive)\IUH\DL\GK\surface-defect-detection\data\images\test\ksdd2_11489.png,False,0,233,649
test,ksdd2_11491,E:\Data (Drive)\IUH\DL\GK\surface-defect-detection\data\images\test\ksdd2_11491.png,False,0,231,641
test,ksdd2_11495,E:\Data (Drive)\IUH\DL\GK\surface-defect-detection\data\images\test\ksdd2_11495.png,False,0,229,639
test,ksdd2_11504,E:\Data (Drive)\IUH\DL\GK\surface-defect-detection\data\images\test\ksdd2_11504.png,False,0,229,633
test,ksdd2_11508,E:\Data (Drive)\IUH\DL\GK\surface-defect-detection\data\images\test\ksdd2_11508.png,False,0,225,627
test,ksdd2_11509,E:\Data (Drive)\IUH\DL\GK\surface-defect-detection\data\images\test\ksdd2_11509.png,False,0,224,632
test,ksdd2_11514,E:\Data (Drive)\IUH\DL\GK\surface-defect-detection\data\images\test\ksdd2_11514.png,False,0,235,643
test,ksdd2_11520,E:\Data (Drive)\IUH\DL\GK\surface-defect-detection\data\images\test\ksdd2_11520.png,False,0,230,641
test,ksdd2_11526,E:\Data (Drive)\IUH\DL\GK\surface-defect-detection\data\images\test\ksdd2_11526.png,False,0,232,640
test,ksdd2_11529,E:\Data (Drive)\IUH\DL\GK\surface-defect-detection\data\images\test\ksdd2_11529.png,False,0,226,633
test,ksdd2_11530,E:\Data (Drive)\IUH\DL\GK\surface-defect-detection\data\images\test\ksdd2_11530.png,False,0,228,644
test,ksdd2_11531,E:\Data (Drive)\IUH\DL\GK\surface-defect-detection\data\images\test\ksdd2_11531.png,False,0,220,628
test,ksdd2_11536,E:\Data (Drive)\IUH\DL\GK\surface-defect-detection\data\images\test\ksdd2_11536.png,False,0,226,632
test,ksdd2_11550,E:\Data (Drive)\IUH\DL\GK\surface-defect-detection\data\images\test\ksdd2_11550.png,False,0,231,638
test,ksdd2_11554,E:\Data (Drive)\IUH\DL\GK\surface-defect-detection\data\images\test\ksdd2_11554.png,False,0,230,632
test,ksdd2_11561,E:\Data (Drive)\IUH\DL\GK\surface-defect-detection\data\images\test\ksdd2_11561.png,False,0,229,635
test,ksdd2_11575,E:\Data (Drive)\IUH\DL\GK\surface-defect-detection\data\images\test\ksdd2_11575.png,False,0,226,631
test,ksdd2_11582,E:\Data (Drive)\IUH\DL\GK\surface-defect-detection\data\images\test\ksdd2_11582.png,False,0,232,633
test,ksdd2_11595,E:\Data (Drive)\IUH\DL\GK\surface-defect-detection\data\images\test\ksdd2_11595.png,False,0,229,637
test,ksdd2_11596,E:\Data (Drive)\IUH\DL\GK\surface-defect-detection\data\images\test\ksdd2_11596.png,False,0,224,633
test,ksdd2_11602,E:\Data (Drive)\IUH\DL\GK\surface-defect-detection\data\images\test\ksdd2_11602.png,False,0,228,634
test,ksdd2_11604,E:\Data (Drive)\IUH\DL\GK\surface-defect-detection\data\images\test\ksdd2_11604.png,False,0,229,632
test,ksdd2_11613,E:\Data (Drive)\IUH\DL\GK\surface-defect-detection\data\images\test\ksdd2_11613.png,False,0,231,631
test,ksdd2_11619,E:\Data (Drive)\IUH\DL\GK\surface-defect-detection\data\images\test\ksdd2_11619.png,False,0,207,633
test,ksdd2_11633,E:\Data (Drive)\IUH\DL\GK\surface-defect-detection\data\images\test\ksdd2_11633.png,False,0,226,629
test,ksdd2_11643,E:\Data (Drive)\IUH\DL\GK\surface-defect-detection\data\images\test\ksdd2_11643.png,True,1,232,634
test,ksdd2_11654,E:\Data (Drive)\IUH\DL\GK\surface-defect-detection\data\images\test\ksdd2_11654.png,False,0,231,638
test,ksdd2_11662,E:\Data (Drive)\IUH\DL\GK\surface-defect-detection\data\images\test\ksdd2_11662.png,True,1,230,636
test,ksdd2_11664,E:\Data (Drive)\IUH\DL\GK\surface-defect-detection\data\images\test\ksdd2_11664.png,False,0,231,639
test,ksdd2_11666,E:\Data (Drive)\IUH\DL\GK\surface-defect-detection\data\images\test\ksdd2_11666.png,False,0,226,635
test,ksdd2_11670,E:\Data (Drive)\IUH\DL\GK\surface-defect-detection\data\images\test\ksdd2_11670.png,True,1,227,636
test,ksdd2_11685,E:\Data (Drive)\IUH\DL\GK\surface-defect-detection\data\images\test\ksdd2_11685.png,False,0,230,631
test,ksdd2_11687,E:\Data (Drive)\IUH\DL\GK\surface-defect-detection\data\images\test\ksdd2_11687.png,False,0,231,650
test,ksdd2_11692,E:\Data (Drive)\IUH\DL\GK\surface-defect-detection\data\images\test\ksdd2_11692.png,False,0,232,637
test,ksdd2_11715,E:\Data (Drive)\IUH\DL\GK\surface-defect-detection\data\images\test\ksdd2_11715.png,False,0,229,628
test,ksdd2_11730,E:\Data (Drive)\IUH\DL\GK\surface-defect-detection\data\images\test\ksdd2_11730.png,False,0,227,632
test,ksdd2_11736,E:\Data (Drive)\IUH\DL\GK\surface-defect-detection\data\images\test\ksdd2_11736.png,False,0,230,640
test,ksdd2_11745,E:\Data (Drive)\IUH\DL\GK\surface-defect-detection\data\images\test\ksdd2_11745.png,False,0,232,634
test,ksdd2_11748,E:\Data (Drive)\IUH\DL\GK\surface-defect-detection\data\images\test\ksdd2_11748.png,False,0,225,622
test,ksdd2_11753,E:\Data (Drive)\IUH\DL\GK\surface-defect-detection\data\images\test\ksdd2_11753.png,False,0,218,647
test,ksdd2_11755,E:\Data (Drive)\IUH\DL\GK\surface-defect-detection\data\images\test\ksdd2_11755.png,True,1,233,638
test,ksdd2_11759,E:\Data (Drive)\IUH\DL\GK\surface-defect-detection\data\images\test\ksdd2_11759.png,False,0,233,628
test,ksdd2_11776,E:\Data (Drive)\IUH\DL\GK\surface-defect-detection\data\images\test\ksdd2_11776.png,False,0,229,643
test,ksdd2_11779,E:\Data (Drive)\IUH\DL\GK\surface-defect-detection\data\images\test\ksdd2_11779.png,False,0,230,639
test,ksdd2_11781,E:\Data (Drive)\IUH\DL\GK\surface-defect-detection\data\images\test\ksdd2_11781.png,False,0,227,625
test,ksdd2_11797,E:\Data (Drive)\IUH\DL\GK\surface-defect-detection\data\images\test\ksdd2_11797.png,False,0,229,647
test,ksdd2_11812,E:\Data (Drive)\IUH\DL\GK\surface-defect-detection\data\images\test\ksdd2_11812.png,False,0,229,635
test,ksdd2_11820,E:\Data (Drive)\IUH\DL\GK\surface-defect-detection\data\images\test\ksdd2_11820.png,False,0,230,633
test,ksdd2_11824,E:\Data (Drive)\IUH\DL\GK\surface-defect-detection\data\images\test\ksdd2_11824.png,False,0,228,632
test,ksdd2_11825,E:\Data (Drive)\IUH\DL\GK\surface-defect-detection\data\images\test\ksdd2_11825.png,False,0,186,629
test,ksdd2_11838,E:\Data (Drive)\IUH\DL\GK\surface-defect-detection\data\images\test\ksdd2_11838.png,False,0,230,635
test,ksdd2_11846,E:\Data (Drive)\IUH\DL\GK\surface-defect-detection\data\images\test\ksdd2_11846.png,False,0,229,636
test,ksdd2_11854,E:\Data (Drive)\IUH\DL\GK\surface-defect-detection\data\images\test\ksdd2_11854.png,False,0,230,644
test,ksdd2_11855,E:\Data (Drive)\IUH\DL\GK\surface-defect-detection\data\images\test\ksdd2_11855.png,False,0,215,639
test,ksdd2_11858,E:\Data (Drive)\IUH\DL\GK\surface-defect-detection\data\images\test\ksdd2_11858.png,True,1,232,627
test,ksdd2_11861,E:\Data (Drive)\IUH\DL\GK\surface-defect-detection\data\images\test\ksdd2_11861.png,False,0,228,633
test,ksdd2_11864,E:\Data (Drive)\IUH\DL\GK\surface-defect-detection\data\images\test\ksdd2_11864.png,False,0,230,638
test,ksdd2_11867,E:\Data (Drive)\IUH\DL\GK\surface-defect-detection\data\images\test\ksdd2_11867.png,True,1,230,628
test,ksdd2_11881,E:\Data (Drive)\IUH\DL\GK\surface-defect-detection\data\images\test\ksdd2_11881.png,False,0,228,643
test,ksdd2_11883,E:\Data (Drive)\IUH\DL\GK\surface-defect-detection\data\images\test\ksdd2_11883.png,False,0,228,629
test,ksdd2_11893,E:\Data (Drive)\IUH\DL\GK\surface-defect-detection\data\images\test\ksdd2_11893.png,False,0,232,643
test,ksdd2_11895,E:\Data (Drive)\IUH\DL\GK\surface-defect-detection\data\images\test\ksdd2_11895.png,False,0,233,650
test,ksdd2_11900,E:\Data (Drive)\IUH\DL\GK\surface-defect-detection\data\images\test\ksdd2_11900.png,False,0,212,648
test,ksdd2_11915,E:\Data (Drive)\IUH\DL\GK\surface-defect-detection\data\images\test\ksdd2_11915.png,False,0,230,640
test,ksdd2_11921,E:\Data (Drive)\IUH\DL\GK\surface-defect-detection\data\images\test\ksdd2_11921.png,False,0,231,633
test,ksdd2_11925,E:\Data (Drive)\IUH\DL\GK\surface-defect-detection\data\images\test\ksdd2_11925.png,False,0,228,635
test,ksdd2_11930,E:\Data (Drive)\IUH\DL\GK\surface-defect-detection\data\images\test\ksdd2_11930.png,False,0,232,633
test,ksdd2_11938,E:\Data (Drive)\IUH\DL\GK\surface-defect-detection\data\images\test\ksdd2_11938.png,False,0,231,637
test,ksdd2_11945,E:\Data (Drive)\IUH\DL\GK\surface-defect-detection\data\images\test\ksdd2_11945.png,False,0,229,632
test,ksdd2_11951,E:\Data (Drive)\IUH\DL\GK\surface-defect-detection\data\images\test\ksdd2_11951.png,False,0,228,627
test,ksdd2_11955,E:\Data (Drive)\IUH\DL\GK\surface-defect-detection\data\images\test\ksdd2_11955.png,False,0,206,642
test,ksdd2_11960,E:\Data (Drive)\IUH\DL\GK\surface-defect-detection\data\images\test\ksdd2_11960.png,False,0,230,640
test,ksdd2_11961,E:\Data (Drive)\IUH\DL\GK\surface-defect-detection\data\images\test\ksdd2_11961.png,False,0,227,634
test,ksdd2_11967,E:\Data (Drive)\IUH\DL\GK\surface-defect-detection\data\images\test\ksdd2_11967.png,False,0,228,636
test,ksdd2_11974,E:\Data (Drive)\IUH\DL\GK\surface-defect-detection\data\images\test\ksdd2_11974.png,False,0,230,633
test,ksdd2_11984,E:\Data (Drive)\IUH\DL\GK\surface-defect-detection\data\images\test\ksdd2_11984.png,False,0,231,635
test,ksdd2_11989,E:\Data (Drive)\IUH\DL\GK\surface-defect-detection\data\images\test\ksdd2_11989.png,False,0,231,640
test,ksdd2_11993,E:\Data (Drive)\IUH\DL\GK\surface-defect-detection\data\images\test\ksdd2_11993.png,False,0,226,634
test,ksdd2_11994,E:\Data (Drive)\IUH\DL\GK\surface-defect-detection\data\images\test\ksdd2_11994.png,False,0,229,644
test,ksdd2_11995,E:\Data (Drive)\IUH\DL\GK\surface-defect-detection\data\images\test\ksdd2_11995.png,False,0,231,635
test,ksdd2_11996,E:\Data (Drive)\IUH\DL\GK\surface-defect-detection\data\images\test\ksdd2_11996.png,False,0,229,628
test,ksdd2_11997,E:\Data (Drive)\IUH\DL\GK\surface-defect-detection\data\images\test\ksdd2_11997.png,False,0,224,638
test,ksdd2_12004,E:\Data (Drive)\IUH\DL\GK\surface-defect-detection\data\images\test\ksdd2_12004.png,False,0,216,641
test,ksdd2_12012,E:\Data (Drive)\IUH\DL\GK\surface-defect-detection\data\images\test\ksdd2_12012.png,False,0,229,645
test,ksdd2_12020,E:\Data (Drive)\IUH\DL\GK\surface-defect-detection\data\images\test\ksdd2_12020.png,False,0,228,635
test,ksdd2_12022,E:\Data (Drive)\IUH\DL\GK\surface-defect-detection\data\images\test\ksdd2_12022.png,False,0,232,638
test,ksdd2_12023,E:\Data (Drive)\IUH\DL\GK\surface-defect-detection\data\images\test\ksdd2_12023.png,False,0,230,631
test,ksdd2_12028,E:\Data (Drive)\IUH\DL\GK\surface-defect-detection\data\images\test\ksdd2_12028.png,True,1,229,634
test,ksdd2_12039,E:\Data (Drive)\IUH\DL\GK\surface-defect-detection\data\images\test\ksdd2_12039.png,False,0,230,647
test,ksdd2_12049,E:\Data (Drive)\IUH\DL\GK\surface-defect-detection\data\images\test\ksdd2_12049.png,False,0,230,625
test,ksdd2_12050,E:\Data (Drive)\IUH\DL\GK\surface-defect-detection\data\images\test\ksdd2_12050.png,True,1,230,627
test,ksdd2_12059,E:\Data (Drive)\IUH\DL\GK\surface-defect-detection\data\images\test\ksdd2_12059.png,False,0,230,648
test,ksdd2_12062,E:\Data (Drive)\IUH\DL\GK\surface-defect-detection\data\images\test\ksdd2_12062.png,False,0,229,638
test,ksdd2_12082,E:\Data (Drive)\IUH\DL\GK\surface-defect-detection\data\images\test\ksdd2_12082.png,False,0,229,615
test,ksdd2_12085,E:\Data (Drive)\IUH\DL\GK\surface-defect-detection\data\images\test\ksdd2_12085.png,False,0,229,632
test,ksdd2_12089,E:\Data (Drive)\IUH\DL\GK\surface-defect-detection\data\images\test\ksdd2_12089.png,False,0,229,646
test,ksdd2_12103,E:\Data (Drive)\IUH\DL\GK\surface-defect-detection\data\images\test\ksdd2_12103.png,False,0,231,649
test,ksdd2_12106,E:\Data (Drive)\IUH\DL\GK\surface-defect-detection\data\images\test\ksdd2_12106.png,False,0,230,632
test,ksdd2_12113,E:\Data (Drive)\IUH\DL\GK\surface-defect-detection\data\images\test\ksdd2_12113.png,False,0,219,623
test,ksdd2_12124,E:\Data (Drive)\IUH\DL\GK\surface-defect-detection\data\images\test\ksdd2_12124.png,False,0,231,629
test,ksdd2_12125,E:\Data (Drive)\IUH\DL\GK\surface-defect-detection\data\images\test\ksdd2_12125.png,False,0,230,619
test,ksdd2_12126,E:\Data (Drive)\IUH\DL\GK\surface-defect-detection\data\images\test\ksdd2_12126.png,False,0,230,640
test,ksdd2_12130,E:\Data (Drive)\IUH\DL\GK\surface-defect-detection\data\images\test\ksdd2_12130.png,False,0,232,638
test,ksdd2_12137,E:\Data (Drive)\IUH\DL\GK\surface-defect-detection\data\images\test\ksdd2_12137.png,False,0,231,630
test,ksdd2_12151,E:\Data (Drive)\IUH\DL\GK\surface-defect-detection\data\images\test\ksdd2_12151.png,False,0,228,622
test,ksdd2_12152,E:\Data (Drive)\IUH\DL\GK\surface-defect-detection\data\images\test\ksdd2_12152.png,False,0,227,637
test,ksdd2_12164,E:\Data (Drive)\IUH\DL\GK\surface-defect-detection\data\images\test\ksdd2_12164.png,False,0,228,638
test,ksdd2_12165,E:\Data (Drive)\IUH\DL\GK\surface-defect-detection\data\images\test\ksdd2_12165.png,False,0,227,631
test,ksdd2_12170,E:\Data (Drive)\IUH\DL\GK\surface-defect-detection\data\images\test\ksdd2_12170.png,False,0,229,631
test,ksdd2_12172,E:\Data (Drive)\IUH\DL\GK\surface-defect-detection\data\images\test\ksdd2_12172.png,False,0,230,624
test,ksdd2_12176,E:\Data (Drive)\IUH\DL\GK\surface-defect-detection\data\images\test\ksdd2_12176.png,False,0,231,639
test,ksdd2_12180,E:\Data (Drive)\IUH\DL\GK\surface-defect-detection\data\images\test\ksdd2_12180.png,False,0,230,637
test,ksdd2_12191,E:\Data (Drive)\IUH\DL\GK\surface-defect-detection\data\images\test\ksdd2_12191.png,True,1,230,643
test,ksdd2_12209,E:\Data (Drive)\IUH\DL\GK\surface-defect-detection\data\images\test\ksdd2_12209.png,False,0,230,640
test,ksdd2_12214,E:\Data (Drive)\IUH\DL\GK\surface-defect-detection\data\images\test\ksdd2_12214.png,False,0,228,638
test,ksdd2_12220,E:\Data (Drive)\IUH\DL\GK\surface-defect-detection\data\images\test\ksdd2_12220.png,False,0,230,634
test,ksdd2_12228,E:\Data (Drive)\IUH\DL\GK\surface-defect-detection\data\images\test\ksdd2_12228.png,False,0,231,638
test,ksdd2_12230,E:\Data (Drive)\IUH\DL\GK\surface-defect-detection\data\images\test\ksdd2_12230.png,False,0,218,640
test,ksdd2_12232,E:\Data (Drive)\IUH\DL\GK\surface-defect-detection\data\images\test\ksdd2_12232.png,False,0,231,630
test,ksdd2_12240,E:\Data (Drive)\IUH\DL\GK\surface-defect-detection\data\images\test\ksdd2_12240.png,False,0,229,627
test,ksdd2_12243,E:\Data (Drive)\IUH\DL\GK\surface-defect-detection\data\images\test\ksdd2_12243.png,False,0,229,624
test,ksdd2_12244,E:\Data (Drive)\IUH\DL\GK\surface-defect-detection\data\images\test\ksdd2_12244.png,True,1,229,620
test,ksdd2_12260,E:\Data (Drive)\IUH\DL\GK\surface-defect-detection\data\images\test\ksdd2_12260.png,False,0,230,632
test,ksdd2_12308,E:\Data (Drive)\IUH\DL\GK\surface-defect-detection\data\images\test\ksdd2_12308.png,False,0,229,639
test,ksdd2_12311,E:\Data (Drive)\IUH\DL\GK\surface-defect-detection\data\images\test\ksdd2_12311.png,False,0,227,637
test,ksdd2_12313,E:\Data (Drive)\IUH\DL\GK\surface-defect-detection\data\images\test\ksdd2_12313.png,False,0,229,645
test,ksdd2_12321,E:\Data (Drive)\IUH\DL\GK\surface-defect-detection\data\images\test\ksdd2_12321.png,False,0,230,618
test,ksdd2_12330,E:\Data (Drive)\IUH\DL\GK\surface-defect-detection\data\images\test\ksdd2_12330.png,False,0,229,606
test,ksdd2_20006,E:\Data (Drive)\IUH\DL\GK\surface-defect-detection\data\images\test\ksdd2_20006.png,False,0,228,641
test,ksdd2_20007,E:\Data (Drive)\IUH\DL\GK\surface-defect-detection\data\images\test\ksdd2_20007.png,False,0,229,626
test,ksdd2_20024,E:\Data (Drive)\IUH\DL\GK\surface-defect-detection\data\images\test\ksdd2_20024.png,False,0,210,647
test,ksdd2_20029,E:\Data (Drive)\IUH\DL\GK\surface-defect-detection\data\images\test\ksdd2_20029.png,False,0,227,639
test,ksdd2_20034,E:\Data (Drive)\IUH\DL\GK\surface-defect-detection\data\images\test\ksdd2_20034.png,False,0,230,630
test,ksdd2_20043,E:\Data (Drive)\IUH\DL\GK\surface-defect-detection\data\images\test\ksdd2_20043.png,False,0,229,644
test,ksdd2_20049,E:\Data (Drive)\IUH\DL\GK\surface-defect-detection\data\images\test\ksdd2_20049.png,False,0,229,628
test,ksdd2_20051,E:\Data (Drive)\IUH\DL\GK\surface-defect-detection\data\images\test\ksdd2_20051.png,False,0,230,634
test,ksdd2_20082,E:\Data (Drive)\IUH\DL\GK\surface-defect-detection\data\images\test\ksdd2_20082.png,False,0,230,638
test,ksdd2_20092,E:\Data (Drive)\IUH\DL\GK\surface-defect-detection\data\images\test\ksdd2_20092.png,False,0,232,631
test,ksdd2_20101,E:\Data (Drive)\IUH\DL\GK\surface-defect-detection\data\images\test\ksdd2_20101.png,False,0,229,638
test,ksdd2_20106,E:\Data (Drive)\IUH\DL\GK\surface-defect-detection\data\images\test\ksdd2_20106.png,False,0,230,651
test,ksdd2_20115,E:\Data (Drive)\IUH\DL\GK\surface-defect-detection\data\images\test\ksdd2_20115.png,False,0,228,625
test,ksdd2_20127,E:\Data (Drive)\IUH\DL\GK\surface-defect-detection\data\images\test\ksdd2_20127.png,False,0,234,631
test,ksdd2_20128,E:\Data (Drive)\IUH\DL\GK\surface-defect-detection\data\images\test\ksdd2_20128.png,False,0,227,628
test,ksdd2_20134,E:\Data (Drive)\IUH\DL\GK\surface-defect-detection\data\images\test\ksdd2_20134.png,False,0,230,636
test,ksdd2_20137,E:\Data (Drive)\IUH\DL\GK\surface-defect-detection\data\images\test\ksdd2_20137.png,False,0,227,631
test,ksdd2_20139,E:\Data (Drive)\IUH\DL\GK\surface-defect-detection\data\images\test\ksdd2_20139.png,True,1,211,634
test,ksdd2_20150,E:\Data (Drive)\IUH\DL\GK\surface-defect-detection\data\images\test\ksdd2_20150.png,False,0,226,638
test,ksdd2_20153,E:\Data (Drive)\IUH\DL\GK\surface-defect-detection\data\images\test\ksdd2_20153.png,False,0,226,639
test,ksdd2_20165,E:\Data (Drive)\IUH\DL\GK\surface-defect-detection\data\images\test\ksdd2_20165.png,False,0,228,632
test,ksdd2_20167,E:\Data (Drive)\IUH\DL\GK\surface-defect-detection\data\images\test\ksdd2_20167.png,False,0,231,640
test,ksdd2_20178,E:\Data (Drive)\IUH\DL\GK\surface-defect-detection\data\images\test\ksdd2_20178.png,False,0,228,638
test,ksdd2_20195,E:\Data (Drive)\IUH\DL\GK\surface-defect-detection\data\images\test\ksdd2_20195.png,False,0,229,644
test,ksdd2_20199,E:\Data (Drive)\IUH\DL\GK\surface-defect-detection\data\images\test\ksdd2_20199.png,False,0,229,644
test,ksdd2_20202,E:\Data (Drive)\IUH\DL\GK\surface-defect-detection\data\images\test\ksdd2_20202.png,False,0,231,637
test,ksdd2_20207,E:\Data (Drive)\IUH\DL\GK\surface-defect-detection\data\images\test\ksdd2_20207.png,False,0,233,639
test,ksdd2_20208,E:\Data (Drive)\IUH\DL\GK\surface-defect-detection\data\images\test\ksdd2_20208.png,False,0,229,636
test,ksdd2_20212,E:\Data (Drive)\IUH\DL\GK\surface-defect-detection\data\images\test\ksdd2_20212.png,False,0,230,639
test,ksdd2_20214,E:\Data (Drive)\IUH\DL\GK\surface-defect-detection\data\images\test\ksdd2_20214.png,False,0,232,630
test,ksdd2_20222,E:\Data (Drive)\IUH\DL\GK\surface-defect-detection\data\images\test\ksdd2_20222.png,False,0,230,634
test,ksdd2_20229,E:\Data (Drive)\IUH\DL\GK\surface-defect-detection\data\images\test\ksdd2_20229.png,False,0,226,636
test,ksdd2_20234,E:\Data (Drive)\IUH\DL\GK\surface-defect-detection\data\images\test\ksdd2_20234.png,False,0,231,637
test,ksdd2_20236,E:\Data (Drive)\IUH\DL\GK\surface-defect-detection\data\images\test\ksdd2_20236.png,True,1,231,631
test,ksdd2_20239,E:\Data (Drive)\IUH\DL\GK\surface-defect-detection\data\images\test\ksdd2_20239.png,False,0,232,636
test,ksdd2_20253,E:\Data (Drive)\IUH\DL\GK\surface-defect-detection\data\images\test\ksdd2_20253.png,False,0,232,636
test,ksdd2_20254,E:\Data (Drive)\IUH\DL\GK\surface-defect-detection\data\images\test\ksdd2_20254.png,False,0,229,633
test,ksdd2_20262,E:\Data (Drive)\IUH\DL\GK\surface-defect-detection\data\images\test\ksdd2_20262.png,False,0,231,638
test,ksdd2_20277,E:\Data (Drive)\IUH\DL\GK\surface-defect-detection\data\images\test\ksdd2_20277.png,False,0,232,645
test,ksdd2_20280,E:\Data (Drive)\IUH\DL\GK\surface-defect-detection\data\images\test\ksdd2_20280.png,False,0,230,645
test,ksdd2_20281,E:\Data (Drive)\IUH\DL\GK\surface-defect-detection\data\images\test\ksdd2_20281.png,True,1,229,651
test,ksdd2_20306,E:\Data (Drive)\IUH\DL\GK\surface-defect-detection\data\images\test\ksdd2_20306.png,False,0,229,631
test,ksdd2_20307,E:\Data (Drive)\IUH\DL\GK\surface-defect-detection\data\images\test\ksdd2_20307.png,False,0,234,638
test,ksdd2_20310,E:\Data (Drive)\IUH\DL\GK\surface-defect-detection\data\images\test\ksdd2_20310.png,False,0,231,646
test,ksdd2_20319,E:\Data (Drive)\IUH\DL\GK\surface-defect-detection\data\images\test\ksdd2_20319.png,True,1,229,639
test,ksdd2_20320,E:\Data (Drive)\IUH\DL\GK\surface-defect-detection\data\images\test\ksdd2_20320.png,False,0,233,638
test,ksdd2_20325,E:\Data (Drive)\IUH\DL\GK\surface-defect-detection\data\images\test\ksdd2_20325.png,False,0,233,640
test,ksdd2_20328,E:\Data (Drive)\IUH\DL\GK\surface-defect-detection\data\images\test\ksdd2_20328.png,False,0,234,639
test,ksdd2_20336,E:\Data (Drive)\IUH\DL\GK\surface-defect-detection\data\images\test\ksdd2_20336.png,False,0,227,633
test,ksdd2_20343,E:\Data (Drive)\IUH\DL\GK\surface-defect-detection\data\images\test\ksdd2_20343.png,False,0,232,634
test,ksdd2_20375,E:\Data (Drive)\IUH\DL\GK\surface-defect-detection\data\images\test\ksdd2_20375.png,False,0,228,632
test,ksdd2_20376,E:\Data (Drive)\IUH\DL\GK\surface-defect-detection\data\images\test\ksdd2_20376.png,False,0,237,646
test,ksdd2_20377,E:\Data (Drive)\IUH\DL\GK\surface-defect-detection\data\images\test\ksdd2_20377.png,False,0,227,638
test,ksdd2_20390,E:\Data (Drive)\IUH\DL\GK\surface-defect-detection\data\images\test\ksdd2_20390.png,False,0,235,637
test,ksdd2_20394,E:\Data (Drive)\IUH\DL\GK\surface-defect-detection\data\images\test\ksdd2_20394.png,False,0,233,651
test,ksdd2_20396,E:\Data (Drive)\IUH\DL\GK\surface-defect-detection\data\images\test\ksdd2_20396.png,False,0,232,632
test,ksdd2_20413,E:\Data (Drive)\IUH\DL\GK\surface-defect-detection\data\images\test\ksdd2_20413.png,False,0,228,644
test,ksdd2_20416,E:\Data (Drive)\IUH\DL\GK\surface-defect-detection\data\images\test\ksdd2_20416.png,True,1,222,625
test,ksdd2_20425,E:\Data (Drive)\IUH\DL\GK\surface-defect-detection\data\images\test\ksdd2_20425.png,False,0,227,626
test,ksdd2_20435,E:\Data (Drive)\IUH\DL\GK\surface-defect-detection\data\images\test\ksdd2_20435.png,False,0,228,631
test,ksdd2_20440,E:\Data (Drive)\IUH\DL\GK\surface-defect-detection\data\images\test\ksdd2_20440.png,False,0,226,635
test,ksdd2_20442,E:\Data (Drive)\IUH\DL\GK\surface-defect-detection\data\images\test\ksdd2_20442.png,False,0,224,628
test,ksdd2_20443,E:\Data (Drive)\IUH\DL\GK\surface-defect-detection\data\images\test\ksdd2_20443.png,False,0,234,648
test,ksdd2_20446,E:\Data (Drive)\IUH\DL\GK\surface-defect-detection\data\images\test\ksdd2_20446.png,False,0,237,645
test,ksdd2_20460,E:\Data (Drive)\IUH\DL\GK\surface-defect-detection\data\images\test\ksdd2_20460.png,False,0,237,643
test,ksdd2_20464,E:\Data (Drive)\IUH\DL\GK\surface-defect-detection\data\images\test\ksdd2_20464.png,False,0,222,633
test,ksdd2_20467,E:\Data (Drive)\IUH\DL\GK\surface-defect-detection\data\images\test\ksdd2_20467.png,False,0,223,624
test,ksdd2_20471,E:\Data (Drive)\IUH\DL\GK\surface-defect-detection\data\images\test\ksdd2_20471.png,False,0,227,632
test,ksdd2_20483,E:\Data (Drive)\IUH\DL\GK\surface-defect-detection\data\images\test\ksdd2_20483.png,False,0,231,639
test,ksdd2_20484,E:\Data (Drive)\IUH\DL\GK\surface-defect-detection\data\images\test\ksdd2_20484.png,False,0,230,635
test,ksdd2_20500,E:\Data (Drive)\IUH\DL\GK\surface-defect-detection\data\images\test\ksdd2_20500.png,False,0,228,639
test,ksdd2_20507,E:\Data (Drive)\IUH\DL\GK\surface-defect-detection\data\images\test\ksdd2_20507.png,False,0,225,635
test,ksdd2_20509,E:\Data (Drive)\IUH\DL\GK\surface-defect-detection\data\images\test\ksdd2_20509.png,False,0,230,633
test,ksdd2_20513,E:\Data (Drive)\IUH\DL\GK\surface-defect-detection\data\images\test\ksdd2_20513.png,False,0,222,628
test,ksdd2_20518,E:\Data (Drive)\IUH\DL\GK\surface-defect-detection\data\images\test\ksdd2_20518.png,False,0,236,645
test,ksdd2_20534,E:\Data (Drive)\IUH\DL\GK\surface-defect-detection\data\images\test\ksdd2_20534.png,False,0,233,639
test,ksdd2_20537,E:\Data (Drive)\IUH\DL\GK\surface-defect-detection\data\images\test\ksdd2_20537.png,False,0,232,649
test,ksdd2_20543,E:\Data (Drive)\IUH\DL\GK\surface-defect-detection\data\images\test\ksdd2_20543.png,True,1,233,636
test,ksdd2_20544,E:\Data (Drive)\IUH\DL\GK\surface-defect-detection\data\images\test\ksdd2_20544.png,True,1,230,648
test,ksdd2_20550,E:\Data (Drive)\IUH\DL\GK\surface-defect-detection\data\images\test\ksdd2_20550.png,False,0,225,644
test,ksdd2_20565,E:\Data (Drive)\IUH\DL\GK\surface-defect-detection\data\images\test\ksdd2_20565.png,False,0,226,640
test,ksdd2_20570,E:\Data (Drive)\IUH\DL\GK\surface-defect-detection\data\images\test\ksdd2_20570.png,False,0,226,629
test,ksdd2_20571,E:\Data (Drive)\IUH\DL\GK\surface-defect-detection\data\images\test\ksdd2_20571.png,False,0,232,636
test,ksdd2_20582,E:\Data (Drive)\IUH\DL\GK\surface-defect-detection\data\images\test\ksdd2_20582.png,False,0,228,641
test,ksdd2_20584,E:\Data (Drive)\IUH\DL\GK\surface-defect-detection\data\images\test\ksdd2_20584.png,False,0,226,636
test,ksdd2_20595,E:\Data (Drive)\IUH\DL\GK\surface-defect-detection\data\images\test\ksdd2_20595.png,False,0,226,636
test,ksdd2_20600,E:\Data (Drive)\IUH\DL\GK\surface-defect-detection\data\images\test\ksdd2_20600.png,True,1,233,644
test,ksdd2_20603,E:\Data (Drive)\IUH\DL\GK\surface-defect-detection\data\images\test\ksdd2_20603.png,False,0,238,634
test,ksdd2_20608,E:\Data (Drive)\IUH\DL\GK\surface-defect-detection\data\images\test\ksdd2_20608.png,False,0,233,642
test,ksdd2_20622,E:\Data (Drive)\IUH\DL\GK\surface-defect-detection\data\images\test\ksdd2_20622.png,False,0,227,628
test,ksdd2_20624,E:\Data (Drive)\IUH\DL\GK\surface-defect-detection\data\images\test\ksdd2_20624.png,True,1,232,637
test,ksdd2_20630,E:\Data (Drive)\IUH\DL\GK\surface-defect-detection\data\images\test\ksdd2_20630.png,False,0,225,630
test,ksdd2_20634,E:\Data (Drive)\IUH\DL\GK\surface-defect-detection\data\images\test\ksdd2_20634.png,False,0,231,630
test,ksdd2_20659,E:\Data (Drive)\IUH\DL\GK\surface-defect-detection\data\images\test\ksdd2_20659.png,False,0,230,639
test,ksdd2_20663,E:\Data (Drive)\IUH\DL\GK\surface-defect-detection\data\images\test\ksdd2_20663.png,False,0,232,643
test,ksdd2_20666,E:\Data (Drive)\IUH\DL\GK\surface-defect-detection\data\images\test\ksdd2_20666.png,False,0,232,639
test,ksdd2_20674,E:\Data (Drive)\IUH\DL\GK\surface-defect-detection\data\images\test\ksdd2_20674.png,False,0,227,633
test,ksdd2_20678,E:\Data (Drive)\IUH\DL\GK\surface-defect-detection\data\images\test\ksdd2_20678.png,False,0,229,639
test,ksdd2_20683,E:\Data (Drive)\IUH\DL\GK\surface-defect-detection\data\images\test\ksdd2_20683.png,False,0,230,643
test,ksdd2_20687,E:\Data (Drive)\IUH\DL\GK\surface-defect-detection\data\images\test\ksdd2_20687.png,False,0,237,646
test,ksdd2_20692,E:\Data (Drive)\IUH\DL\GK\surface-defect-detection\data\images\test\ksdd2_20692.png,False,0,219,629
test,ksdd2_20706,E:\Data (Drive)\IUH\DL\GK\surface-defect-detection\data\images\test\ksdd2_20706.png,False,0,233,636
test,ksdd2_20708,E:\Data (Drive)\IUH\DL\GK\surface-defect-detection\data\images\test\ksdd2_20708.png,False,0,233,640
test,ksdd2_20709,E:\Data (Drive)\IUH\DL\GK\surface-defect-detection\data\images\test\ksdd2_20709.png,False,0,232,644
test,ksdd2_20712,E:\Data (Drive)\IUH\DL\GK\surface-defect-detection\data\images\test\ksdd2_20712.png,False,0,227,629
test,ksdd2_20716,E:\Data (Drive)\IUH\DL\GK\surface-defect-detection\data\images\test\ksdd2_20716.png,False,0,229,645
test,ksdd2_20720,E:\Data (Drive)\IUH\DL\GK\surface-defect-detection\data\images\test\ksdd2_20720.png,False,0,218,633
test,ksdd2_20723,E:\Data (Drive)\IUH\DL\GK\surface-defect-detection\data\images\test\ksdd2_20723.png,False,0,230,636
test,ksdd2_20725,E:\Data (Drive)\IUH\DL\GK\surface-defect-detection\data\images\test\ksdd2_20725.png,False,0,230,638
test,ksdd2_20733,E:\Data (Drive)\IUH\DL\GK\surface-defect-detection\data\images\test\ksdd2_20733.png,False,0,230,637
test,ksdd2_20736,E:\Data (Drive)\IUH\DL\GK\surface-defect-detection\data\images\test\ksdd2_20736.png,False,0,226,636
test,ksdd2_20740,E:\Data (Drive)\IUH\DL\GK\surface-defect-detection\data\images\test\ksdd2_20740.png,False,0,231,630
test,ksdd2_20748,E:\Data (Drive)\IUH\DL\GK\surface-defect-detection\data\images\test\ksdd2_20748.png,False,0,229,627
test,ksdd2_20754,E:\Data (Drive)\IUH\DL\GK\surface-defect-detection\data\images\test\ksdd2_20754.png,True,1,207,636
test,ksdd2_20755,E:\Data (Drive)\IUH\DL\GK\surface-defect-detection\data\images\test\ksdd2_20755.png,False,0,226,633
test,ksdd2_20761,E:\Data (Drive)\IUH\DL\GK\surface-defect-detection\data\images\test\ksdd2_20761.png,False,0,233,631
test,ksdd2_20765,E:\Data (Drive)\IUH\DL\GK\surface-defect-detection\data\images\test\ksdd2_20765.png,True,1,228,626
test,ksdd2_20769,E:\Data (Drive)\IUH\DL\GK\surface-defect-detection\data\images\test\ksdd2_20769.png,False,0,229,640
test,ksdd2_20779,E:\Data (Drive)\IUH\DL\GK\surface-defect-detection\data\images\test\ksdd2_20779.png,False,0,230,637
test,ksdd2_20791,E:\Data (Drive)\IUH\DL\GK\surface-defect-detection\data\images\test\ksdd2_20791.png,False,0,228,631
test,ksdd2_20794,E:\Data (Drive)\IUH\DL\GK\surface-defect-detection\data\images\test\ksdd2_20794.png,False,0,228,632
test,ksdd2_20804,E:\Data (Drive)\IUH\DL\GK\surface-defect-detection\data\images\test\ksdd2_20804.png,True,1,229,637
test,ksdd2_20806,E:\Data (Drive)\IUH\DL\GK\surface-defect-detection\data\images\test\ksdd2_20806.png,False,0,231,639
test,ksdd2_20813,E:\Data (Drive)\IUH\DL\GK\surface-defect-detection\data\images\test\ksdd2_20813.png,False,0,228,623
test,ksdd2_20815,E:\Data (Drive)\IUH\DL\GK\surface-defect-detection\data\images\test\ksdd2_20815.png,False,0,229,640
test,ksdd2_20835,E:\Data (Drive)\IUH\DL\GK\surface-defect-detection\data\images\test\ksdd2_20835.png,False,0,227,633
test,ksdd2_20843,E:\Data (Drive)\IUH\DL\GK\surface-defect-detection\data\images\test\ksdd2_20843.png,False,0,230,638
test,ksdd2_20870,E:\Data (Drive)\IUH\DL\GK\surface-defect-detection\data\images\test\ksdd2_20870.png,True,1,230,641
test,ksdd2_20880,E:\Data (Drive)\IUH\DL\GK\surface-defect-detection\data\images\test\ksdd2_20880.png,False,0,229,632
test,ksdd2_20884,E:\Data (Drive)\IUH\DL\GK\surface-defect-detection\data\images\test\ksdd2_20884.png,True,1,230,642
test,ksdd2_20894,E:\Data (Drive)\IUH\DL\GK\surface-defect-detection\data\images\test\ksdd2_20894.png,False,0,230,638
test,ksdd2_20895,E:\Data (Drive)\IUH\DL\GK\surface-defect-detection\data\images\test\ksdd2_20895.png,True,1,230,644
test,ksdd2_20902,E:\Data (Drive)\IUH\DL\GK\surface-defect-detection\data\images\test\ksdd2_20902.png,True,2,229,638
test,ksdd2_20904,E:\Data (Drive)\IUH\DL\GK\surface-defect-detection\data\images\test\ksdd2_20904.png,False,0,230,633
test,ksdd2_20905,E:\Data (Drive)\IUH\DL\GK\surface-defect-detection\data\images\test\ksdd2_20905.png,False,0,230,627
test,ksdd2_20909,E:\Data (Drive)\IUH\DL\GK\surface-defect-detection\data\images\test\ksdd2_20909.png,False,0,231,638
test,ksdd2_20912,E:\Data (Drive)\IUH\DL\GK\surface-defect-detection\data\images\test\ksdd2_20912.png,True,1,229,632
test,ksdd2_20921,E:\Data (Drive)\IUH\DL\GK\surface-defect-detection\data\images\test\ksdd2_20921.png,False,0,230,641
test,ksdd2_20926,E:\Data (Drive)\IUH\DL\GK\surface-defect-detection\data\images\test\ksdd2_20926.png,False,0,230,643
test,ksdd2_20929,E:\Data (Drive)\IUH\DL\GK\surface-defect-detection\data\images\test\ksdd2_20929.png,False,0,228,634
test,ksdd2_20935,E:\Data (Drive)\IUH\DL\GK\surface-defect-detection\data\images\test\ksdd2_20935.png,False,0,227,636
test,ksdd2_20936,E:\Data (Drive)\IUH\DL\GK\surface-defect-detection\data\images\test\ksdd2_20936.png,False,0,229,626
test,ksdd2_20955,E:\Data (Drive)\IUH\DL\GK\surface-defect-detection\data\images\test\ksdd2_20955.png,False,0,229,644
test,ksdd2_20961,E:\Data (Drive)\IUH\DL\GK\surface-defect-detection\data\images\test\ksdd2_20961.png,False,0,229,639
test,ksdd2_20972,E:\Data (Drive)\IUH\DL\GK\surface-defect-detection\data\images\test\ksdd2_20972.png,False,0,230,636
test,ksdd2_20987,E:\Data (Drive)\IUH\DL\GK\surface-defect-detection\data\images\test\ksdd2_20987.png,False,0,229,635
test,ksdd2_20991,E:\Data (Drive)\IUH\DL\GK\surface-defect-detection\data\images\test\ksdd2_20991.png,False,0,232,637
test,mt_blowhole_exp1_num_51674,E:\Data (Drive)\IUH\DL\GK\surface-defect-detection\data\images\test\mt_blowhole_exp1_num_51674.png,True,1,112,284
test,mt_blowhole_exp2_num_262572,E:\Data (Drive)\IUH\DL\GK\surface-defect-detection\data\images\test\mt_blowhole_exp2_num_262572.png,True,1,187,231
test,mt_blowhole_exp2_num_3696,E:\Data (Drive)\IUH\DL\GK\surface-defect-detection\data\images\test\mt_blowhole_exp2_num_3696.png,True,1,460,366
test,mt_blowhole_exp3_num_317526,E:\Data (Drive)\IUH\DL\GK\surface-defect-detection\data\images\test\mt_blowhole_exp3_num_317526.png,True,1,224,265
test,mt_blowhole_exp3_num_4978,E:\Data (Drive)\IUH\DL\GK\surface-defect-detection\data\images\test\mt_blowhole_exp3_num_4978.png,True,1,114,286
test,mt_blowhole_exp3_num_9508,E:\Data (Drive)\IUH\DL\GK\surface-defect-detection\data\images\test\mt_blowhole_exp3_num_9508.png,True,1,388,398
test,mt_blowhole_exp4_num_108774,E:\Data (Drive)\IUH\DL\GK\surface-defect-detection\data\images\test\mt_blowhole_exp4_num_108774.png,True,1,254,381
test,mt_blowhole_exp4_num_265131,E:\Data (Drive)\IUH\DL\GK\surface-defect-detection\data\images\test\mt_blowhole_exp4_num_265131.png,True,1,264,360
test,mt_blowhole_exp4_num_4995,E:\Data (Drive)\IUH\DL\GK\surface-defect-detection\data\images\test\mt_blowhole_exp4_num_4995.png,True,1,120,288
test,mt_blowhole_exp5_num_328057,E:\Data (Drive)\IUH\DL\GK\surface-defect-detection\data\images\test\mt_blowhole_exp5_num_328057.png,True,1,354,360
test,mt_blowhole_exp5_num_36269,E:\Data (Drive)\IUH\DL\GK\surface-defect-detection\data\images\test\mt_blowhole_exp5_num_36269.png,True,1,119,291
test,mt_blowhole_exp6_num_36280,E:\Data (Drive)\IUH\DL\GK\surface-defect-detection\data\images\test\mt_blowhole_exp6_num_36280.png,True,1,113,287
test,mt_blowhole_exp6_num_40515,E:\Data (Drive)\IUH\DL\GK\surface-defect-detection\data\images\test\mt_blowhole_exp6_num_40515.png,True,1,118,289
test,mt_blowhole_exp6_num_54366,E:\Data (Drive)\IUH\DL\GK\surface-defect-detection\data\images\test\mt_blowhole_exp6_num_54366.png,True,1,125,276
test,mt_break_exp1_num_194173,E:\Data (Drive)\IUH\DL\GK\surface-defect-detection\data\images\test\mt_break_exp1_num_194173.png,True,2,189,320
test,mt_break_exp1_num_320649,E:\Data (Drive)\IUH\DL\GK\surface-defect-detection\data\images\test\mt_break_exp1_num_320649.png,True,1,191,262
test,mt_break_exp2_num_105807,E:\Data (Drive)\IUH\DL\GK\surface-defect-detection\data\images\test\mt_break_exp2_num_105807.png,True,1,610,286
test,mt_break_exp2_num_304305,E:\Data (Drive)\IUH\DL\GK\surface-defect-detection\data\images\test\mt_break_exp2_num_304305.png,True,1,206,262
test,mt_break_exp2_num_348648,E:\Data (Drive)\IUH\DL\GK\surface-defect-detection\data\images\test\mt_break_exp2_num_348648.png,True,1,497,374
test,mt_break_exp2_num_356745,E:\Data (Drive)\IUH\DL\GK\surface-defect-detection\data\images\test\mt_break_exp2_num_356745.png,True,1,504,378
test,mt_break_exp3_num_194220,E:\Data (Drive)\IUH\DL\GK\surface-defect-detection\data\images\test\mt_break_exp3_num_194220.png,True,2,194,326
test,mt_break_exp3_num_276387,E:\Data (Drive)\IUH\DL\GK\surface-defect-detection\data\images\test\mt_break_exp3_num_276387.png,True,2,272,386
test,mt_break_exp3_num_284520,E:\Data (Drive)\IUH\DL\GK\surface-defect-detection\data\images\test\mt_break_exp3_num_284520.png,True,1,255,368
test,mt_break_exp3_num_304317,E:\Data (Drive)\IUH\DL\GK\surface-defect-detection\data\images\test\mt_break_exp3_num_304317.png,True,1,219,252
test,mt_break_exp3_num_356756,E:\Data (Drive)\IUH\DL\GK\surface-defect-detection\data\images\test\mt_break_exp3_num_356756.png,True,1,503,382
test,mt_break_exp4_num_320705,E:\Data (Drive)\IUH\DL\GK\surface-defect-detection\data\images\test\mt_break_exp4_num_320705.png,True,1,198,257
test,mt_break_exp5_num_304345,E:\Data (Drive)\IUH\DL\GK\surface-defect-detection\data\images\test\mt_break_exp5_num_304345.png,True,1,212,263
test,mt_break_exp5_num_320724,E:\Data (Drive)\IUH\DL\GK\surface-defect-detection\data\images\test\mt_break_exp5_num_320724.png,True,1,201,270
test,mt_break_exp6_num_194304,E:\Data (Drive)\IUH\DL\GK\surface-defect-detection\data\images\test\mt_break_exp6_num_194304.png,True,2,190,335
test,mt_crack_exp3_num_265659,E:\Data (Drive)\IUH\DL\GK\surface-defect-detection\data\images\test\mt_crack_exp3_num_265659.png,True,2,199,399
test,mt_crack_exp3_num_3223,E:\Data (Drive)\IUH\DL\GK\surface-defect-detection\data\images\test\mt_crack_exp3_num_3223.png,True,1,456,377
test,mt_crack_exp4_num_249762,E:\Data (Drive)\IUH\DL\GK\surface-defect-detection\data\images\test\mt_crack_exp4_num_249762.png,True,1,219,274
test,mt_crack_exp4_num_32185,E:\Data (Drive)\IUH\DL\GK\surface-defect-detection\data\images\test\mt_crack_exp4_num_32185.png,True,1,123,274
test,mt_crack_exp4_num_88149,E:\Data (Drive)\IUH\DL\GK\surface-defect-detection\data\images\test\mt_crack_exp4_num_88149.png,True,1,596,260
test,mt_crack_exp5_num_32201,E:\Data (Drive)\IUH\DL\GK\surface-defect-detection\data\images\test\mt_crack_exp5_num_32201.png,True,1,121,287
test,mt_fray_exp1_num_77531,E:\Data (Drive)\IUH\DL\GK\surface-defect-detection\data\images\test\mt_fray_exp1_num_77531.png,True,2,601,232
test,mt_fray_exp3_num_20409,E:\Data (Drive)\IUH\DL\GK\surface-defect-detection\data\images\test\mt_fray_exp3_num_20409.png,True,1,535,329
test,mt_fray_exp5_num_77692,E:\Data (Drive)\IUH\DL\GK\surface-defect-detection\data\images\test\mt_fray_exp5_num_77692.png,True,2,606,242
test,mt_fray_exp6_num_258703,E:\Data (Drive)\IUH\DL\GK\surface-defect-detection\data\images\test\mt_fray_exp6_num_258703.png,True,1,242,342
test,mt_fray_exp6_num_972,E:\Data (Drive)\IUH\DL\GK\surface-defect-detection\data\images\test\mt_fray_exp6_num_972.png,True,1,491,363
test,mt_free_exp1_num_10181,E:\Data (Drive)\IUH\DL\GK\surface-defect-detection\data\images\test\mt_free_exp1_num_10181.png,False,0,494,361
test,mt_free_exp1_num_110086,E:\Data (Drive)\IUH\DL\GK\surface-defect-detection\data\images\test\mt_free_exp1_num_110086.png,False,0,603,248
test,mt_free_exp1_num_114376,E:\Data (Drive)\IUH\DL\GK\surface-defect-detection\data\images\test\mt_free_exp1_num_114376.png,False,0,256,369
test,mt_free_exp1_num_116270,E:\Data (Drive)\IUH\DL\GK\surface-defect-detection\data\images\test\mt_free_exp1_num_116270.png,False,0,598,259
test,mt_free_exp1_num_157166,E:\Data (Drive)\IUH\DL\GK\surface-defect-detection\data\images\test\mt_free_exp1_num_157166.png,False,0,195,319
test,mt_free_exp1_num_195647,E:\Data (Drive)\IUH\DL\GK\surface-defect-detection\data\images\test\mt_free_exp1_num_195647.png,False,0,189,313
test,mt_free_exp1_num_240048,E:\Data (Drive)\IUH\DL\GK\surface-defect-detection\data\images\test\mt_free_exp1_num_240048.png,False,0,264,360
test,mt_free_exp1_num_246296,E:\Data (Drive)\IUH\DL\GK\surface-defect-detection\data\images\test\mt_free_exp1_num_246296.png,False,0,220,269
test,mt_free_exp1_num_258819,E:\Data (Drive)\IUH\DL\GK\surface-defect-detection\data\images\test\mt_free_exp1_num_258819.png,False,0,217,259
test,mt_free_exp1_num_264189,E:\Data (Drive)\IUH\DL\GK\surface-defect-detection\data\images\test\mt_free_exp1_num_264189.png,False,0,269,373
test,mt_free_exp1_num_266790,E:\Data (Drive)\IUH\DL\GK\surface-defect-detection\data\images\test\mt_free_exp1_num_266790.png,False,0,217,266
test,mt_free_exp1_num_276985,E:\Data (Drive)\IUH\DL\GK\surface-defect-detection\data\images\test\mt_free_exp1_num_276985.png,False,0,261,365
test,mt_free_exp1_num_283203,E:\Data (Drive)\IUH\DL\GK\surface-defect-detection\data\images\test\mt_free_exp1_num_283203.png,False,0,246,283
test,mt_free_exp1_num_297276,E:\Data (Drive)\IUH\DL\GK\surface-defect-detection\data\images\test\mt_free_exp1_num_297276.png,False,0,311,345
test,mt_free_exp1_num_301474,E:\Data (Drive)\IUH\DL\GK\surface-defect-detection\data\images\test\mt_free_exp1_num_301474.png,False,0,360,360
test,mt_free_exp1_num_306425,E:\Data (Drive)\IUH\DL\GK\surface-defect-detection\data\images\test\mt_free_exp1_num_306425.png,False,0,209,262
test,mt_free_exp1_num_309352,E:\Data (Drive)\IUH\DL\GK\surface-defect-detection\data\images\test\mt_free_exp1_num_309352.png,False,0,362,362
test,mt_free_exp1_num_31106,E:\Data (Drive)\IUH\DL\GK\surface-defect-detection\data\images\test\mt_free_exp1_num_31106.png,False,0,122,281
test,mt_free_exp1_num_319420,E:\Data (Drive)\IUH\DL\GK\surface-defect-detection\data\images\test\mt_free_exp1_num_319420.png,False,0,222,274
test,mt_free_exp1_num_320441,E:\Data (Drive)\IUH\DL\GK\surface-defect-detection\data\images\test\mt_free_exp1_num_320441.png,False,0,359,368
test,mt_free_exp1_num_323319,E:\Data (Drive)\IUH\DL\GK\surface-defect-detection\data\images\test\mt_free_exp1_num_323319.png,False,0,219,272
test,mt_free_exp1_num_349824,E:\Data (Drive)\IUH\DL\GK\surface-defect-detection\data\images\test\mt_free_exp1_num_349824.png,False,0,481,364
test,mt_free_exp1_num_3504,E:\Data (Drive)\IUH\DL\GK\surface-defect-detection\data\images\test\mt_free_exp1_num_3504.png,False,0,127,271
test,mt_free_exp1_num_3786,E:\Data (Drive)\IUH\DL\GK\surface-defect-detection\data\images\test\mt_free_exp1_num_3786.png,False,0,116,275
test,mt_free_exp1_num_43817,E:\Data (Drive)\IUH\DL\GK\surface-defect-detection\data\images\test\mt_free_exp1_num_43817.png,False,0,527,315
test,mt_free_exp1_num_52659,E:\Data (Drive)\IUH\DL\GK\surface-defect-detection\data\images\test\mt_free_exp1_num_52659.png,False,0,109,291
test,mt_free_exp1_num_65001,E:\Data (Drive)\IUH\DL\GK\surface-defect-detection\data\images\test\mt_free_exp1_num_65001.png,False,0,519,331
test,mt_free_exp1_num_824,E:\Data (Drive)\IUH\DL\GK\surface-defect-detection\data\images\test\mt_free_exp1_num_824.png,False,0,484,358
test,mt_free_exp2_num_10410,E:\Data (Drive)\IUH\DL\GK\surface-defect-detection\data\images\test\mt_free_exp2_num_10410.png,False,0,528,333
test,mt_free_exp2_num_106752,E:\Data (Drive)\IUH\DL\GK\surface-defect-detection\data\images\test\mt_free_exp2_num_106752.png,False,0,258,334
test,mt_free_exp2_num_118897,E:\Data (Drive)\IUH\DL\GK\surface-defect-detection\data\images\test\mt_free_exp2_num_118897.png,False,0,605,253
test,mt_free_exp2_num_16532,E:\Data (Drive)\IUH\DL\GK\surface-defect-detection\data\images\test\mt_free_exp2_num_16532.png,False,0,531,322
test,mt_free_exp2_num_2060,E:\Data (Drive)\IUH\DL\GK\surface-defect-detection\data\images\test\mt_free_exp2_num_2060.png,False,0,514,374
test,mt_free_exp2_num_251454,E:\Data (Drive)\IUH\DL\GK\surface-defect-detection\data\images\test\mt_free_exp2_num_251454.png,False,0,222,258
test,mt_free_exp2_num_256286,E:\Data (Drive)\IUH\DL\GK\surface-defect-detection\data\images\test\mt_free_exp2_num_256286.png,False,0,268,373
test,mt_free_exp2_num_258847,E:\Data (Drive)\IUH\DL\GK\surface-defect-detection\data\images\test\mt_free_exp2_num_258847.png,False,0,226,264
test,mt_free_exp2_num_260949,E:\Data (Drive)\IUH\DL\GK\surface-defect-detection\data\images\test\mt_free_exp2_num_260949.png,False,0,217,273
test,mt_free_exp2_num_279109,E:\Data (Drive)\IUH\DL\GK\surface-defect-detection\data\images\test\mt_free_exp2_num_279109.png,False,0,268,383
test,mt_free_exp2_num_292109,E:\Data (Drive)\IUH\DL\GK\surface-defect-detection\data\images\test\mt_free_exp2_num_292109.png,False,0,298,328
test,mt_free_exp2_num_293276,E:\Data (Drive)\IUH\DL\GK\surface-defect-detection\data\images\test\mt_free_exp2_num_293276.png,False,0,302,334
test,mt_free_exp2_num_293729,E:\Data (Drive)\IUH\DL\GK\surface-defect-detection\data\images\test\mt_free_exp2_num_293729.png,False,0,327,322
test,mt_free_exp2_num_297298,E:\Data (Drive)\IUH\DL\GK\surface-defect-detection\data\images\test\mt_free_exp2_num_297298.png,False,0,312,341
test,mt_free_exp2_num_299741,E:\Data (Drive)\IUH\DL\GK\surface-defect-detection\data\images\test\mt_free_exp2_num_299741.png,False,0,216,264
test,mt_free_exp2_num_306443,E:\Data (Drive)\IUH\DL\GK\surface-defect-detection\data\images\test\mt_free_exp2_num_306443.png,False,0,228,272
test,mt_free_exp2_num_309366,E:\Data (Drive)\IUH\DL\GK\surface-defect-detection\data\images\test\mt_free_exp2_num_309366.png,False,0,372,369
test,mt_free_exp2_num_323339,E:\Data (Drive)\IUH\DL\GK\surface-defect-detection\data\images\test\mt_free_exp2_num_323339.png,False,0,223,275
test,mt_free_exp2_num_331174,E:\Data (Drive)\IUH\DL\GK\surface-defect-detection\data\images\test\mt_free_exp2_num_331174.png,False,0,372,356
test,mt_free_exp2_num_346332,E:\Data (Drive)\IUH\DL\GK\surface-defect-detection\data\images\test\mt_free_exp2_num_346332.png,False,0,498,371
test,mt_free_exp2_num_38004,E:\Data (Drive)\IUH\DL\GK\surface-defect-detection\data\images\test\mt_free_exp2_num_38004.png,False,0,523,333
test,mt_free_exp2_num_43841,E:\Data (Drive)\IUH\DL\GK\surface-defect-detection\data\images\test\mt_free_exp2_num_43841.png,False,0,524,341
test,mt_free_exp2_num_65017,E:\Data (Drive)\IUH\DL\GK\surface-defect-detection\data\images\test\mt_free_exp2_num_65017.png,False,0,517,332
test,mt_free_exp3_num_10448,E:\Data (Drive)\IUH\DL\GK\surface-defect-detection\data\images\test\mt_free_exp3_num_10448.png,False,0,525,336
test,mt_free_exp3_num_10945,E:\Data (Drive)\IUH\DL\GK\surface-defect-detection\data\images\test\mt_free_exp3_num_10945.png,False,0,513,355
test,mt_free_exp3_num_110136,E:\Data (Drive)\IUH\DL\GK\surface-defect-detection\data\images\test\mt_free_exp3_num_110136.png,False,0,602,251
test,mt_free_exp3_num_116991,E:\Data (Drive)\IUH\DL\GK\surface-defect-detection\data\images\test\mt_free_exp3_num_116991.png,False,0,308,307
test,mt_free_exp3_num_127677,E:\Data (Drive)\IUH\DL\GK\surface-defect-detection\data\images\test\mt_free_exp3_num_127677.png,False,0,306,347
test,mt_free_exp3_num_128108,E:\Data (Drive)\IUH\DL\GK\surface-defect-detection\data\images\test\mt_free_exp3_num_128108.png,False,0,315,339
test,mt_free_exp3_num_138649,E:\Data (Drive)\IUH\DL\GK\surface-defect-detection\data\images\test\mt_free_exp3_num_138649.png,False,0,608,254
test,mt_free_exp3_num_166221,E:\Data (Drive)\IUH\DL\GK\surface-defect-detection\data\images\test\mt_free_exp3_num_166221.png,False,0,188,322
test,mt_free_exp3_num_174699,E:\Data (Drive)\IUH\DL\GK\surface-defect-detection\data\images\test\mt_free_exp3_num_174699.png,False,0,194,319
test,mt_free_exp3_num_1855,E:\Data (Drive)\IUH\DL\GK\surface-defect-detection\data\images\test\mt_free_exp3_num_1855.png,False,0,250,270
test,mt_free_exp3_num_255696,E:\Data (Drive)\IUH\DL\GK\surface-defect-detection\data\images\test\mt_free_exp3_num_255696.png,False,0,265,375
test,mt_free_exp3_num_266316,E:\Data (Drive)\IUH\DL\GK\surface-defect-detection\data\images\test\mt_free_exp3_num_266316.png,False,0,213,252
test,mt_free_exp3_num_280246,E:\Data (Drive)\IUH\DL\GK\surface-defect-detection\data\images\test\mt_free_exp3_num_280246.png,False,0,254,366
test,mt_free_exp3_num_286265,E:\Data (Drive)\IUH\DL\GK\surface-defect-detection\data\images\test\mt_free_exp3_num_286265.png,False,0,300,352
test,mt_free_exp3_num_293289,E:\Data (Drive)\IUH\DL\GK\surface-defect-detection\data\images\test\mt_free_exp3_num_293289.png,False,0,302,338
test,mt_free_exp3_num_315020,E:\Data (Drive)\IUH\DL\GK\surface-defect-detection\data\images\test\mt_free_exp3_num_315020.png,False,0,221,273
test,mt_free_exp3_num_316354,E:\Data (Drive)\IUH\DL\GK\surface-defect-detection\data\images\test\mt_free_exp3_num_316354.png,False,0,379,359
test,mt_free_exp3_num_320833,E:\Data (Drive)\IUH\DL\GK\surface-defect-detection\data\images\test\mt_free_exp3_num_320833.png,False,0,363,359
test,mt_free_exp3_num_331190,E:\Data (Drive)\IUH\DL\GK\surface-defect-detection\data\images\test\mt_free_exp3_num_331190.png,False,0,354,352
test,mt_free_exp3_num_337688,E:\Data (Drive)\IUH\DL\GK\surface-defect-detection\data\images\test\mt_free_exp3_num_337688.png,False,0,479,371
test,mt_free_exp3_num_342889,E:\Data (Drive)\IUH\DL\GK\surface-defect-detection\data\images\test\mt_free_exp3_num_342889.png,False,0,498,368
test,mt_free_exp3_num_358127,E:\Data (Drive)\IUH\DL\GK\surface-defect-detection\data\images\test\mt_free_exp3_num_358127.png,False,0,468,376
test,mt_free_exp3_num_5941,E:\Data (Drive)\IUH\DL\GK\surface-defect-detection\data\images\test\mt_free_exp3_num_5941.png,False,0,519,330
test,mt_free_exp4_num_106203,E:\Data (Drive)\IUH\DL\GK\surface-defect-detection\data\images\test\mt_free_exp4_num_106203.png,False,0,251,356
test,mt_free_exp4_num_106801,E:\Data (Drive)\IUH\DL\GK\surface-defect-detection\data\images\test\mt_free_exp4_num_106801.png,False,0,258,355
test,mt_free_exp4_num_10957,E:\Data (Drive)\IUH\DL\GK\surface-defect-detection\data\images\test\mt_free_exp4_num_10957.png,False,0,512,355
test,mt_free_exp4_num_118925,E:\Data (Drive)\IUH\DL\GK\surface-defect-detection\data\images\test\mt_free_exp4_num_118925.png,False,0,598,248
test,mt_free_exp4_num_126840,E:\Data (Drive)\IUH\DL\GK\surface-defect-detection\data\images\test\mt_free_exp4_num_126840.png,False,0,307,340
test,mt_free_exp4_num_138670,E:\Data (Drive)\IUH\DL\GK\surface-defect-detection\data\images\test\mt_free_exp4_num_138670.png,False,0,609,253
test,mt_free_exp4_num_143255,E:\Data (Drive)\IUH\DL\GK\surface-defect-detection\data\images\test\mt_free_exp4_num_143255.png,False,0,584,250
test,mt_free_exp4_num_144227,E:\Data (Drive)\IUH\DL\GK\surface-defect-detection\data\images\test\mt_free_exp4_num_144227.png,False,0,564,257
test,mt_free_exp4_num_147986,E:\Data (Drive)\IUH\DL\GK\surface-defect-detection\data\images\test\mt_free_exp4_num_147986.png,False,0,593,235
test,mt_free_exp4_num_246354,E:\Data (Drive)\IUH\DL\GK\surface-defect-detection\data\images\test\mt_free_exp4_num_246354.png,False,0,219,272
test,mt_free_exp4_num_255718,E:\Data (Drive)\IUH\DL\GK\surface-defect-detection\data\images\test\mt_free_exp4_num_255718.png,False,0,260,353
test,mt_free_exp4_num_262687,E:\Data (Drive)\IUH\DL\GK\surface-defect-detection\data\images\test\mt_free_exp4_num_262687.png,False,0,271,382
test,mt_free_exp4_num_2657,E:\Data (Drive)\IUH\DL\GK\surface-defect-detection\data\images\test\mt_free_exp4_num_2657.png,False,0,122,285
test,mt_free_exp4_num_280258,E:\Data (Drive)\IUH\DL\GK\surface-defect-detection\data\images\test\mt_free_exp4_num_280258.png,False,0,243,356
test,mt_free_exp4_num_284889,E:\Data (Drive)\IUH\DL\GK\surface-defect-detection\data\images\test\mt_free_exp4_num_284889.png,False,0,245,354
test,mt_free_exp4_num_299772,E:\Data (Drive)\IUH\DL\GK\surface-defect-detection\data\images\test\mt_free_exp4_num_299772.png,False,0,207,269
test,mt_free_exp4_num_309692,E:\Data (Drive)\IUH\DL\GK\surface-defect-detection\data\images\test\mt_free_exp4_num_309692.png,False,0,218,270
test,mt_free_exp4_num_317937,E:\Data (Drive)\IUH\DL\GK\surface-defect-detection\data\images\test\mt_free_exp4_num_317937.png,False,0,344,360
test,mt_free_exp4_num_320843,E:\Data (Drive)\IUH\DL\GK\surface-defect-detection\data\images\test\mt_free_exp4_num_320843.png,False,0,357,361
test,mt_free_exp4_num_332730,E:\Data (Drive)\IUH\DL\GK\surface-defect-detection\data\images\test\mt_free_exp4_num_332730.png,False,0,311,348
test,mt_free_exp4_num_358985,E:\Data (Drive)\IUH\DL\GK\surface-defect-detection\data\images\test\mt_free_exp4_num_358985.png,False,0,493,366
test,mt_free_exp4_num_38041,E:\Data (Drive)\IUH\DL\GK\surface-defect-detection\data\images\test\mt_free_exp4_num_38041.png,False,0,524,320
test,mt_free_exp4_num_68413,E:\Data (Drive)\IUH\DL\GK\surface-defect-detection\data\images\test\mt_free_exp4_num_68413.png,False,0,131,286
test,mt_free_exp4_num_75132,E:\Data (Drive)\IUH\DL\GK\surface-defect-detection\data\images\test\mt_free_exp4_num_75132.png,False,0,599,260
test,mt_free_exp5_num_106221,E:\Data (Drive)\IUH\DL\GK\surface-defect-detection\data\images\test\mt_free_exp5_num_106221.png,False,0,241,355
test,mt_free_exp5_num_106824,E:\Data (Drive)\IUH\DL\GK\surface-defect-detection\data\images\test\mt_free_exp5_num_106824.png,False,0,255,349
test,mt_free_exp5_num_127703,E:\Data (Drive)\IUH\DL\GK\surface-defect-detection\data\images\test\mt_free_exp5_num_127703.png,False,0,306,344
test,mt_free_exp5_num_183254,E:\Data (Drive)\IUH\DL\GK\surface-defect-detection\data\images\test\mt_free_exp5_num_183254.png,False,0,195,323
test,mt_free_exp5_num_255775,E:\Data (Drive)\IUH\DL\GK\surface-defect-detection\data\images\test\mt_free_exp5_num_255775.png,False,0,258,363
test,mt_free_exp5_num_256354,E:\Data (Drive)\IUH\DL\GK\surface-defect-detection\data\images\test\mt_free_exp5_num_256354.png,False,0,265,375
test,mt_free_exp5_num_281007,E:\Data (Drive)\IUH\DL\GK\surface-defect-detection\data\images\test\mt_free_exp5_num_281007.png,False,0,247,369
test,mt_free_exp5_num_292160,E:\Data (Drive)\IUH\DL\GK\surface-defect-detection\data\images\test\mt_free_exp5_num_292160.png,False,0,303,339
test,mt_free_exp5_num_308863,E:\Data (Drive)\IUH\DL\GK\surface-defect-detection\data\images\test\mt_free_exp5_num_308863.png,False,0,363,370
test,mt_free_exp5_num_320520,E:\Data (Drive)\IUH\DL\GK\surface-defect-detection\data\images\test\mt_free_exp5_num_320520.png,False,0,363,369
test,mt_free_exp5_num_331983,E:\Data (Drive)\IUH\DL\GK\surface-defect-detection\data\images\test\mt_free_exp5_num_331983.png,False,0,370,358
test,mt_free_exp5_num_34157,E:\Data (Drive)\IUH\DL\GK\surface-defect-detection\data\images\test\mt_free_exp5_num_34157.png,False,0,519,324
test,mt_free_exp5_num_351488,E:\Data (Drive)\IUH\DL\GK\surface-defect-detection\data\images\test\mt_free_exp5_num_351488.png,False,0,518,363
test,mt_free_exp5_num_358999,E:\Data (Drive)\IUH\DL\GK\surface-defect-detection\data\images\test\mt_free_exp5_num_358999.png,False,0,480,370
test,mt_free_exp5_num_50443,E:\Data (Drive)\IUH\DL\GK\surface-defect-detection\data\images\test\mt_free_exp5_num_50443.png,False,0,530,318
test,mt_free_exp5_num_7935,E:\Data (Drive)\IUH\DL\GK\surface-defect-detection\data\images\test\mt_free_exp5_num_7935.png,False,0,124,287
test,mt_free_exp6_num_106244,E:\Data (Drive)\IUH\DL\GK\surface-defect-detection\data\images\test\mt_free_exp6_num_106244.png,False,0,251,362
test,mt_free_exp6_num_11357,E:\Data (Drive)\IUH\DL\GK\surface-defect-detection\data\images\test\mt_free_exp6_num_11357.png,False,0,486,377
test,mt_free_exp6_num_116352,E:\Data (Drive)\IUH\DL\GK\surface-defect-detection\data\images\test\mt_free_exp6_num_116352.png,False,0,604,261
test,mt_free_exp6_num_126419,E:\Data (Drive)\IUH\DL\GK\surface-defect-detection\data\images\test\mt_free_exp6_num_126419.png,False,0,310,340
test,mt_free_exp6_num_148035,E:\Data (Drive)\IUH\DL\GK\surface-defect-detection\data\images\test\mt_free_exp6_num_148035.png,False,0,597,240
test,mt_free_exp6_num_18258,E:\Data (Drive)\IUH\DL\GK\surface-defect-detection\data\images\test\mt_free_exp6_num_18258.png,False,0,519,334
test,mt_free_exp6_num_183290,E:\Data (Drive)\IUH\DL\GK\surface-defect-detection\data\images\test\mt_free_exp6_num_183290.png,False,0,194,320
test,mt_free_exp6_num_255822,E:\Data (Drive)\IUH\DL\GK\surface-defect-detection\data\images\test\mt_free_exp6_num_255822.png,False,0,256,379
test,mt_free_exp6_num_256392,E:\Data (Drive)\IUH\DL\GK\surface-defect-detection\data\images\test\mt_free_exp6_num_256392.png,False,0,269,385
test,mt_free_exp6_num_258043,E:\Data (Drive)\IUH\DL\GK\surface-defect-detection\data\images\test\mt_free_exp6_num_258043.png,False,0,255,351
test,mt_free_exp6_num_263900,E:\Data (Drive)\IUH\DL\GK\surface-defect-detection\data\images\test\mt_free_exp6_num_263900.png,False,0,263,370
test,mt_free_exp6_num_266375,E:\Data (Drive)\IUH\DL\GK\surface-defect-detection\data\images\test\mt_free_exp6_num_266375.png,False,0,210,255
test,mt_free_exp6_num_278659,E:\Data (Drive)\IUH\DL\GK\surface-defect-detection\data\images\test\mt_free_exp6_num_278659.png,False,0,256,362
test,mt_free_exp6_num_281048,E:\Data (Drive)\IUH\DL\GK\surface-defect-detection\data\images\test\mt_free_exp6_num_281048.png,False,0,237,364
test,mt_free_exp6_num_293354,E:\Data (Drive)\IUH\DL\GK\surface-defect-detection\data\images\test\mt_free_exp6_num_293354.png,False,0,303,325
test,mt_free_exp6_num_38098,E:\Data (Drive)\IUH\DL\GK\surface-defect-detection\data\images\test\mt_free_exp6_num_38098.png,False,0,527,314
test,mt_free_exp6_num_43955,E:\Data (Drive)\IUH\DL\GK\surface-defect-detection\data\images\test\mt_free_exp6_num_43955.png,False,0,525,336
test,mt_free_exp6_num_50468,E:\Data (Drive)\IUH\DL\GK\surface-defect-detection\data\images\test\mt_free_exp6_num_50468.png,False,0,525,310
test,mt_free_exp6_num_51154,E:\Data (Drive)\IUH\DL\GK\surface-defect-detection\data\images\test\mt_free_exp6_num_51154.png,False,0,532,320
test,mt_uneven_exp0_num_461,E:\Data (Drive)\IUH\DL\GK\surface-defect-detection\data\images\test\mt_uneven_exp0_num_461.png,True,1,121,289
test,mt_uneven_exp1_num_109232,E:\Data (Drive)\IUH\DL\GK\surface-defect-detection\data\images\test\mt_uneven_exp1_num_109232.png,True,1,593,261
test,mt_uneven_exp1_num_129031,E:\Data (Drive)\IUH\DL\GK\surface-defect-detection\data\images\test\mt_uneven_exp1_num_129031.png,True,1,244,340
test,mt_uneven_exp1_num_28341,E:\Data (Drive)\IUH\DL\GK\surface-defect-detection\data\images\test\mt_uneven_exp1_num_28341.png,True,1,522,333
test,mt_uneven_exp1_num_313478,E:\Data (Drive)\IUH\DL\GK\surface-defect-detection\data\images\test\mt_uneven_exp1_num_313478.png,True,1,257,350
test,mt_uneven_exp1_num_352479,E:\Data (Drive)\IUH\DL\GK\surface-defect-detection\data\images\test\mt_uneven_exp1_num_352479.png,True,3,508,376
test,mt_uneven_exp2_num_172267,E:\Data (Drive)\IUH\DL\GK\surface-defect-detection\data\images\test\mt_uneven_exp2_num_172267.png,True,1,181,325
test,mt_uneven_exp2_num_274120,E:\Data (Drive)\IUH\DL\GK\surface-defect-detection\data\images\test\mt_uneven_exp2_num_274120.png,True,1,220,277
test,mt_uneven_exp2_num_542,E:\Data (Drive)\IUH\DL\GK\surface-defect-detection\data\images\test\mt_uneven_exp2_num_542.png,True,1,119,294
test,mt_uneven_exp3_num_129069,E:\Data (Drive)\IUH\DL\GK\surface-defect-detection\data\images\test\mt_uneven_exp3_num_129069.png,True,1,267,377
test,mt_uneven_exp3_num_311847,E:\Data (Drive)\IUH\DL\GK\surface-defect-detection\data\images\test\mt_uneven_exp3_num_311847.png,True,1,225,282
test,mt_uneven_exp4_num_155384,E:\Data (Drive)\IUH\DL\GK\surface-defect-detection\data\images\test\mt_uneven_exp4_num_155384.png,True,1,186,303
test,mt_uneven_exp4_num_24843,E:\Data (Drive)\IUH\DL\GK\surface-defect-detection\data\images\test\mt_uneven_exp4_num_24843.png,True,1,517,334
test,mt_uneven_exp4_num_311863,E:\Data (Drive)\IUH\DL\GK\surface-defect-detection\data\images\test\mt_uneven_exp4_num_311863.png,True,1,218,279
test,mt_uneven_exp4_num_45057,E:\Data (Drive)\IUH\DL\GK\surface-defect-detection\data\images\test\mt_uneven_exp4_num_45057.png,False,0,508,312
test,mt_uneven_exp6_num_187011,E:\Data (Drive)\IUH\DL\GK\surface-defect-detection\data\images\test\mt_uneven_exp6_num_187011.png,True,1,194,319
test,mt_uneven_exp6_num_33541,E:\Data (Drive)\IUH\DL\GK\surface-defect-detection\data\images\test\mt_uneven_exp6_num_33541.png,True,1,516,315
test,mt_uneven_exp6_num_45116,E:\Data (Drive)\IUH\DL\GK\surface-defect-detection\data\images\test\mt_uneven_exp6_num_45116.png,True,1,502,319
